0.000000000000000000e+00 0.000000000000000000e+00
1.220703124999999861e-01 0.000000000000000000e+00
2.441406249999999722e-01 0.000000000000000000e+00
3.662109374999999445e-01 0.000000000000000000e+00
4.882812499999999445e-01 0.000000000000000000e+00
6.103515624999998890e-01 0.000000000000000000e+00
7.324218749999998890e-01 0.000000000000000000e+00
8.544921874999998890e-01 0.000000000000000000e+00
9.765624999999998890e-01 0.000000000000000000e+00
1.098632812499999778e+00 0.000000000000000000e+00
1.220703124999999778e+00 0.000000000000000000e+00
1.342773437499999778e+00 0.000000000000000000e+00
1.464843749999999778e+00 0.000000000000000000e+00
1.586914062499999778e+00 0.000000000000000000e+00
1.708984374999999778e+00 0.000000000000000000e+00
1.831054687499999778e+00 0.000000000000000000e+00
1.953124999999999778e+00 0.000000000000000000e+00
2.075195312499999556e+00 0.000000000000000000e+00
2.197265624999999556e+00 0.000000000000000000e+00
2.319335937499999556e+00 0.000000000000000000e+00
2.441406249999999556e+00 0.000000000000000000e+00
2.563476562499999556e+00 0.000000000000000000e+00
2.685546874999999556e+00 0.000000000000000000e+00
2.807617187499999556e+00 0.000000000000000000e+00
2.929687499999999556e+00 0.000000000000000000e+00
3.051757812499999556e+00 0.000000000000000000e+00
3.173828124999999556e+00 0.000000000000000000e+00
3.295898437499999556e+00 0.000000000000000000e+00
3.417968749999999556e+00 0.000000000000000000e+00
3.540039062499999556e+00 0.000000000000000000e+00
3.662109374999999556e+00 0.000000000000000000e+00
3.784179687499999556e+00 0.000000000000000000e+00
3.906249999999999556e+00 0.000000000000000000e+00
4.028320312499999112e+00 0.000000000000000000e+00
4.150390624999999112e+00 0.000000000000000000e+00
4.272460937499999112e+00 0.000000000000000000e+00
4.394531249999999112e+00 0.000000000000000000e+00
4.516601562499999112e+00 0.000000000000000000e+00
4.638671874999999112e+00 0.000000000000000000e+00
4.760742187499999112e+00 0.000000000000000000e+00
4.882812499999999112e+00 0.000000000000000000e+00
5.004882812499999112e+00 0.000000000000000000e+00
5.126953124999999112e+00 0.000000000000000000e+00
5.249023437499999112e+00 0.000000000000000000e+00
5.371093749999999112e+00 0.000000000000000000e+00
5.493164062499999112e+00 0.000000000000000000e+00
5.615234374999999112e+00 0.000000000000000000e+00
5.737304687499999112e+00 0.000000000000000000e+00
5.859374999999999112e+00 0.000000000000000000e+00
5.981445312499999112e+00 0.000000000000000000e+00
6.103515624999999112e+00 0.000000000000000000e+00
6.225585937499999112e+00 0.000000000000000000e+00
6.347656249999999112e+00 0.000000000000000000e+00
6.469726562499999112e+00 0.000000000000000000e+00
6.591796874999999112e+00 0.000000000000000000e+00
6.713867187499999112e+00 0.000000000000000000e+00
6.835937499999999112e+00 0.000000000000000000e+00
6.958007812499999112e+00 0.000000000000000000e+00
7.080078124999999112e+00 0.000000000000000000e+00
7.202148437499999112e+00 0.000000000000000000e+00
7.324218749999999112e+00 0.000000000000000000e+00
7.446289062499999112e+00 0.000000000000000000e+00
7.568359374999999112e+00 0.000000000000000000e+00
7.690429687499999112e+00 0.000000000000000000e+00
7.812499999999999112e+00 0.000000000000000000e+00
7.934570312499999112e+00 0.000000000000000000e+00
8.056640624999998224e+00 0.000000000000000000e+00
8.178710937499998224e+00 0.000000000000000000e+00
8.300781249999998224e+00 0.000000000000000000e+00
8.422851562499998224e+00 0.000000000000000000e+00
8.544921874999998224e+00 0.000000000000000000e+00
8.666992187499998224e+00 0.000000000000000000e+00
8.789062499999998224e+00 0.000000000000000000e+00
8.911132812499998224e+00 0.000000000000000000e+00
9.033203124999998224e+00 0.000000000000000000e+00
9.155273437499998224e+00 0.000000000000000000e+00
9.277343749999998224e+00 0.000000000000000000e+00
9.399414062499998224e+00 0.000000000000000000e+00
9.521484374999998224e+00 0.000000000000000000e+00
9.643554687499998224e+00 0.000000000000000000e+00
9.765624999999998224e+00 0.000000000000000000e+00
9.887695312499998224e+00 0.000000000000000000e+00
1.000976562499999822e+01 0.000000000000000000e+00
1.013183593749999822e+01 0.000000000000000000e+00
1.025390624999999822e+01 0.000000000000000000e+00
1.037597656249999822e+01 0.000000000000000000e+00
1.049804687499999822e+01 0.000000000000000000e+00
1.062011718749999822e+01 0.000000000000000000e+00
1.074218749999999822e+01 0.000000000000000000e+00
1.086425781249999822e+01 0.000000000000000000e+00
1.098632812499999822e+01 0.000000000000000000e+00
1.110839843749999822e+01 0.000000000000000000e+00
1.123046874999999822e+01 0.000000000000000000e+00
1.135253906249999822e+01 0.000000000000000000e+00
1.147460937499999822e+01 0.000000000000000000e+00
1.159667968749999822e+01 0.000000000000000000e+00
1.171874999999999822e+01 0.000000000000000000e+00
1.184082031249999822e+01 0.000000000000000000e+00
1.196289062499999822e+01 0.000000000000000000e+00
1.208496093749999822e+01 0.000000000000000000e+00
1.220703124999999822e+01 0.000000000000000000e+00
1.232910156249999822e+01 0.000000000000000000e+00
1.245117187499999822e+01 0.000000000000000000e+00
1.257324218749999822e+01 0.000000000000000000e+00
1.269531249999999822e+01 0.000000000000000000e+00
1.281738281249999822e+01 0.000000000000000000e+00
1.293945312499999822e+01 0.000000000000000000e+00
1.306152343749999822e+01 0.000000000000000000e+00
1.318359374999999822e+01 0.000000000000000000e+00
1.330566406249999822e+01 0.000000000000000000e+00
1.342773437499999822e+01 0.000000000000000000e+00
1.354980468749999822e+01 0.000000000000000000e+00
1.367187499999999822e+01 0.000000000000000000e+00
1.379394531249999822e+01 0.000000000000000000e+00
1.391601562499999822e+01 0.000000000000000000e+00
1.403808593749999822e+01 0.000000000000000000e+00
1.416015624999999822e+01 0.000000000000000000e+00
1.428222656249999822e+01 0.000000000000000000e+00
1.440429687499999822e+01 0.000000000000000000e+00
1.452636718749999822e+01 0.000000000000000000e+00
1.464843749999999822e+01 0.000000000000000000e+00
1.477050781249999822e+01 0.000000000000000000e+00
1.489257812499999822e+01 0.000000000000000000e+00
1.501464843749999822e+01 0.000000000000000000e+00
1.513671874999999822e+01 0.000000000000000000e+00
1.525878906249999822e+01 0.000000000000000000e+00
1.538085937499999822e+01 0.000000000000000000e+00
1.550292968749999822e+01 0.000000000000000000e+00
1.562499999999999822e+01 0.000000000000000000e+00
1.574707031249999822e+01 0.000000000000000000e+00
1.586914062499999822e+01 0.000000000000000000e+00
1.599121093749999822e+01 0.000000000000000000e+00
1.611328124999999645e+01 0.000000000000000000e+00
1.623535156249999645e+01 0.000000000000000000e+00
1.635742187499999645e+01 0.000000000000000000e+00
1.647949218749999645e+01 0.000000000000000000e+00
1.660156249999999645e+01 0.000000000000000000e+00
1.672363281249999645e+01 0.000000000000000000e+00
1.684570312499999645e+01 0.000000000000000000e+00
1.696777343749999645e+01 0.000000000000000000e+00
1.708984374999999645e+01 0.000000000000000000e+00
1.721191406249999645e+01 0.000000000000000000e+00
1.733398437499999645e+01 0.000000000000000000e+00
1.745605468749999645e+01 0.000000000000000000e+00
1.757812499999999645e+01 0.000000000000000000e+00
1.770019531249999645e+01 0.000000000000000000e+00
1.782226562499999645e+01 0.000000000000000000e+00
1.794433593749999645e+01 0.000000000000000000e+00
1.806640624999999645e+01 0.000000000000000000e+00
1.818847656249999645e+01 0.000000000000000000e+00
1.831054687499999645e+01 0.000000000000000000e+00
1.843261718749999645e+01 0.000000000000000000e+00
1.855468749999999645e+01 0.000000000000000000e+00
1.867675781249999645e+01 0.000000000000000000e+00
1.879882812499999645e+01 0.000000000000000000e+00
1.892089843749999645e+01 0.000000000000000000e+00
1.904296874999999645e+01 0.000000000000000000e+00
1.916503906249999645e+01 0.000000000000000000e+00
1.928710937499999645e+01 0.000000000000000000e+00
1.940917968749999645e+01 0.000000000000000000e+00
1.953124999999999645e+01 0.000000000000000000e+00
1.965332031249999645e+01 0.000000000000000000e+00
1.977539062499999645e+01 0.000000000000000000e+00
1.989746093749999645e+01 0.000000000000000000e+00
2.001953124999999645e+01 0.000000000000000000e+00
2.014160156249999645e+01 0.000000000000000000e+00
2.026367187499999645e+01 0.000000000000000000e+00
2.038574218749999645e+01 0.000000000000000000e+00
2.050781249999999645e+01 0.000000000000000000e+00
2.062988281249999645e+01 0.000000000000000000e+00
2.075195312499999645e+01 0.000000000000000000e+00
2.087402343749999645e+01 0.000000000000000000e+00
2.099609374999999645e+01 0.000000000000000000e+00
2.111816406249999645e+01 0.000000000000000000e+00
2.124023437499999645e+01 0.000000000000000000e+00
2.136230468749999645e+01 0.000000000000000000e+00
2.148437499999999645e+01 0.000000000000000000e+00
2.160644531249999645e+01 0.000000000000000000e+00
2.172851562499999645e+01 0.000000000000000000e+00
2.185058593749999645e+01 0.000000000000000000e+00
2.197265624999999645e+01 0.000000000000000000e+00
2.209472656249999645e+01 0.000000000000000000e+00
2.221679687499999645e+01 0.000000000000000000e+00
2.233886718749999645e+01 0.000000000000000000e+00
2.246093749999999645e+01 0.000000000000000000e+00
2.258300781249999645e+01 0.000000000000000000e+00
2.270507812499999645e+01 0.000000000000000000e+00
2.282714843749999645e+01 0.000000000000000000e+00
2.294921874999999645e+01 0.000000000000000000e+00
2.307128906249999645e+01 0.000000000000000000e+00
2.319335937499999645e+01 0.000000000000000000e+00
2.331542968749999645e+01 0.000000000000000000e+00
2.343749999999999645e+01 0.000000000000000000e+00
2.355957031249999645e+01 0.000000000000000000e+00
2.368164062499999645e+01 0.000000000000000000e+00
2.380371093749999645e+01 0.000000000000000000e+00
2.392578124999999645e+01 0.000000000000000000e+00
2.404785156249999645e+01 0.000000000000000000e+00
2.416992187499999645e+01 0.000000000000000000e+00
2.429199218749999645e+01 0.000000000000000000e+00
2.441406249999999645e+01 0.000000000000000000e+00
2.453613281249999645e+01 0.000000000000000000e+00
2.465820312499999645e+01 0.000000000000000000e+00
2.478027343749999645e+01 0.000000000000000000e+00
2.490234374999999645e+01 0.000000000000000000e+00
2.502441406249999645e+01 0.000000000000000000e+00
2.514648437499999645e+01 0.000000000000000000e+00
2.526855468749999645e+01 0.000000000000000000e+00
2.539062499999999645e+01 0.000000000000000000e+00
2.551269531249999645e+01 0.000000000000000000e+00
2.563476562499999645e+01 0.000000000000000000e+00
2.575683593749999645e+01 0.000000000000000000e+00
2.587890624999999645e+01 0.000000000000000000e+00
2.600097656249999645e+01 0.000000000000000000e+00
2.612304687499999645e+01 0.000000000000000000e+00
2.624511718749999645e+01 0.000000000000000000e+00
2.636718749999999645e+01 0.000000000000000000e+00
2.648925781249999645e+01 0.000000000000000000e+00
2.661132812499999645e+01 0.000000000000000000e+00
2.673339843749999645e+01 0.000000000000000000e+00
2.685546874999999645e+01 0.000000000000000000e+00
2.697753906249999645e+01 0.000000000000000000e+00
2.709960937499999645e+01 0.000000000000000000e+00
2.722167968749999645e+01 0.000000000000000000e+00
2.734374999999999645e+01 0.000000000000000000e+00
2.746582031249999645e+01 0.000000000000000000e+00
2.758789062499999645e+01 0.000000000000000000e+00
2.770996093749999645e+01 0.000000000000000000e+00
2.783203124999999645e+01 0.000000000000000000e+00
2.795410156249999645e+01 0.000000000000000000e+00
2.807617187499999645e+01 0.000000000000000000e+00
2.819824218749999645e+01 0.000000000000000000e+00
2.832031249999999645e+01 0.000000000000000000e+00
2.844238281249999645e+01 0.000000000000000000e+00
2.856445312499999645e+01 0.000000000000000000e+00
2.868652343749999645e+01 0.000000000000000000e+00
2.880859374999999645e+01 0.000000000000000000e+00
2.893066406249999645e+01 0.000000000000000000e+00
2.905273437499999645e+01 0.000000000000000000e+00
2.917480468749999645e+01 0.000000000000000000e+00
2.929687499999999645e+01 0.000000000000000000e+00
2.941894531249999645e+01 0.000000000000000000e+00
2.954101562499999645e+01 0.000000000000000000e+00
2.966308593749999645e+01 0.000000000000000000e+00
2.978515624999999645e+01 0.000000000000000000e+00
2.990722656249999645e+01 0.000000000000000000e+00
3.002929687499999645e+01 0.000000000000000000e+00
3.015136718749999645e+01 0.000000000000000000e+00
3.027343749999999645e+01 0.000000000000000000e+00
3.039550781249999645e+01 0.000000000000000000e+00
3.051757812499999645e+01 0.000000000000000000e+00
3.063964843749999645e+01 0.000000000000000000e+00
3.076171874999999645e+01 0.000000000000000000e+00
3.088378906249999645e+01 0.000000000000000000e+00
3.100585937499999645e+01 0.000000000000000000e+00
3.112792968749999645e+01 0.000000000000000000e+00
3.124999999999999645e+01 0.000000000000000000e+00
3.137207031249999645e+01 0.000000000000000000e+00
3.149414062499999645e+01 0.000000000000000000e+00
3.161621093749999645e+01 0.000000000000000000e+00
3.173828124999999645e+01 0.000000000000000000e+00
3.186035156249999645e+01 0.000000000000000000e+00
3.198242187499999645e+01 0.000000000000000000e+00
3.210449218749999289e+01 0.000000000000000000e+00
3.222656249999999289e+01 0.000000000000000000e+00
3.234863281249999289e+01 0.000000000000000000e+00
3.247070312499999289e+01 0.000000000000000000e+00
3.259277343749999289e+01 0.000000000000000000e+00
3.271484374999999289e+01 0.000000000000000000e+00
3.283691406249999289e+01 0.000000000000000000e+00
3.295898437499999289e+01 0.000000000000000000e+00
3.308105468749999289e+01 0.000000000000000000e+00
3.320312499999999289e+01 0.000000000000000000e+00
3.332519531249999289e+01 0.000000000000000000e+00
3.344726562499999289e+01 0.000000000000000000e+00
3.356933593749999289e+01 0.000000000000000000e+00
3.369140624999999289e+01 0.000000000000000000e+00
3.381347656249999289e+01 0.000000000000000000e+00
3.393554687499999289e+01 0.000000000000000000e+00
3.405761718749999289e+01 0.000000000000000000e+00
3.417968749999999289e+01 0.000000000000000000e+00
3.430175781249999289e+01 0.000000000000000000e+00
3.442382812499999289e+01 0.000000000000000000e+00
3.454589843749999289e+01 0.000000000000000000e+00
3.466796874999999289e+01 0.000000000000000000e+00
3.479003906249999289e+01 0.000000000000000000e+00
3.491210937499999289e+01 0.000000000000000000e+00
3.503417968749999289e+01 0.000000000000000000e+00
3.515624999999999289e+01 0.000000000000000000e+00
3.527832031249999289e+01 0.000000000000000000e+00
3.540039062499999289e+01 0.000000000000000000e+00
3.552246093749999289e+01 0.000000000000000000e+00
3.564453124999999289e+01 0.000000000000000000e+00
3.576660156249999289e+01 0.000000000000000000e+00
3.588867187499999289e+01 0.000000000000000000e+00
3.601074218749999289e+01 0.000000000000000000e+00
3.613281249999999289e+01 0.000000000000000000e+00
3.625488281249999289e+01 0.000000000000000000e+00
3.637695312499999289e+01 0.000000000000000000e+00
3.649902343749999289e+01 0.000000000000000000e+00
3.662109374999999289e+01 0.000000000000000000e+00
3.674316406249999289e+01 0.000000000000000000e+00
3.686523437499999289e+01 0.000000000000000000e+00
3.698730468749999289e+01 0.000000000000000000e+00
3.710937499999999289e+01 0.000000000000000000e+00
3.723144531249999289e+01 0.000000000000000000e+00
3.735351562499999289e+01 0.000000000000000000e+00
3.747558593749999289e+01 0.000000000000000000e+00
3.759765624999999289e+01 0.000000000000000000e+00
3.771972656249999289e+01 0.000000000000000000e+00
3.784179687499999289e+01 0.000000000000000000e+00
3.796386718749999289e+01 0.000000000000000000e+00
3.808593749999999289e+01 0.000000000000000000e+00
3.820800781249999289e+01 0.000000000000000000e+00
3.833007812499999289e+01 0.000000000000000000e+00
3.845214843749999289e+01 0.000000000000000000e+00
3.857421874999999289e+01 0.000000000000000000e+00
3.869628906249999289e+01 0.000000000000000000e+00
3.881835937499999289e+01 0.000000000000000000e+00
3.894042968749999289e+01 0.000000000000000000e+00
3.906249999999999289e+01 0.000000000000000000e+00
3.918457031249999289e+01 0.000000000000000000e+00
3.930664062499999289e+01 0.000000000000000000e+00
3.942871093749999289e+01 0.000000000000000000e+00
3.955078124999999289e+01 0.000000000000000000e+00
3.967285156249999289e+01 0.000000000000000000e+00
3.979492187499999289e+01 0.000000000000000000e+00
3.991699218749999289e+01 0.000000000000000000e+00
4.003906249999999289e+01 0.000000000000000000e+00
4.016113281249999289e+01 0.000000000000000000e+00
4.028320312499999289e+01 0.000000000000000000e+00
4.040527343749999289e+01 0.000000000000000000e+00
4.052734374999999289e+01 0.000000000000000000e+00
4.064941406249999289e+01 0.000000000000000000e+00
4.077148437499999289e+01 0.000000000000000000e+00
4.089355468749999289e+01 0.000000000000000000e+00
4.101562499999999289e+01 0.000000000000000000e+00
4.113769531249999289e+01 0.000000000000000000e+00
4.125976562499999289e+01 0.000000000000000000e+00
4.138183593749999289e+01 0.000000000000000000e+00
4.150390624999999289e+01 0.000000000000000000e+00
4.162597656249999289e+01 0.000000000000000000e+00
4.174804687499999289e+01 0.000000000000000000e+00
4.187011718749999289e+01 0.000000000000000000e+00
4.199218749999999289e+01 0.000000000000000000e+00
4.211425781249999289e+01 0.000000000000000000e+00
4.223632812499999289e+01 0.000000000000000000e+00
4.235839843749999289e+01 0.000000000000000000e+00
4.248046874999999289e+01 0.000000000000000000e+00
4.260253906249999289e+01 0.000000000000000000e+00
4.272460937499999289e+01 0.000000000000000000e+00
4.284667968749999289e+01 0.000000000000000000e+00
4.296874999999999289e+01 0.000000000000000000e+00
4.309082031249999289e+01 0.000000000000000000e+00
4.321289062499999289e+01 0.000000000000000000e+00
4.333496093749999289e+01 0.000000000000000000e+00
4.345703124999999289e+01 0.000000000000000000e+00
4.357910156249999289e+01 0.000000000000000000e+00
4.370117187499999289e+01 0.000000000000000000e+00
4.382324218749999289e+01 0.000000000000000000e+00
4.394531249999999289e+01 0.000000000000000000e+00
4.406738281249999289e+01 0.000000000000000000e+00
4.418945312499999289e+01 0.000000000000000000e+00
4.431152343749999289e+01 0.000000000000000000e+00
4.443359374999999289e+01 0.000000000000000000e+00
4.455566406249999289e+01 0.000000000000000000e+00
4.467773437499999289e+01 0.000000000000000000e+00
4.479980468749999289e+01 0.000000000000000000e+00
4.492187499999999289e+01 0.000000000000000000e+00
4.504394531249999289e+01 0.000000000000000000e+00
4.516601562499999289e+01 0.000000000000000000e+00
4.528808593749999289e+01 0.000000000000000000e+00
4.541015624999999289e+01 0.000000000000000000e+00
4.553222656249999289e+01 0.000000000000000000e+00
4.565429687499999289e+01 0.000000000000000000e+00
4.577636718749999289e+01 0.000000000000000000e+00
4.589843749999999289e+01 0.000000000000000000e+00
4.602050781249999289e+01 0.000000000000000000e+00
4.614257812499999289e+01 0.000000000000000000e+00
4.626464843749999289e+01 0.000000000000000000e+00
4.638671874999999289e+01 0.000000000000000000e+00
4.650878906249999289e+01 0.000000000000000000e+00
4.663085937499999289e+01 0.000000000000000000e+00
4.675292968749999289e+01 0.000000000000000000e+00
4.687499999999999289e+01 0.000000000000000000e+00
4.699707031249999289e+01 0.000000000000000000e+00
4.711914062499999289e+01 0.000000000000000000e+00
4.724121093749999289e+01 0.000000000000000000e+00
4.736328124999999289e+01 0.000000000000000000e+00
4.748535156249999289e+01 0.000000000000000000e+00
4.760742187499999289e+01 0.000000000000000000e+00
4.772949218749999289e+01 0.000000000000000000e+00
4.785156249999999289e+01 0.000000000000000000e+00
4.797363281249999289e+01 0.000000000000000000e+00
4.809570312499999289e+01 0.000000000000000000e+00
4.821777343749999289e+01 0.000000000000000000e+00
4.833984374999999289e+01 0.000000000000000000e+00
4.846191406249999289e+01 0.000000000000000000e+00
4.858398437499999289e+01 0.000000000000000000e+00
4.870605468749999289e+01 0.000000000000000000e+00
4.882812499999999289e+01 0.000000000000000000e+00
4.895019531249999289e+01 0.000000000000000000e+00
4.907226562499999289e+01 0.000000000000000000e+00
4.919433593749999289e+01 0.000000000000000000e+00
4.931640624999999289e+01 0.000000000000000000e+00
4.943847656249999289e+01 0.000000000000000000e+00
4.956054687499999289e+01 0.000000000000000000e+00
4.968261718749999289e+01 0.000000000000000000e+00
4.980468749999999289e+01 0.000000000000000000e+00
4.992675781249999289e+01 0.000000000000000000e+00
5.004882812499999289e+01 0.000000000000000000e+00
5.017089843749999289e+01 0.000000000000000000e+00
5.029296874999999289e+01 0.000000000000000000e+00
5.041503906249999289e+01 0.000000000000000000e+00
5.053710937499999289e+01 0.000000000000000000e+00
5.065917968749999289e+01 0.000000000000000000e+00
5.078124999999999289e+01 0.000000000000000000e+00
5.090332031249999289e+01 0.000000000000000000e+00
5.102539062499999289e+01 0.000000000000000000e+00
5.114746093749999289e+01 0.000000000000000000e+00
5.126953124999999289e+01 0.000000000000000000e+00
5.139160156249999289e+01 0.000000000000000000e+00
5.151367187499999289e+01 0.000000000000000000e+00
5.163574218749999289e+01 0.000000000000000000e+00
5.175781249999999289e+01 0.000000000000000000e+00
5.187988281249999289e+01 0.000000000000000000e+00
5.200195312499999289e+01 0.000000000000000000e+00
5.212402343749999289e+01 0.000000000000000000e+00
5.224609374999999289e+01 0.000000000000000000e+00
5.236816406249999289e+01 0.000000000000000000e+00
5.249023437499999289e+01 0.000000000000000000e+00
5.261230468749999289e+01 0.000000000000000000e+00
5.273437499999999289e+01 0.000000000000000000e+00
5.285644531249999289e+01 0.000000000000000000e+00
5.297851562499999289e+01 0.000000000000000000e+00
5.310058593749999289e+01 0.000000000000000000e+00
5.322265624999999289e+01 0.000000000000000000e+00
5.334472656249999289e+01 0.000000000000000000e+00
5.346679687499999289e+01 0.000000000000000000e+00
5.358886718749999289e+01 0.000000000000000000e+00
5.371093749999999289e+01 0.000000000000000000e+00
5.383300781249999289e+01 0.000000000000000000e+00
5.395507812499999289e+01 0.000000000000000000e+00
5.407714843749999289e+01 0.000000000000000000e+00
5.419921874999999289e+01 0.000000000000000000e+00
5.432128906249999289e+01 0.000000000000000000e+00
5.444335937499999289e+01 0.000000000000000000e+00
5.456542968749999289e+01 0.000000000000000000e+00
5.468749999999999289e+01 0.000000000000000000e+00
5.480957031249999289e+01 0.000000000000000000e+00
5.493164062499999289e+01 0.000000000000000000e+00
5.505371093749999289e+01 0.000000000000000000e+00
5.517578124999999289e+01 0.000000000000000000e+00
5.529785156249999289e+01 0.000000000000000000e+00
5.541992187499999289e+01 0.000000000000000000e+00
5.554199218749999289e+01 0.000000000000000000e+00
5.566406249999999289e+01 0.000000000000000000e+00
5.578613281249999289e+01 0.000000000000000000e+00
5.590820312499999289e+01 0.000000000000000000e+00
5.603027343749999289e+01 0.000000000000000000e+00
5.615234374999999289e+01 0.000000000000000000e+00
5.627441406249999289e+01 0.000000000000000000e+00
5.639648437499999289e+01 0.000000000000000000e+00
5.651855468749999289e+01 0.000000000000000000e+00
5.664062499999999289e+01 0.000000000000000000e+00
5.676269531249999289e+01 0.000000000000000000e+00
5.688476562499999289e+01 0.000000000000000000e+00
5.700683593749999289e+01 0.000000000000000000e+00
5.712890624999999289e+01 0.000000000000000000e+00
5.725097656249999289e+01 0.000000000000000000e+00
5.737304687499999289e+01 0.000000000000000000e+00
5.749511718749999289e+01 0.000000000000000000e+00
5.761718749999999289e+01 0.000000000000000000e+00
5.773925781249999289e+01 0.000000000000000000e+00
5.786132812499999289e+01 0.000000000000000000e+00
5.798339843749999289e+01 0.000000000000000000e+00
5.810546874999999289e+01 0.000000000000000000e+00
5.822753906249999289e+01 0.000000000000000000e+00
5.834960937499999289e+01 0.000000000000000000e+00
5.847167968749999289e+01 0.000000000000000000e+00
5.859374999999999289e+01 0.000000000000000000e+00
5.871582031249999289e+01 0.000000000000000000e+00
5.883789062499999289e+01 0.000000000000000000e+00
5.895996093749999289e+01 0.000000000000000000e+00
5.908203124999999289e+01 0.000000000000000000e+00
5.920410156249999289e+01 0.000000000000000000e+00
5.932617187499999289e+01 0.000000000000000000e+00
5.944824218749999289e+01 0.000000000000000000e+00
5.957031249999999289e+01 0.000000000000000000e+00
5.969238281249999289e+01 0.000000000000000000e+00
5.981445312499999289e+01 0.000000000000000000e+00
5.993652343749999289e+01 0.000000000000000000e+00
6.005859374999999289e+01 0.000000000000000000e+00
6.018066406249999289e+01 0.000000000000000000e+00
6.030273437499999289e+01 0.000000000000000000e+00
6.042480468749999289e+01 0.000000000000000000e+00
6.054687499999999289e+01 0.000000000000000000e+00
6.066894531249999289e+01 0.000000000000000000e+00
6.079101562499999289e+01 0.000000000000000000e+00
6.091308593749999289e+01 0.000000000000000000e+00
6.103515624999999289e+01 0.000000000000000000e+00
6.115722656249999289e+01 0.000000000000000000e+00
6.127929687499999289e+01 0.000000000000000000e+00
6.140136718749999289e+01 0.000000000000000000e+00
6.152343749999999289e+01 0.000000000000000000e+00
6.164550781249999289e+01 0.000000000000000000e+00
6.176757812499999289e+01 0.000000000000000000e+00
6.188964843749999289e+01 0.000000000000000000e+00
6.201171874999999289e+01 0.000000000000000000e+00
6.213378906249999289e+01 0.000000000000000000e+00
6.225585937499999289e+01 0.000000000000000000e+00
6.237792968749999289e+01 0.000000000000000000e+00
6.249999999999999289e+01 0.000000000000000000e+00
6.262207031249999289e+01 0.000000000000000000e+00
6.274414062499999289e+01 0.000000000000000000e+00
6.286621093749999289e+01 0.000000000000000000e+00
6.298828124999999289e+01 0.000000000000000000e+00
6.311035156249999289e+01 0.000000000000000000e+00
6.323242187499999289e+01 0.000000000000000000e+00
6.335449218749999289e+01 0.000000000000000000e+00
6.347656249999999289e+01 0.000000000000000000e+00
6.359863281249999289e+01 0.000000000000000000e+00
6.372070312499999289e+01 0.000000000000000000e+00
6.384277343749999289e+01 0.000000000000000000e+00
6.396484374999999289e+01 0.000000000000000000e+00
6.408691406249998579e+01 0.000000000000000000e+00
6.420898437499998579e+01 0.000000000000000000e+00
6.433105468749998579e+01 0.000000000000000000e+00
6.445312499999998579e+01 0.000000000000000000e+00
6.457519531249998579e+01 0.000000000000000000e+00
6.469726562499998579e+01 0.000000000000000000e+00
6.481933593749998579e+01 0.000000000000000000e+00
6.494140624999998579e+01 0.000000000000000000e+00
6.506347656249998579e+01 0.000000000000000000e+00
6.518554687499998579e+01 0.000000000000000000e+00
6.530761718749998579e+01 0.000000000000000000e+00
6.542968749999998579e+01 0.000000000000000000e+00
6.555175781249998579e+01 0.000000000000000000e+00
6.567382812499998579e+01 0.000000000000000000e+00
6.579589843749998579e+01 0.000000000000000000e+00
6.591796874999998579e+01 0.000000000000000000e+00
6.604003906249998579e+01 0.000000000000000000e+00
6.616210937499998579e+01 0.000000000000000000e+00
6.628417968749998579e+01 0.000000000000000000e+00
6.640624999999998579e+01 0.000000000000000000e+00
6.652832031249998579e+01 0.000000000000000000e+00
6.665039062499998579e+01 0.000000000000000000e+00
6.677246093749998579e+01 0.000000000000000000e+00
6.689453124999998579e+01 0.000000000000000000e+00
6.701660156249998579e+01 0.000000000000000000e+00
6.713867187499998579e+01 0.000000000000000000e+00
6.726074218749998579e+01 0.000000000000000000e+00
6.738281249999998579e+01 0.000000000000000000e+00
6.750488281249998579e+01 0.000000000000000000e+00
6.762695312499998579e+01 0.000000000000000000e+00
6.774902343749998579e+01 0.000000000000000000e+00
6.787109374999998579e+01 0.000000000000000000e+00
6.799316406249998579e+01 0.000000000000000000e+00
6.811523437499998579e+01 0.000000000000000000e+00
6.823730468749998579e+01 0.000000000000000000e+00
6.835937499999998579e+01 0.000000000000000000e+00
6.848144531249998579e+01 0.000000000000000000e+00
6.860351562499998579e+01 0.000000000000000000e+00
6.872558593749998579e+01 0.000000000000000000e+00
6.884765624999998579e+01 0.000000000000000000e+00
6.896972656249998579e+01 0.000000000000000000e+00
6.909179687499998579e+01 0.000000000000000000e+00
6.921386718749998579e+01 0.000000000000000000e+00
6.933593749999998579e+01 0.000000000000000000e+00
6.945800781249998579e+01 0.000000000000000000e+00
6.958007812499998579e+01 0.000000000000000000e+00
6.970214843749998579e+01 0.000000000000000000e+00
6.982421874999998579e+01 0.000000000000000000e+00
6.994628906249998579e+01 0.000000000000000000e+00
7.006835937499998579e+01 0.000000000000000000e+00
7.019042968749998579e+01 0.000000000000000000e+00
7.031249999999998579e+01 0.000000000000000000e+00
7.043457031249998579e+01 0.000000000000000000e+00
7.055664062499998579e+01 0.000000000000000000e+00
7.067871093749998579e+01 0.000000000000000000e+00
7.080078124999998579e+01 0.000000000000000000e+00
7.092285156249998579e+01 0.000000000000000000e+00
7.104492187499998579e+01 0.000000000000000000e+00
7.116699218749998579e+01 0.000000000000000000e+00
7.128906249999998579e+01 0.000000000000000000e+00
7.141113281249998579e+01 0.000000000000000000e+00
7.153320312499998579e+01 0.000000000000000000e+00
7.165527343749998579e+01 0.000000000000000000e+00
7.177734374999998579e+01 0.000000000000000000e+00
7.189941406249998579e+01 0.000000000000000000e+00
7.202148437499998579e+01 0.000000000000000000e+00
7.214355468749998579e+01 0.000000000000000000e+00
7.226562499999998579e+01 0.000000000000000000e+00
7.238769531249998579e+01 0.000000000000000000e+00
7.250976562499998579e+01 0.000000000000000000e+00
7.263183593749998579e+01 0.000000000000000000e+00
7.275390624999998579e+01 0.000000000000000000e+00
7.287597656249998579e+01 0.000000000000000000e+00
7.299804687499998579e+01 0.000000000000000000e+00
7.312011718749998579e+01 0.000000000000000000e+00
7.324218749999998579e+01 0.000000000000000000e+00
7.336425781249998579e+01 0.000000000000000000e+00
7.348632812499998579e+01 0.000000000000000000e+00
7.360839843749998579e+01 0.000000000000000000e+00
7.373046874999998579e+01 0.000000000000000000e+00
7.385253906249998579e+01 0.000000000000000000e+00
7.397460937499998579e+01 0.000000000000000000e+00
7.409667968749998579e+01 0.000000000000000000e+00
7.421874999999998579e+01 0.000000000000000000e+00
7.434082031249998579e+01 0.000000000000000000e+00
7.446289062499998579e+01 0.000000000000000000e+00
7.458496093749998579e+01 0.000000000000000000e+00
7.470703124999998579e+01 0.000000000000000000e+00
7.482910156249998579e+01 0.000000000000000000e+00
7.495117187499998579e+01 0.000000000000000000e+00
7.507324218749998579e+01 0.000000000000000000e+00
7.519531249999998579e+01 0.000000000000000000e+00
7.531738281249998579e+01 0.000000000000000000e+00
7.543945312499998579e+01 0.000000000000000000e+00
7.556152343749998579e+01 0.000000000000000000e+00
7.568359374999998579e+01 0.000000000000000000e+00
7.580566406249998579e+01 0.000000000000000000e+00
7.592773437499998579e+01 0.000000000000000000e+00
7.604980468749998579e+01 0.000000000000000000e+00
7.617187499999998579e+01 0.000000000000000000e+00
7.629394531249998579e+01 0.000000000000000000e+00
7.641601562499998579e+01 0.000000000000000000e+00
7.653808593749998579e+01 0.000000000000000000e+00
7.666015624999998579e+01 0.000000000000000000e+00
7.678222656249998579e+01 0.000000000000000000e+00
7.690429687499998579e+01 0.000000000000000000e+00
7.702636718749998579e+01 0.000000000000000000e+00
7.714843749999998579e+01 0.000000000000000000e+00
7.727050781249998579e+01 0.000000000000000000e+00
7.739257812499998579e+01 0.000000000000000000e+00
7.751464843749998579e+01 0.000000000000000000e+00
7.763671874999998579e+01 0.000000000000000000e+00
7.775878906249998579e+01 0.000000000000000000e+00
7.788085937499998579e+01 0.000000000000000000e+00
7.800292968749998579e+01 0.000000000000000000e+00
7.812499999999998579e+01 0.000000000000000000e+00
7.824707031249998579e+01 0.000000000000000000e+00
7.836914062499998579e+01 0.000000000000000000e+00
7.849121093749998579e+01 0.000000000000000000e+00
7.861328124999998579e+01 0.000000000000000000e+00
7.873535156249998579e+01 0.000000000000000000e+00
7.885742187499998579e+01 0.000000000000000000e+00
7.897949218749998579e+01 0.000000000000000000e+00
7.910156249999998579e+01 0.000000000000000000e+00
7.922363281249998579e+01 0.000000000000000000e+00
7.934570312499998579e+01 0.000000000000000000e+00
7.946777343749998579e+01 0.000000000000000000e+00
7.958984374999998579e+01 0.000000000000000000e+00
7.971191406249998579e+01 0.000000000000000000e+00
7.983398437499998579e+01 0.000000000000000000e+00
7.995605468749998579e+01 0.000000000000000000e+00
8.007812499999998579e+01 0.000000000000000000e+00
8.020019531249998579e+01 0.000000000000000000e+00
8.032226562499998579e+01 0.000000000000000000e+00
8.044433593749998579e+01 0.000000000000000000e+00
8.056640624999998579e+01 0.000000000000000000e+00
8.068847656249998579e+01 0.000000000000000000e+00
8.081054687499998579e+01 0.000000000000000000e+00
8.093261718749998579e+01 0.000000000000000000e+00
8.105468749999998579e+01 0.000000000000000000e+00
8.117675781249998579e+01 0.000000000000000000e+00
8.129882812499998579e+01 0.000000000000000000e+00
8.142089843749998579e+01 0.000000000000000000e+00
8.154296874999998579e+01 0.000000000000000000e+00
8.166503906249998579e+01 0.000000000000000000e+00
8.178710937499998579e+01 0.000000000000000000e+00
8.190917968749998579e+01 0.000000000000000000e+00
8.203124999999998579e+01 0.000000000000000000e+00
8.215332031249998579e+01 0.000000000000000000e+00
8.227539062499998579e+01 0.000000000000000000e+00
8.239746093749998579e+01 0.000000000000000000e+00
8.251953124999998579e+01 0.000000000000000000e+00
8.264160156249998579e+01 0.000000000000000000e+00
8.276367187499998579e+01 0.000000000000000000e+00
8.288574218749998579e+01 0.000000000000000000e+00
8.300781249999998579e+01 0.000000000000000000e+00
8.312988281249998579e+01 0.000000000000000000e+00
8.325195312499998579e+01 0.000000000000000000e+00
8.337402343749998579e+01 0.000000000000000000e+00
8.349609374999998579e+01 0.000000000000000000e+00
8.361816406249998579e+01 0.000000000000000000e+00
8.374023437499998579e+01 0.000000000000000000e+00
8.386230468749998579e+01 0.000000000000000000e+00
8.398437499999998579e+01 0.000000000000000000e+00
8.410644531249998579e+01 0.000000000000000000e+00
8.422851562499998579e+01 0.000000000000000000e+00
8.435058593749998579e+01 0.000000000000000000e+00
8.447265624999998579e+01 0.000000000000000000e+00
8.459472656249998579e+01 0.000000000000000000e+00
8.471679687499998579e+01 0.000000000000000000e+00
8.483886718749998579e+01 0.000000000000000000e+00
8.496093749999998579e+01 0.000000000000000000e+00
8.508300781249998579e+01 0.000000000000000000e+00
8.520507812499998579e+01 0.000000000000000000e+00
8.532714843749998579e+01 0.000000000000000000e+00
8.544921874999998579e+01 0.000000000000000000e+00
8.557128906249998579e+01 0.000000000000000000e+00
8.569335937499998579e+01 0.000000000000000000e+00
8.581542968749998579e+01 0.000000000000000000e+00
8.593749999999998579e+01 0.000000000000000000e+00
8.605957031249998579e+01 0.000000000000000000e+00
8.618164062499998579e+01 0.000000000000000000e+00
8.630371093749998579e+01 0.000000000000000000e+00
8.642578124999998579e+01 0.000000000000000000e+00
8.654785156249998579e+01 0.000000000000000000e+00
8.666992187499998579e+01 0.000000000000000000e+00
8.679199218749998579e+01 0.000000000000000000e+00
8.691406249999998579e+01 0.000000000000000000e+00
8.703613281249998579e+01 0.000000000000000000e+00
8.715820312499998579e+01 0.000000000000000000e+00
8.728027343749998579e+01 0.000000000000000000e+00
8.740234374999998579e+01 0.000000000000000000e+00
8.752441406249998579e+01 0.000000000000000000e+00
8.764648437499998579e+01 0.000000000000000000e+00
8.776855468749998579e+01 0.000000000000000000e+00
8.789062499999998579e+01 0.000000000000000000e+00
8.801269531249998579e+01 0.000000000000000000e+00
8.813476562499998579e+01 0.000000000000000000e+00
8.825683593749998579e+01 0.000000000000000000e+00
8.837890624999998579e+01 0.000000000000000000e+00
8.850097656249998579e+01 0.000000000000000000e+00
8.862304687499998579e+01 0.000000000000000000e+00
8.874511718749998579e+01 0.000000000000000000e+00
8.886718749999998579e+01 0.000000000000000000e+00
8.898925781249998579e+01 0.000000000000000000e+00
8.911132812499998579e+01 0.000000000000000000e+00
8.923339843749998579e+01 0.000000000000000000e+00
8.935546874999998579e+01 0.000000000000000000e+00
8.947753906249998579e+01 0.000000000000000000e+00
8.959960937499998579e+01 0.000000000000000000e+00
8.972167968749998579e+01 0.000000000000000000e+00
8.984374999999998579e+01 0.000000000000000000e+00
8.996582031249998579e+01 0.000000000000000000e+00
9.008789062499998579e+01 0.000000000000000000e+00
9.020996093749998579e+01 0.000000000000000000e+00
9.033203124999998579e+01 0.000000000000000000e+00
9.045410156249998579e+01 0.000000000000000000e+00
9.057617187499998579e+01 0.000000000000000000e+00
9.069824218749998579e+01 0.000000000000000000e+00
9.082031249999998579e+01 0.000000000000000000e+00
9.094238281249998579e+01 0.000000000000000000e+00
9.106445312499998579e+01 0.000000000000000000e+00
9.118652343749998579e+01 0.000000000000000000e+00
9.130859374999998579e+01 0.000000000000000000e+00
9.143066406249998579e+01 0.000000000000000000e+00
9.155273437499998579e+01 0.000000000000000000e+00
9.167480468749998579e+01 0.000000000000000000e+00
9.179687499999998579e+01 0.000000000000000000e+00
9.191894531249998579e+01 0.000000000000000000e+00
9.204101562499998579e+01 0.000000000000000000e+00
9.216308593749998579e+01 0.000000000000000000e+00
9.228515624999998579e+01 0.000000000000000000e+00
9.240722656249998579e+01 0.000000000000000000e+00
9.252929687499998579e+01 0.000000000000000000e+00
9.265136718749998579e+01 0.000000000000000000e+00
9.277343749999998579e+01 0.000000000000000000e+00
9.289550781249998579e+01 0.000000000000000000e+00
9.301757812499998579e+01 0.000000000000000000e+00
9.313964843749998579e+01 0.000000000000000000e+00
9.326171874999998579e+01 0.000000000000000000e+00
9.338378906249998579e+01 0.000000000000000000e+00
9.350585937499998579e+01 0.000000000000000000e+00
9.362792968749998579e+01 0.000000000000000000e+00
9.374999999999998579e+01 0.000000000000000000e+00
9.387207031249998579e+01 0.000000000000000000e+00
9.399414062499998579e+01 0.000000000000000000e+00
9.411621093749998579e+01 0.000000000000000000e+00
9.423828124999998579e+01 0.000000000000000000e+00
9.436035156249998579e+01 0.000000000000000000e+00
9.448242187499998579e+01 0.000000000000000000e+00
9.460449218749998579e+01 0.000000000000000000e+00
9.472656249999998579e+01 0.000000000000000000e+00
9.484863281249998579e+01 0.000000000000000000e+00
9.497070312499998579e+01 0.000000000000000000e+00
9.509277343749998579e+01 0.000000000000000000e+00
9.521484374999998579e+01 0.000000000000000000e+00
9.533691406249998579e+01 0.000000000000000000e+00
9.545898437499998579e+01 0.000000000000000000e+00
9.558105468749998579e+01 0.000000000000000000e+00
9.570312499999998579e+01 0.000000000000000000e+00
9.582519531249998579e+01 0.000000000000000000e+00
9.594726562499998579e+01 0.000000000000000000e+00
9.606933593749998579e+01 0.000000000000000000e+00
9.619140624999998579e+01 0.000000000000000000e+00
9.631347656249998579e+01 0.000000000000000000e+00
9.643554687499998579e+01 0.000000000000000000e+00
9.655761718749998579e+01 0.000000000000000000e+00
9.667968749999998579e+01 0.000000000000000000e+00
9.680175781249998579e+01 0.000000000000000000e+00
9.692382812499998579e+01 0.000000000000000000e+00
9.704589843749998579e+01 0.000000000000000000e+00
9.716796874999998579e+01 0.000000000000000000e+00
9.729003906249998579e+01 0.000000000000000000e+00
9.741210937499998579e+01 0.000000000000000000e+00
9.753417968749998579e+01 0.000000000000000000e+00
9.765624999999998579e+01 0.000000000000000000e+00
9.777832031249998579e+01 0.000000000000000000e+00
9.790039062499998579e+01 0.000000000000000000e+00
9.802246093749998579e+01 0.000000000000000000e+00
9.814453124999998579e+01 0.000000000000000000e+00
9.826660156249998579e+01 0.000000000000000000e+00
9.838867187499998579e+01 0.000000000000000000e+00
9.851074218749998579e+01 0.000000000000000000e+00
9.863281249999998579e+01 0.000000000000000000e+00
9.875488281249998579e+01 0.000000000000000000e+00
9.887695312499998579e+01 0.000000000000000000e+00
9.899902343749998579e+01 0.000000000000000000e+00
9.912109374999998579e+01 0.000000000000000000e+00
9.924316406249998579e+01 0.000000000000000000e+00
9.936523437499998579e+01 0.000000000000000000e+00
9.948730468749998579e+01 0.000000000000000000e+00
9.960937499999998579e+01 0.000000000000000000e+00
9.973144531249998579e+01 0.000000000000000000e+00
9.985351562499998579e+01 0.000000000000000000e+00
9.997558593749998579e+01 0.000000000000000000e+00
1.000976562499999858e+02 0.000000000000000000e+00
1.002197265624999858e+02 0.000000000000000000e+00
1.003417968749999858e+02 0.000000000000000000e+00
1.004638671874999858e+02 0.000000000000000000e+00
1.005859374999999858e+02 0.000000000000000000e+00
1.007080078124999858e+02 0.000000000000000000e+00
1.008300781249999858e+02 0.000000000000000000e+00
1.009521484374999858e+02 0.000000000000000000e+00
1.010742187499999858e+02 0.000000000000000000e+00
1.011962890624999858e+02 0.000000000000000000e+00
1.013183593749999858e+02 0.000000000000000000e+00
1.014404296874999858e+02 0.000000000000000000e+00
1.015624999999999858e+02 0.000000000000000000e+00
1.016845703124999858e+02 0.000000000000000000e+00
1.018066406249999858e+02 0.000000000000000000e+00
1.019287109374999858e+02 0.000000000000000000e+00
1.020507812499999858e+02 0.000000000000000000e+00
1.021728515624999858e+02 0.000000000000000000e+00
1.022949218749999858e+02 0.000000000000000000e+00
1.024169921874999858e+02 0.000000000000000000e+00
1.025390624999999858e+02 0.000000000000000000e+00
1.026611328124999858e+02 0.000000000000000000e+00
1.027832031249999858e+02 0.000000000000000000e+00
1.029052734374999858e+02 0.000000000000000000e+00
1.030273437499999858e+02 0.000000000000000000e+00
1.031494140624999858e+02 0.000000000000000000e+00
1.032714843749999858e+02 0.000000000000000000e+00
1.033935546874999858e+02 0.000000000000000000e+00
1.035156249999999858e+02 0.000000000000000000e+00
1.036376953124999858e+02 0.000000000000000000e+00
1.037597656249999858e+02 0.000000000000000000e+00
1.038818359374999858e+02 0.000000000000000000e+00
1.040039062499999858e+02 0.000000000000000000e+00
1.041259765624999858e+02 0.000000000000000000e+00
1.042480468749999858e+02 0.000000000000000000e+00
1.043701171874999858e+02 0.000000000000000000e+00
1.044921874999999858e+02 0.000000000000000000e+00
1.046142578124999858e+02 0.000000000000000000e+00
1.047363281249999858e+02 0.000000000000000000e+00
1.048583984374999858e+02 0.000000000000000000e+00
1.049804687499999858e+02 0.000000000000000000e+00
1.051025390624999858e+02 0.000000000000000000e+00
1.052246093749999858e+02 0.000000000000000000e+00
1.053466796874999858e+02 0.000000000000000000e+00
1.054687499999999858e+02 0.000000000000000000e+00
1.055908203124999858e+02 0.000000000000000000e+00
1.057128906249999858e+02 0.000000000000000000e+00
1.058349609374999858e+02 0.000000000000000000e+00
1.059570312499999858e+02 0.000000000000000000e+00
1.060791015624999858e+02 0.000000000000000000e+00
1.062011718749999858e+02 0.000000000000000000e+00
1.063232421874999858e+02 0.000000000000000000e+00
1.064453124999999858e+02 0.000000000000000000e+00
1.065673828124999858e+02 0.000000000000000000e+00
1.066894531249999858e+02 0.000000000000000000e+00
1.068115234374999858e+02 0.000000000000000000e+00
1.069335937499999858e+02 0.000000000000000000e+00
1.070556640624999858e+02 0.000000000000000000e+00
1.071777343749999858e+02 0.000000000000000000e+00
1.072998046874999858e+02 0.000000000000000000e+00
1.074218749999999858e+02 0.000000000000000000e+00
1.075439453124999858e+02 0.000000000000000000e+00
1.076660156249999858e+02 0.000000000000000000e+00
1.077880859374999858e+02 0.000000000000000000e+00
1.079101562499999858e+02 0.000000000000000000e+00
1.080322265624999858e+02 0.000000000000000000e+00
1.081542968749999858e+02 0.000000000000000000e+00
1.082763671874999858e+02 0.000000000000000000e+00
1.083984374999999858e+02 0.000000000000000000e+00
1.085205078124999858e+02 0.000000000000000000e+00
1.086425781249999858e+02 0.000000000000000000e+00
1.087646484374999858e+02 0.000000000000000000e+00
1.088867187499999858e+02 0.000000000000000000e+00
1.090087890624999858e+02 0.000000000000000000e+00
1.091308593749999858e+02 0.000000000000000000e+00
1.092529296874999858e+02 0.000000000000000000e+00
1.093749999999999858e+02 0.000000000000000000e+00
1.094970703124999858e+02 0.000000000000000000e+00
1.096191406249999858e+02 0.000000000000000000e+00
1.097412109374999858e+02 0.000000000000000000e+00
1.098632812499999858e+02 0.000000000000000000e+00
1.099853515624999858e+02 0.000000000000000000e+00
1.101074218749999858e+02 0.000000000000000000e+00
1.102294921874999858e+02 0.000000000000000000e+00
1.103515624999999858e+02 0.000000000000000000e+00
1.104736328124999858e+02 0.000000000000000000e+00
1.105957031249999858e+02 0.000000000000000000e+00
1.107177734374999858e+02 0.000000000000000000e+00
1.108398437499999858e+02 0.000000000000000000e+00
1.109619140624999858e+02 0.000000000000000000e+00
1.110839843749999858e+02 0.000000000000000000e+00
1.112060546874999858e+02 0.000000000000000000e+00
1.113281249999999858e+02 0.000000000000000000e+00
1.114501953124999858e+02 0.000000000000000000e+00
1.115722656249999858e+02 0.000000000000000000e+00
1.116943359374999858e+02 0.000000000000000000e+00
1.118164062499999858e+02 0.000000000000000000e+00
1.119384765624999858e+02 0.000000000000000000e+00
1.120605468749999858e+02 0.000000000000000000e+00
1.121826171874999858e+02 0.000000000000000000e+00
1.123046874999999858e+02 0.000000000000000000e+00
1.124267578124999858e+02 0.000000000000000000e+00
1.125488281249999858e+02 0.000000000000000000e+00
1.126708984374999858e+02 0.000000000000000000e+00
1.127929687499999858e+02 0.000000000000000000e+00
1.129150390624999858e+02 0.000000000000000000e+00
1.130371093749999858e+02 0.000000000000000000e+00
1.131591796874999858e+02 0.000000000000000000e+00
1.132812499999999858e+02 0.000000000000000000e+00
1.134033203124999858e+02 0.000000000000000000e+00
1.135253906249999858e+02 0.000000000000000000e+00
1.136474609374999858e+02 0.000000000000000000e+00
1.137695312499999858e+02 0.000000000000000000e+00
1.138916015624999858e+02 0.000000000000000000e+00
1.140136718749999858e+02 0.000000000000000000e+00
1.141357421874999858e+02 0.000000000000000000e+00
1.142578124999999858e+02 0.000000000000000000e+00
1.143798828124999858e+02 0.000000000000000000e+00
1.145019531249999858e+02 0.000000000000000000e+00
1.146240234374999858e+02 0.000000000000000000e+00
1.147460937499999858e+02 0.000000000000000000e+00
1.148681640624999858e+02 0.000000000000000000e+00
1.149902343749999858e+02 0.000000000000000000e+00
1.151123046874999858e+02 0.000000000000000000e+00
1.152343749999999858e+02 0.000000000000000000e+00
1.153564453124999858e+02 0.000000000000000000e+00
1.154785156249999858e+02 0.000000000000000000e+00
1.156005859374999858e+02 0.000000000000000000e+00
1.157226562499999858e+02 0.000000000000000000e+00
1.158447265624999858e+02 0.000000000000000000e+00
1.159667968749999858e+02 0.000000000000000000e+00
1.160888671874999858e+02 0.000000000000000000e+00
1.162109374999999858e+02 0.000000000000000000e+00
1.163330078124999858e+02 0.000000000000000000e+00
1.164550781249999858e+02 0.000000000000000000e+00
1.165771484374999858e+02 0.000000000000000000e+00
1.166992187499999858e+02 0.000000000000000000e+00
1.168212890624999858e+02 0.000000000000000000e+00
1.169433593749999858e+02 0.000000000000000000e+00
1.170654296874999858e+02 0.000000000000000000e+00
1.171874999999999858e+02 0.000000000000000000e+00
1.173095703124999858e+02 0.000000000000000000e+00
1.174316406249999858e+02 0.000000000000000000e+00
1.175537109374999858e+02 0.000000000000000000e+00
1.176757812499999858e+02 0.000000000000000000e+00
1.177978515624999858e+02 0.000000000000000000e+00
1.179199218749999858e+02 0.000000000000000000e+00
1.180419921874999858e+02 0.000000000000000000e+00
1.181640624999999858e+02 0.000000000000000000e+00
1.182861328124999858e+02 0.000000000000000000e+00
1.184082031249999858e+02 0.000000000000000000e+00
1.185302734374999858e+02 0.000000000000000000e+00
1.186523437499999858e+02 0.000000000000000000e+00
1.187744140624999858e+02 0.000000000000000000e+00
1.188964843749999858e+02 0.000000000000000000e+00
1.190185546874999858e+02 0.000000000000000000e+00
1.191406249999999858e+02 0.000000000000000000e+00
1.192626953124999858e+02 0.000000000000000000e+00
1.193847656249999858e+02 0.000000000000000000e+00
1.195068359374999858e+02 0.000000000000000000e+00
1.196289062499999858e+02 0.000000000000000000e+00
1.197509765624999858e+02 0.000000000000000000e+00
1.198730468749999858e+02 0.000000000000000000e+00
1.199951171874999858e+02 0.000000000000000000e+00
1.201171874999999858e+02 1.956637680186619325e-05
1.202392578124999858e+02 5.482022571517627274e-05
1.203613281249999858e+02 1.162672090277902786e-04
1.204833984374999858e+02 2.094375094081931256e-04
1.206054687499999858e+02 3.193700691678872110e-04
1.207275390624999858e+02 4.642502227841243550e-04
1.208496093749999858e+02 6.332022346899687662e-04
1.209716796874999858e+02 8.204152491984008583e-04
1.210937499999999858e+02 1.049099028160585577e-03
1.212158203124999858e+02 1.295100292276017608e-03
1.213378906249999858e+02 1.568118977377901124e-03
1.214599609374999858e+02 1.874804967368133611e-03
1.215820312499999858e+02 2.199018974848157126e-03
1.217041015624999858e+02 2.559239253303782508e-03
1.218261718749999858e+02 2.944999570540843530e-03
1.219482421874999858e+02 3.349298999985231024e-03
1.220703124999999858e+02 3.797147228902636711e-03
1.221923828124999858e+02 4.262944858785497858e-03
1.223144531249999858e+02 4.756252031824183789e-03
1.224365234374999858e+02 5.284837838224010730e-03
1.225585937499999858e+02 5.831524189325860801e-03
1.226806640624999858e+02 6.414843745635968701e-03
1.228027343749999858e+02 7.024921061217246493e-03
1.229248046874999858e+02 7.653579100128753143e-03
1.230468749999999858e+02 8.327406856919758113e-03
1.231689453124999858e+02 9.027603383410390606e-03
1.232910156249999858e+02 9.767724744738706666e-03
1.234130859374999858e+02 1.056421392924874157e-02
1.235351562499999858e+02 1.138617846933755000e-02
1.236572265624999858e+02 1.225279077398939466e-02
1.237792968749999858e+02 1.315341221935613369e-02
1.239013671874999858e+02 1.407680168180751312e-02
1.240234374999999858e+02 1.505739019623690556e-02
1.241455078124999858e+02 1.606157284410461225e-02
1.242675781249999858e+02 1.710035570655175571e-02
1.243896484374999858e+02 1.818672072646273716e-02
1.245117187499999858e+02 1.929695026478444458e-02
1.246337890624999858e+02 2.045431866832935972e-02
1.247558593749999858e+02 2.164860799010127554e-02
1.248779296874999858e+02 2.286719015414742304e-02
1.249999999999999858e+02 2.414589253748564840e-02
1.251220703124999858e+02 2.545025269778069393e-02
1.252441406249999858e+02 2.679059330214625737e-02
1.253662109374999858e+02 2.818182294312073649e-02
1.254882812499999858e+02 2.959820934821280614e-02
1.256103515624999858e+02 3.106350408626164933e-02
1.257324218749999858e+02 3.256819455021508353e-02
1.258544921874999858e+02 3.409836605469022952e-02
1.259765624999999858e+02 3.569067427051595548e-02
1.260986328124999858e+02 3.731041175618797501e-02
1.262207031249999858e+02 3.896694381342538649e-02
1.263427734374999858e+02 4.067701593523952164e-02
1.264648437499999858e+02 4.241318058542099118e-02
1.265869140624999858e+02 4.419927390033381170e-02
1.267089843749999858e+02 4.602673042421549787e-02
1.268310546874999858e+02 4.788049182095227563e-02
1.269531249999999858e+02 4.979746574937730930e-02
1.270751953124999858e+02 5.174329242766017439e-02
1.271972656249999858e+02 5.372615409381378132e-02
1.273193359374999858e+02 5.576447101654298522e-02
1.274414062499999858e+02 5.782943536687222552e-02
1.275634765624999858e+02 5.994458399029657658e-02
1.276855468749999858e+02 6.210249032068720226e-02
1.278076171874999858e+02 6.428713811392787469e-02
1.279296874999999858e+02 6.653511200622756749e-02
1.280517578124999716e+02 6.881296098365666247e-02
1.281738281249999716e+02 7.112751356560054194e-02
1.282958984374999716e+02 7.349862875216453539e-02
1.284179687499999716e+02 7.589654615916315017e-02
1.285400390624999716e+02 7.834413515250818194e-02
1.286621093749999716e+02 8.078258749586648968e-02
1.287841796874999716e+02 8.320996596199309314e-02
1.289062499999999716e+02 8.553308875686302382e-02
1.290283203124999716e+02 8.787718160866049566e-02
1.291503906249999716e+02 9.024593270794999122e-02
1.292724609374999716e+02 9.265332873451455342e-02
1.293945312499999716e+02 9.507866112504283207e-02
1.295166015624999716e+02 9.753657886224066653e-02
1.296386718749999716e+02 1.000234513860848162e-01
1.297607421874999716e+02 1.025279980296079918e-01
1.298828124999999716e+02 1.050722923156220262e-01
1.300048828124999716e+02 1.076365134287756431e-01
1.301269531249999716e+02 1.102231502836272803e-01
1.302490234374999716e+02 1.128457063671884780e-01
1.303710937499999716e+02 1.154848741886987246e-01
1.304931640624999716e+02 1.181534421829698034e-01
1.306152343749999716e+02 1.208489071560165523e-01
1.307373046874999716e+02 1.235605190505222051e-01
1.308593749999999716e+02 1.263078061918052331e-01
1.309814453124999716e+02 1.290735674285806156e-01
1.311035156249999716e+02 1.318592412103464229e-01
1.312255859374999716e+02 1.346776069786163321e-01
1.313476562499999716e+02 1.375109265716761009e-01
1.314697265624999716e+02 1.403701886446369895e-01
1.315917968749999716e+02 1.432537833004846883e-01
1.317138671874999716e+02 1.461518009437053622e-01
1.318359374999999716e+02 1.490809983732065969e-01
1.319580078124999716e+02 1.520268589017104988e-01
1.320800781249999716e+02 1.549899402081070521e-01
1.322021484374999716e+02 1.579819070750738685e-01
1.323242187499999716e+02 1.609869541575452423e-01
1.324462890624999716e+02 1.640142038002745384e-01
1.325683593749999716e+02 1.670627569979765692e-01
1.326904296874999716e+02 1.701237984495371502e-01
1.328124999999999716e+02 1.732111555677514347e-01
1.329345703124999716e+02 1.763130088728403488e-01
1.330566406249999716e+02 1.794292410384133729e-01
1.331787109374999716e+02 1.825699940791730425e-01
1.333007812499999716e+02 1.857217555328056768e-01
1.334228515624999716e+02 1.888917455524384559e-01
1.335449218749999716e+02 1.920795603516504968e-01
1.336669921874999716e+02 1.952777362199637490e-01
1.337890624999999716e+02 1.984970538966797926e-01
1.339111328124999716e+02 2.017283526614480071e-01
1.340332031249999716e+02 2.049710781696111039e-01
1.341552734374999716e+02 2.082334307481746583e-01
1.342773437499999716e+02 2.115045420094911754e-01
1.343994140624999716e+02 2.147897245959397572e-01
1.345214843749999716e+02 2.180888251640650810e-01
1.346435546874999716e+02 2.213959882216604835e-01
1.347656249999999716e+02 2.247188721538027067e-01
1.348876953124999716e+02 2.280508871440121710e-01
1.350097656249999716e+02 2.313913074459890973e-01
1.351318359374999716e+02 2.347459691886967514e-01
1.352539062499999716e+02 2.381069847890101565e-01
1.353759765624999716e+02 2.414777840297600842e-01
1.354980468749999716e+02 2.448581949954027892e-01
1.356201171874999716e+02 2.482442220335615846e-01
1.357421874999999716e+02 2.516403675237942617e-01
1.358642578124999716e+02 2.550424779642311290e-01
1.359863281249999716e+02 2.584499441846891399e-01
1.361083984374999716e+02 2.618658196680601624e-01
1.362304687499999716e+02 2.652855142571208802e-01
1.363525390624999716e+02 2.687106284119714084e-01
1.364746093749999716e+02 2.721409059537784891e-01
1.365966796874999716e+02 2.755738785415938197e-01
1.367187499999999716e+02 2.790115171506591940e-01
1.368408203124999716e+02 2.824515601563581946e-01
1.369628906249999716e+02 2.858936717399029881e-01
1.370849609374999716e+02 2.893384294436465720e-01
1.372070312499999716e+02 2.927840505537480098e-01
1.373291015624999716e+02 2.962307317813289709e-01
1.374511718749999716e+02 2.996775563983478663e-01
1.375732421874999716e+02 3.031244291283844428e-01
1.376953124999999716e+02 3.065702704329160699e-01
1.378173828124999716e+02 3.100148022779919410e-01
1.379394531249999716e+02 3.134583786413960294e-01
1.380615234374999716e+02 3.168981030028166224e-01
1.381835937499999716e+02 3.203359492092995309e-01
1.383056640624999716e+02 3.237704881256810441e-01
1.384277343749999716e+02 3.271999382177741000e-01
1.385498046874999716e+02 3.306266786530479562e-01
1.386718749999999716e+02 3.340466627120293186e-01
1.387939453124999716e+02 3.374613999313541002e-01
1.389160156249999716e+02 3.408722463493745747e-01
1.390380859374999716e+02 3.442724791101055559e-01
1.391601562499999716e+02 3.476680491213786639e-01
1.392822265624999716e+02 3.510560274714554785e-01
1.394042968749999716e+02 3.544334672871451986e-01
1.395263671874999716e+02 3.578054061441446332e-01
1.396484374999999716e+02 3.611649531977756400e-01
1.397705078124999716e+02 4.089288822067995155e-01
1.398925781249999716e+02 4.890843170139593243e-01
1.400146484374999716e+02 4.950200568500657816e-01
1.401367187499999716e+02 4.994607438079853856e-01
1.402587890624999716e+02 5.038859893614833219e-01
1.403808593749999716e+02 5.082899719492731672e-01
1.405029296874999716e+02 5.126830313880926804e-01
1.406249999999999716e+02 5.170525327237085467e-01
1.407470703124999716e+02 5.214040570340193748e-01
1.408691406249999716e+02 5.257432479133802294e-01
1.409912109374999716e+02 5.300499106333669275e-01
1.411132812499999716e+02 5.343430539650365629e-01
1.412353515624999716e+02 5.386154423756536191e-01
1.413574218749999716e+02 5.428589370060378227e-01
1.414794921874999716e+02 5.470878109578574122e-01
1.416015624999999716e+02 5.512860802846247799e-01
1.417236328124999716e+02 5.554605546014261819e-01
1.418457031249999716e+02 5.596193135591098766e-01
1.419677734374999716e+02 5.637362136846451044e-01
1.420898437499999716e+02 5.678358660077843512e-01
1.422119140624999716e+02 5.719097545156113238e-01
1.423339843749999716e+02 5.759470769307462046e-01
1.424560546874999716e+02 5.799661645957983058e-01
1.425781249999999716e+02 5.839479737786360536e-01
1.427001953124999716e+02 5.879001175881286567e-01
1.428222656249999716e+02 5.918329653937347556e-01
1.429443359374999716e+02 5.957156722474760135e-01
1.430664062499999716e+02 5.995770272154283820e-01
1.431884765624999716e+02 6.034079720832180582e-01
1.433105468749999716e+02 6.071947325753997982e-01
1.434326171874999716e+02 6.109597719833477214e-01
1.435546874999999716e+02 6.146813094912756403e-01
1.436767578124999716e+02 6.183673341267668100e-01
1.437988281249999716e+02 6.220306230802226111e-01
1.439208984374999716e+02 6.256360436648410461e-01
1.440429687499999716e+02 6.292159831902480738e-01
1.441650390624999716e+02 6.327612814969285626e-01
1.442871093749999716e+02 6.362549302210709357e-01
1.444091796874999716e+02 6.397235428931898893e-01
1.445312499999999716e+02 6.431429524064535830e-01
1.446533203124999716e+02 6.465211031187576562e-01
1.447753906249999716e+02 6.498732627690407826e-01
1.448974609374999716e+02 6.531604716917465137e-01
1.450195312499999716e+02 6.564181039336761669e-01
1.451416015624999716e+02 6.596373254688832066e-01
1.452636718749999716e+02 6.627976866890008534e-01
1.453857421874999716e+02 6.659299107023305409e-01
1.455078124999999716e+02 6.690078172338129736e-01
1.456298828124999716e+02 6.720389018376269341e-01
1.457519531249999716e+02 6.750409662869438776e-01
1.458740234374999716e+02 6.779717250788070970e-01
1.459960937499999716e+02 6.808685924840982562e-01
1.461181640624999716e+02 6.837242770653363388e-01
1.462402343749999716e+02 6.865135361244960599e-01
1.463623046874999716e+02 6.892726472169267149e-01
1.464843749999999716e+02 6.919725668295461096e-01
1.466064453124999716e+02 6.946202664644305358e-01
1.467285156249999716e+02 6.972369407833451938e-01
1.468505859374999716e+02 6.997756810725093146e-01
1.469726562499999716e+02 7.022775657412404504e-01
1.470947265624999716e+02 7.047353299884501210e-01
1.472167968749999716e+02 7.071201809072024114e-01
1.473388671874999716e+02 7.094722602439045289e-01
1.474609374999999716e+02 7.117613947750555115e-01
1.475830078124999716e+02 7.139933215737616079e-01
1.477050781249999716e+02 7.161917847107681645e-01
1.478271484374999716e+02 7.183076322553627602e-01
1.479492187499999716e+02 7.203829843557850721e-01
1.480712890624999716e+02 7.224120853243158891e-01
1.481933593749999716e+02 7.243623814455957266e-01
1.483154296874999716e+02 7.262777000857496557e-01
1.484374999999999716e+02 7.281270564937819545e-01
1.485595703124999716e+02 7.294462682760295413e-01
1.486816406249999716e+02 7.304917814156709488e-01
1.488037109374999716e+02 7.312956182502521330e-01
1.489257812499999716e+02 7.320547585010558356e-01
1.490478515624999716e+02 7.327651701990360866e-01
1.491699218749999716e+02 7.333904724190609681e-01
1.492919921874999716e+02 7.339786028396056983e-01
1.494140624999999716e+02 7.344980280278631257e-01
1.495361328124999716e+02 7.349515463958657957e-01
1.496582031249999716e+02 7.353677381383459943e-01
1.497802734374999716e+02 7.356951388971747496e-01
1.499023437499999716e+02 7.359770087781815073e-01
1.500244140624999716e+02 7.362114758329687536e-01
1.501464843749999716e+02 7.364166106138424484e-01
1.502685546874999716e+02 7.366195207031277503e-01
1.503906249999999716e+02 7.368220282956305933e-01
1.505126953124999716e+02 7.370241730076282360e-01
1.506347656249999716e+02 7.372274562692453515e-01
1.507568359374999716e+02 7.374293403275404835e-01
1.508789062499999716e+02 7.376318574697213748e-01
1.510009765624999716e+02 7.378350231702970330e-01
1.511230468749999716e+02 7.380367740006713584e-01
1.512451171874999716e+02 7.382396978385258324e-01
1.513671874999999716e+02 7.384422387109922381e-01
1.514892578124999716e+02 7.386443911383042682e-01
1.516113281249999716e+02 7.388476099453021861e-01
1.517333984374999716e+02 7.390495639890666268e-01
1.518554687499999716e+02 7.392520619518014868e-01
1.519775390624999716e+02 7.394552219061284459e-01
1.520996093749999716e+02 7.396569988440290233e-01
1.522216796874999716e+02 7.398598479281160989e-01
1.523437499999999716e+02 7.400624210988071550e-01
1.524658203124999716e+02 7.402645484609390314e-01
1.525878906249999716e+02 7.404677493872121596e-01
1.527099609374999716e+02 7.406697346523545278e-01
1.528320312499999716e+02 7.408722131598629579e-01
1.529541015624999716e+02 7.410754069787309772e-01
1.530761718749999716e+02 7.412771628869386786e-01
1.531982421874999716e+02 7.414799932608175936e-01
1.533203124999999716e+02 7.416825990452380335e-01
1.534423828124999716e+02 7.418847061226778727e-01
1.535644531249999716e+02 7.420878890837693254e-01
1.536865234374999716e+02 7.422899057118158561e-01
1.538085937499999716e+02 7.424923646796415255e-01
1.539306640624999716e+02 7.426955925045747309e-01
1.540527343749999716e+02 7.428973272986345577e-01
1.541748046874999716e+02 7.431001388778488703e-01
1.542968749999999716e+02 7.433027774175240410e-01
1.544189453124999716e+02 7.435048641258160673e-01
1.545410156249999716e+02 7.437080290372686253e-01
1.546630859374999716e+02 7.439100771697451098e-01
1.547851562499999716e+02 7.441125165134319097e-01
1.549072265624999716e+02 7.443157784859550929e-01
1.550292968749999716e+02 7.445174920814114916e-01
1.551513671874999716e+02 7.447202847815043159e-01
1.552734374999999716e+02 7.449229562179597863e-01
1.553955078124999716e+02 7.451250224726480020e-01
1.555175781249999716e+02 7.453281692500046685e-01
1.556396484374999716e+02 7.455302490284373418e-01
1.557617187499999716e+02 7.457326686635290525e-01
1.558837890624999716e+02 7.459359649251663393e-01
1.560058593749999716e+02 7.461376572375645333e-01
1.561279296874999716e+02 7.463404309740789833e-01
1.562499999999999716e+02 7.465431354488399895e-01
1.563720703124999716e+02 7.467451811654687299e-01
1.564941406249999716e+02 7.469483097242722858e-01
1.566162109374999716e+02 7.471504212901871611e-01
1.567382812499999716e+02 7.473528211322275627e-01
1.568603515624999716e+02 7.475561518245036341e-01
1.569824218749999716e+02 7.477578227693881807e-01
1.571044921874999716e+02 7.479605774578679256e-01
1.572265624999999716e+02 7.481633151124592596e-01
1.573486328124999716e+02 7.483654295572518267e-01
1.574707031249999716e+02 7.485685063561688946e-01
1.575927734374999716e+02 7.487707055833472403e-01
1.577148437499999716e+02 7.489731063018331136e-01
1.578369140624999716e+02 7.491763465758189966e-01
1.579589843749999716e+02 7.493781248731797850e-01
1.580810546874999716e+02 7.495808285844324237e-01
1.582031249999999716e+02 7.497835624763732332e-01
1.583251953124999716e+02 7.500030154271530858e-01
1.584472656249999716e+02 7.503156788609899319e-01
1.585693359374999716e+02 7.510113634438405628e-01
1.586914062499999716e+02 7.517072038968874992e-01
1.588134765624999716e+02 7.524039329821403665e-01
1.589355468749999716e+02 7.530991488617106988e-01
1.590576171874999716e+02 7.537952936382305014e-01
1.591796874999999716e+02 7.544915151511654150e-01
1.593017578124999716e+02 7.551870333133995361e-01
1.594238281249999716e+02 7.558834845245904210e-01
1.595458984374999716e+02 7.565791951800309167e-01
1.596679687499999716e+02 7.572750177361291524e-01
1.597900390624999716e+02 7.579717774931847840e-01
1.599121093749999716e+02 7.586669740059579503e-01
1.600341796874999716e+02 7.593631030671204041e-01
1.601562499999999716e+02 7.600593547297826991e-01
1.602783203124999716e+02 7.607548525661685934e-01
1.604003906249999716e+02 7.614512902435927044e-01
1.605224609374999716e+02 7.621470273860447842e-01
1.606445312499999716e+02 7.628428317978847017e-01
1.607666015624999716e+02 7.635395802027618029e-01
1.608886718749999716e+02 7.642347995398321991e-01
1.610107421874999716e+02 7.649309126383277979e-01
1.611328124999999716e+02 7.656271948651396375e-01
1.612548828124999716e+02 7.663226721283680209e-01
1.613769531249999716e+02 7.670190960247160739e-01
1.614990234374999716e+02 7.677148600686020119e-01
1.616210937499999716e+02 7.684106460888745493e-01
1.617431640624999716e+02 7.691073828942640578e-01
1.618652343749999716e+02 7.698026254700534032e-01
1.619873046874999716e+02 7.704987223585730849e-01
1.621093749999999716e+02 7.711950355639561883e-01
1.622314453124999716e+02 7.718904920067179987e-01
1.623535156249999716e+02 7.725869018746808203e-01
1.624755859374999716e+02 7.732826932344224469e-01
1.625976562499999716e+02 7.739784606158183200e-01
1.627197265624999716e+02 7.746751855744116178e-01
1.628417968749999716e+02 7.753704518033415205e-01
1.629638671874999716e+02 7.760665322345756678e-01
1.630859374999999716e+02 7.767628768329520872e-01
1.632080078124999716e+02 7.774583122079382624e-01
1.633300781249999716e+02 7.781547659589114208e-01
1.634521484374999716e+02 7.788506061630643407e-01
1.635742187499999716e+02 7.795465595241529710e-01
1.636962890624999716e+02 7.802430199448270320e-01
1.638183593749999716e+02 7.809385465970024587e-01
1.639404296874999716e+02 7.816345809259304112e-01
1.640624999999999716e+02 7.823308204963275170e-01
1.641845703124999716e+02 7.830264283863817010e-01
1.643066406249999716e+02 7.837226710178467615e-01
1.644287109374999716e+02 7.844185632422698840e-01
1.645507812499999716e+02 7.851143780952938300e-01
1.646728515624999716e+02 7.858108304151054657e-01
1.647949218749999716e+02 7.865063731371685352e-01
1.649169921874999716e+02 7.872023963389290779e-01
1.650390624999999716e+02 7.878986570596238082e-01
1.651611328124999716e+02 7.885942507961997139e-01
1.652832031249999716e+02 7.892904837324846712e-01
1.654052734374999716e+02 7.899863947030116851e-01
1.655273437499999716e+02 7.906821968345465468e-01
1.656494140624999716e+02 7.913786408911633874e-01
1.657714843749999716e+02 7.920741999551388357e-01
1.658935546874999716e+02 7.927702118673991549e-01
1.660156249999999716e+02 7.934664940104165787e-01
1.661376953124999716e+02 7.941620734311815033e-01
1.662597656249999716e+02 7.948582965099536546e-01
1.663818359374999716e+02 7.955542264986094070e-01
1.665039062499999716e+02 7.962500157463224815e-01
1.666259765624999716e+02 7.969464513774114911e-01
1.667480468749999716e+02 7.976420270553242764e-01
1.668701171874999716e+02 7.983380275157513362e-01
1.669921874999999716e+02 7.990343313531166336e-01
1.671142578124999716e+02 7.997298962957376522e-01
1.672363281249999716e+02 8.004261093546639616e-01
1.673583984374999716e+02 8.011220586334738547e-01
1.674804687499999716e+02 8.018178348350319951e-01
1.676025390624999716e+02 8.025142618782609150e-01
1.677246093749999716e+02 8.032098544421357733e-01
1.678466796874999716e+02 8.039058432883967598e-01
1.679687499999999716e+02 8.046021690921348890e-01
1.680908203124999716e+02 8.052977193942790768e-01
1.682128906249999716e+02 8.059939222710269524e-01
1.683349609374999716e+02 8.066898911120158333e-01
1.684570312499999716e+02 8.073856541050862257e-01
1.685791015624999716e+02 8.080820723981225751e-01
1.687011718749999716e+02 8.087776821199844646e-01
1.688232421874999716e+02 8.094736591897462308e-01
1.689453124999999716e+02 8.101700072318822610e-01
1.690673828124999716e+02 8.108655427312169151e-01
1.691894531249999716e+02 8.115617352634533210e-01
1.693115234374999716e+02 8.122577239386463699e-01
1.694335937499999716e+02 8.129534735608959783e-01
1.695556640624999716e+02 8.136498829414069434e-01
1.696777343749999716e+02 8.143455100932808222e-01
1.697998046874999716e+02 8.150414752242106653e-01
1.699218749999999716e+02 8.157378457767695545e-01
1.700439453124999716e+02 8.164333663109619721e-01
1.701660156249999716e+02 8.171295483363542056e-01
1.702880859374999716e+02 8.178255571177764915e-01
1.704101562499999716e+02 8.185212932068722802e-01
1.705322265624999716e+02 8.192176935125251580e-01
1.706542968749999716e+02 8.199133383664358732e-01
1.707763671874999716e+02 8.206092913962007573e-01
1.708984374999999716e+02 8.213056847312076858e-01
1.710205078124999716e+02 8.220011901379248309e-01
1.711425781249999716e+02 8.226972418491752537e-01
1.712646484374999716e+02 8.233932867589239812e-01
1.713867187499999716e+02 8.240877866554564557e-01
1.715087890624999716e+02 8.247851026312210676e-01
1.716308593749999716e+02 8.254800590834669993e-01
1.717529296874999716e+02 8.261759160649478906e-01
1.718749999999999716e+02 8.268733140813778748e-01
1.719970703124999716e+02 8.275677109440493506e-01
1.721191406249999716e+02 8.282642799504618125e-01
1.722412109374999716e+02 8.289604902371852102e-01
1.723632812499999716e+02 8.296555947839826528e-01
1.724853515624999716e+02 8.303528803050015394e-01
1.726074218749999716e+02 8.310478958751653655e-01
1.727294921874999716e+02 8.317437125965233546e-01
1.728515624999999716e+02 8.324411861915562705e-01
1.729736328124999716e+02 8.331355329888185945e-01
1.730957031249999716e+02 8.338320663748058914e-01
1.732177734374999716e+02 8.345283444504937309e-01
1.733398437499999716e+02 8.352234035715292437e-01
1.734619140624999716e+02 8.359206581118371338e-01
1.735839843749999716e+02 8.366157336812903855e-01
1.737060546874999716e+02 8.373005650926916843e-01
1.738281249999999716e+02 8.379783648622363135e-01
1.739501953124999716e+02 8.384424098812953696e-01
1.740722656249999716e+02 8.388990390791687402e-01
1.741943359374999716e+02 8.393555164401574897e-01
1.743164062499999716e+02 8.398106625961941907e-01
1.744384765624999716e+02 8.402680158153739143e-01
1.745605468749999716e+02 8.407232845592902404e-01
1.746826171874999716e+02 8.411795179716816673e-01
1.748046874999999716e+02 8.416369391837807967e-01
1.749267578124999716e+02 8.420923363896904990e-01
1.750488281249999716e+02 8.425486600239437962e-01
1.751708984374999716e+02 8.430049634025257310e-01
1.752929687499999716e+02 8.434606250572794783e-01
1.754150390624999716e+02 8.439172718272439644e-01
1.755371093749999716e+02 8.443730357787058161e-01
1.756591796874999716e+02 8.448290193050262964e-01
1.757812499999999716e+02 8.452858930525881664e-01
1.759033203124999716e+02 8.457412130077830437e-01
1.760253906249999716e+02 8.461975197134712356e-01
1.761474609374999716e+02 8.466538538001011638e-01
1.762695312499999716e+02 8.471094956703502099e-01
1.763916015624999716e+02 8.475661268631285994e-01
1.765136718749999716e+02 8.480219192537882256e-01
1.766357421874999716e+02 8.484778843469744647e-01
1.767578124999999716e+02 8.489347913281369840e-01
1.768798828124999716e+02 8.493900899942686822e-01
1.770019531249999716e+02 8.498463796181972008e-01
1.771240234374999716e+02 8.503027446695861080e-01
1.772460937499999716e+02 8.507583666021367730e-01
1.773681640624999716e+02 8.512149820645342757e-01
1.774902343749999716e+02 8.516708031511035504e-01
1.776123046874999716e+02 8.521267496579609801e-01
1.777343749999999716e+02 8.525836901294351344e-01
1.778564453124999716e+02 8.530389673533099737e-01
1.779785156249999716e+02 8.534952397422844728e-01
1.781005859374999716e+02 8.539516360151435670e-01
1.782226562499999716e+02 8.544072378568016157e-01
1.783447265624999716e+02 8.548638374356236636e-01
1.784667968749999716e+02 8.553196874748142386e-01
1.785888671874999716e+02 8.557756152421487350e-01
1.787109374999999716e+02 8.562325433184680978e-01
1.788330078124999716e+02 8.566878450890693664e-01
1.789550781249999716e+02 8.571441000898954998e-01
1.790771484374999716e+02 8.576005278409359889e-01
1.791992187499999716e+02 8.580561094385074083e-01
1.793212890624999716e+02 8.585126929805595442e-01
1.794433593749999716e+02 8.589685722290825165e-01
1.795654296874999716e+02 8.594244811037000664e-01
1.796874999999999716e+02 8.598813944946313015e-01
1.798095703124999716e+02 8.603367232057096414e-01
1.799316406249999716e+02 8.607929606651925081e-01
1.800537109374999716e+02 8.612494201511258218e-01
1.801757812499999716e+02 8.617049813514168211e-01
1.802978515624999716e+02 8.621615487035042547e-01
1.804199218749999716e+02 8.626174574180714982e-01
1.805419921874999716e+02 8.630733472467775336e-01
1.806640624999999716e+02 8.635302457991260727e-01
1.807861328124999716e+02 8.639856017073932470e-01
1.809082031249999716e+02 8.644418214723388338e-01
1.810302734374999716e+02 8.648983129498755140e-01
1.811523437499999716e+02 8.653538535996924130e-01
1.812744140624999716e+02 8.658104046086204653e-01
1.813964843749999716e+02 8.662663430459436320e-01
1.815185546874999716e+02 8.667222136755440287e-01
1.816406249999999716e+02 8.671790972361147487e-01
1.817626953124999716e+02 8.676344805982830755e-01
1.818847656249999716e+02 8.680906825154963702e-01
1.820068359374999716e+02 8.685472062413479577e-01
1.821289062499999716e+02 8.690027261874968545e-01
1.822509765624999716e+02 8.694592607000707352e-01
1.823730468749999716e+02 8.699152291168612550e-01
1.824951171874999716e+02 8.703711565028365849e-01
1.826171874999999716e+02 8.708280117962399203e-01
1.827392578124999716e+02 8.712837965527800987e-01
1.828613281249999716e+02 8.717399405843389015e-01
1.829833984374999716e+02 8.721962576953544710e-01
1.831054687499999716e+02 8.726520833685227352e-01
1.832275390624999716e+02 8.731083826432918249e-01
1.833496093749999716e+02 8.735644405507192456e-01
1.834716796874999716e+02 8.740204208794146723e-01
1.835937499999999716e+02 8.744768760053334145e-01
1.837158203124999716e+02 8.749326737631634154e-01
1.838378906249999716e+02 8.753888093553409133e-01
1.839599609374999716e+02 8.758451416964438963e-01
1.840820312499999716e+02 8.763009576025774239e-01
1.842041015624999716e+02 8.767572490661846851e-01
1.843261718749999716e+02 8.772133211489699933e-01
1.844482421874999716e+02 8.776692923388492718e-01
1.845703124999999716e+02 8.781257402818255509e-01
1.846923828124999716e+02 8.785815511602838024e-01
1.848144531249999716e+02 8.790376782418640733e-01
1.849365234374999716e+02 8.794940259323925646e-01
1.850585937499999716e+02 8.799498320002755447e-01
1.851806640624999716e+02 8.804061155815048334e-01
1.853027343749999716e+02 8.808622019589867902e-01
1.854248046874999716e+02 8.813181639388335542e-01
1.855468749999999716e+02 8.817746046276512262e-01
1.856689453124999716e+02 8.822304287460762673e-01
1.857910156249999716e+02 8.826865472458431672e-01
1.859130859374999716e+02 8.831429104051357060e-01
1.860351562499999716e+02 8.835987065635521054e-01
1.861572265624999716e+02 8.840549821911869444e-01
1.862792968749999716e+02 8.845110829827039778e-01
1.864013671874999716e+02 8.849670356813025274e-01
1.865234374999999716e+02 8.854234690447455591e-01
1.866455078124999716e+02 8.858793065224759289e-01
1.867675781249999716e+02 8.863354163692130916e-01
1.868896484374999716e+02 8.867917951166083279e-01
1.870117187499999716e+02 8.872475812943422246e-01
1.871337890624999716e+02 8.877038488971668029e-01
1.872558593749999716e+02 8.881599642220574520e-01
1.873779296874999716e+02 8.886159075681914210e-01
1.874999999999999716e+02 8.890723335350435574e-01
1.876220703124999716e+02 8.895281844914179059e-01
1.877441406249999716e+02 8.899842856139092984e-01
1.878662109374999716e+02 8.904406800687456602e-01
1.879882812499999716e+02 8.908964561945810212e-01
1.881103515624999716e+02 8.913527157013790836e-01
1.882324218749999716e+02 8.918088456789817764e-01
1.883544921874999716e+02 8.922647796014353538e-01
1.884765624999999716e+02 8.927211981004804509e-01
1.885986328124999716e+02 8.931770626548370950e-01
1.887207031249999716e+02 8.936331549818667952e-01
1.888427734374999716e+02 8.940895652634825996e-01
1.889648437499999716e+02 8.945453312662032808e-01
1.890869140624999716e+02 8.949686238389610304e-01
1.892089843749999716e+02 8.953233041441251983e-01
1.893310546874999716e+02 8.951354937752050711e-01
1.894531249999999716e+02 8.947445297447911283e-01
1.895751953124999716e+02 8.943530334323542830e-01
1.896972656249999716e+02 8.939617427924129167e-01
1.898193359374999716e+02 8.935707926671374590e-01
1.899414062499999716e+02 8.931791755483230455e-01
1.900634765624999716e+02 8.927880435781725410e-01
1.901855468749999716e+02 8.923968276677611833e-01
1.903076171874999716e+02 8.920053697228482736e-01
1.904296874999999716e+02 8.916143959009594777e-01
1.905517578124999716e+02 8.912229150169272973e-01
1.906738281249999716e+02 8.908316157244144939e-01
1.907958984374999716e+02 8.904406791156079803e-01
1.909179687499999716e+02 8.900490544831292095e-01
1.910400390624999716e+02 8.896579133215009039e-01
1.911621093749999716e+02 8.892667118323405173e-01
1.912841796874999716e+02 8.888752458348554431e-01
1.914062499999999716e+02 8.884842622825830372e-01
1.915283203124999716e+02 8.880927967245829668e-01
1.916503906249999716e+02 8.877014888405904136e-01
1.917724609374999716e+02 8.873105656458800672e-01
1.918945312499999716e+02 8.869189335608284042e-01
1.920166015624999716e+02 8.865277925931690506e-01
1.921386718749999716e+02 8.861366029719339732e-01
1.922607421874999716e+02 8.857454674790248284e-01
1.923828124999999716e+02 8.853542546339120412e-01
1.925048828124999716e+02 8.849629532914139451e-01
1.926269531249999716e+02 8.845716778759248333e-01
1.927490234374999716e+02 8.841804811652294038e-01
1.928710937499999716e+02 8.837891432046548479e-01
1.929931640624999716e+02 8.833978981947587794e-01
1.931152343749999716e+02 8.830066505533525900e-01
1.932373046874999716e+02 8.826153430959740032e-01
1.933593749999999716e+02 8.822241283907059639e-01
1.934814453124999716e+02 8.818328299757010047e-01
1.936035156249999716e+02 8.814415529205497091e-01
1.937255859374999716e+02 8.810503587671951742e-01
1.938476562499999716e+02 8.806590193874509476e-01
1.939697265624999716e+02 8.802677726335599306e-01
1.940917968749999716e+02 8.798765277246609617e-01
1.942138671874999716e+02 8.794852187437801616e-01
1.943359374999999716e+02 8.790940021901841872e-01
1.944580078124999716e+02 8.787027066828526634e-01
1.945800781249999716e+02 8.783114279998666118e-01
1.947021484374999716e+02 8.779202363840336032e-01
1.948242187499999716e+02 8.775288955969471338e-01
1.949462890624999716e+02 8.771376471108885964e-01
1.950683593749999716e+02 8.767464049146774796e-01
1.951904296874999716e+02 8.763550944221216721e-01
1.953124999999999716e+02 8.759638760320250794e-01
1.954345703124999716e+02 8.755725834125478446e-01
1.955566406249999716e+02 8.751813031135541321e-01
1.956787109374999716e+02 8.747901140154235033e-01
1.958007812499999716e+02 8.743987718328221082e-01
1.959228515624999716e+02 8.740075216264230340e-01
1.960449218749999716e+02 8.736162821230802900e-01
1.961669921874999716e+02 8.732249701306772360e-01
1.962890624999999716e+02 8.728337499159076751e-01
1.964111328124999716e+02 8.724424601644649169e-01
1.965332031249999716e+02 8.720511782612911933e-01
1.966552734374999716e+02 8.716599879371872417e-01
1.967773437499999716e+02 8.712686480947543499e-01
1.968994140624999716e+02 8.708773961798423890e-01
1.970214843749999716e+02 8.704861593495486494e-01
1.971435546874999716e+02 8.700948458691253329e-01
1.972656249999999716e+02 8.697036238415100096e-01
1.973876953124999716e+02 8.693123369382829146e-01
1.975097656249999716e+02 8.689210534427562749e-01
1.976318359374999716e+02 8.685298612014735742e-01
1.977539062499999716e+02 8.681385243824225606e-01
1.978759765624999716e+02 8.677472707708252520e-01
1.979980468749999716e+02 8.673560365937610372e-01
1.981201171874999716e+02 8.669647216371449971e-01
1.982421874999999716e+02 8.665734978085112283e-01
1.983642578124999716e+02 8.661822137336799843e-01
1.984863281249999716e+02 8.657909286576279673e-01
1.986083984374999716e+02 8.653997345109938344e-01
1.987304687499999716e+02 8.650084006955054416e-01
1.988525390624999716e+02 8.646171453990497691e-01
1.989746093749999716e+02 8.642259138553959330e-01
1.990966796874999716e+02 8.638346649530056487e-01
1.992187499999999716e+02 8.634433789233679768e-01
1.993408203124999716e+02 8.630521003807987146e-01
1.994628906249999716e+02 8.626608173931807899e-01
1.995849609374999716e+02 8.622696092855772765e-01
1.997070312499999716e+02 8.618782897796904985e-01
1.998291015624999716e+02 8.614870313171447691e-01
1.999511718749999716e+02 8.610957960277337842e-01
2.000732421874999716e+02 8.607044872311513384e-01
2.001953124999999716e+02 8.603132532102347740e-01
2.003173828124999716e+02 8.599219769724292251e-01
2.004394531249999716e+02 8.595306926981380879e-01
2.005615234374999716e+02 8.591394830354093237e-01
2.006835937499999716e+02 8.587481659790523469e-01
2.008056640624999716e+02 8.583569061436078229e-01
2.009277343749999716e+02 8.579656729978150098e-01
2.010498046874999716e+02 8.575743630105596704e-01
2.011718749999999716e+02 8.571815411515792960e-01
2.012939453124999716e+02 8.567841370894809794e-01
2.014160156249999716e+02 8.563387877299161177e-01
2.015380859374999716e+02 8.558689234503961130e-01
2.016601562499999716e+02 8.553989557682701861e-01
2.017822265624999716e+02 8.549290415116926889e-01
2.019042968749999716e+02 8.544591574089507313e-01
2.020263671874999716e+02 8.539891932004231023e-01
2.021484374999999716e+02 8.535193031955008447e-01
2.022705078124999716e+02 8.530493784503286880e-01
2.023925781249999716e+02 8.525794385903342487e-01
2.025146484374999716e+02 8.521095727368529493e-01
2.026367187499999716e+02 8.516396075051955172e-01
2.027587890624999716e+02 8.511696918935144351e-01
2.028808593749999716e+02 8.506998098738342007e-01
2.030029296874999716e+02 8.502298445290599194e-01
2.031249999999999716e+02 8.497599530654749156e-01
2.032470703124999716e+02 8.492900305772317360e-01
2.033691406249999716e+02 8.488200894774320382e-01
2.034912109374999716e+02 8.483502220617288314e-01
2.036132812499999716e+02 8.478802592608677413e-01
2.037353515624999716e+02 8.474103423058223505e-01
2.038574218749999716e+02 8.469404623495316864e-01
2.039794921874999716e+02 8.464704958802506951e-01
2.041015624999999716e+02 8.460006029697427765e-01
2.042236328124999716e+02 8.455306827187559771e-01
2.043457031249999716e+02 8.450607403908907411e-01
2.044677734374999716e+02 8.445908714247053473e-01
2.045898437499999716e+02 8.441209110349680023e-01
2.047119140624999716e+02 8.436509927482982452e-01
2.048339843749999716e+02 8.431811148357246655e-01
2.049560546874999716e+02 8.427111472536763515e-01
2.050781249999999716e+02 8.422412529079849053e-01
2.052001953124999716e+02 8.417713348745823332e-01
2.053222656249999716e+02 8.413013913303910574e-01
2.054443359374999716e+02 8.408315208254630857e-01
2.055664062499999716e+02 8.403615628271771110e-01
2.056884765624999716e+02 8.398916432206225968e-01
2.058105468749999716e+02 8.394217673320938378e-01
2.059326171874999716e+02 8.389517986490178103e-01
2.060546874999999716e+02 8.384819028798826679e-01
2.061767578124999716e+02 8.380119870443917263e-01
2.062988281249999716e+02 8.375420422956142419e-01
2.064208984374999716e+02 8.370721702636833017e-01
2.065429687499999716e+02 8.366022146371764334e-01
2.066650390624999716e+02 8.361322937224767715e-01
2.067871093749999716e+02 8.356624198383202362e-01
2.069091796874999716e+02 8.351924500659563266e-01
2.070312499999999716e+02 8.347225528851169862e-01
2.071533203124999716e+02 8.342526392278651892e-01
2.072753906249999716e+02 8.337826932862411056e-01
2.073974609374999716e+02 8.333128197390470282e-01
2.075195312499999716e+02 8.328428664646465585e-01
2.076416015624999716e+02 8.323729442535414691e-01
2.077636718749999716e+02 8.319030723540847827e-01
2.078857421874999716e+02 8.314331015041724893e-01
2.080078124999999716e+02 8.309632029233686712e-01
2.081298828124999716e+02 8.304932914246840880e-01
2.082519531249999716e+02 8.300233443019527924e-01
2.083740234374999716e+02 8.295534692512349650e-01
2.084960937499999716e+02 8.290835183092687410e-01
2.086181640624999716e+02 8.286136017675876930e-01
2.087402343749999716e+02 8.281437259471928769e-01
2.088623046874999716e+02 8.276737857186718950e-01
2.089843749999999716e+02 8.272038759032928068e-01
2.091064453124999716e+02 8.267339616493122323e-01
2.092285156249999716e+02 8.262640289937354110e-01
2.093505859374999716e+02 8.257941302510491965e-01
2.094726562499999716e+02 8.253241974361369415e-01
2.095947265624999716e+02 8.248542758990413670e-01
2.097167968749999716e+02 8.243843811991856674e-01
2.098388671874999716e+02 8.239144368795452422e-01
2.099609374999999716e+02 8.234445264135616949e-01
2.100830078124999716e+02 8.229746131612446503e-01
2.102050781249999716e+02 8.225046799585078450e-01
2.103271484374999716e+02 8.220347805162695476e-01
2.104492187499999716e+02 8.215648487852003079e-01
2.105712890624999716e+02 8.210949266519971257e-01
2.106933593749999716e+02 8.206250328623273527e-01
2.108154296874999716e+02 8.201550880500232399e-01
2.109374999999999716e+02 8.196851769389843501e-01
2.110595703124999716e+02 8.192152646790324955e-01
2.111816406249999716e+02 8.187453309346846009e-01
2.113037109374999716e+02 8.182754307984428932e-01
2.114257812499999716e+02 8.178055001419183290e-01
2.115478515624999716e+02 8.173355774181561006e-01
2.116699218749999716e+02 8.168656845293741364e-01
2.117919921874999716e+02 8.163957392299554527e-01
2.119140624999999716e+02 8.159258274794101151e-01
2.120361328124999716e+02 8.154559162025249996e-01
2.121582031249999716e+02 8.149859819221147994e-01
2.122802734374999716e+02 8.145160810974185761e-01
2.124023437499999716e+02 8.140461515061402364e-01
2.125244140624999716e+02 8.135762281973681898e-01
2.126464843749999716e+02 8.131063362001755834e-01
2.127685546874999716e+02 8.126363904191907794e-01
2.128906249999999716e+02 8.121664780346875556e-01
2.130126953124999716e+02 8.116965677315712835e-01
2.131347656249999716e+02 8.112266329206474502e-01
2.132568359374999716e+02 8.107567314130456060e-01
2.133789062499999716e+02 8.102868028777154841e-01
2.135009765624999716e+02 8.098168789894820696e-01
2.136230468749999716e+02 8.093469878745804813e-01
2.137451171874999716e+02 8.088770416175786737e-01
2.138671874999999716e+02 8.084071286046665694e-01
2.139892578124999716e+02 8.079372192660204677e-01
2.141113281249999716e+02 8.074672839301321181e-01
2.142333984374999716e+02 8.069973817451734366e-01
2.143554687499999716e+02 8.065274542564928595e-01
2.144775390624999716e+02 8.060575297943470829e-01
2.145996093749999716e+02 8.055876383899760462e-01
2.147216796874999716e+02 8.051176928249683673e-01
2.148437499999999716e+02 8.046477791891960551e-01
2.149658203124999716e+02 8.041778708057221170e-01
2.150878906249999716e+02 8.037079349504177017e-01
2.152099609374999716e+02 8.032380320936510776e-01
2.153320312499999716e+02 8.027681056423220385e-01
2.154541015624999716e+02 8.022981806118127945e-01
2.155761718749999716e+02 8.018369212035773019e-01
2.156982421874999716e+02 8.018294482216624663e-01
2.158203124999999716e+02 8.018849305996545995e-01
2.159423828124999716e+02 8.020271963806238080e-01
2.160644531249999716e+02 8.021693988408459264e-01
2.161865234374999716e+02 8.023116731350019570e-01
2.163085937499999716e+02 8.024538995895725835e-01
2.164306640624999716e+02 8.025961255452829235e-01
2.165527343749999716e+02 8.027384233964353077e-01
2.166748046874999716e+02 8.028806104759405038e-01
2.167968749999999716e+02 8.030228599584150473e-01
2.169189453124999716e+02 8.031651279476509364e-01
2.170410156249999716e+02 8.033073290536120181e-01
2.171630859374999716e+02 8.034496020941259697e-01
2.172851562499999716e+02 8.035918307027032359e-01
2.174072265624999716e+02 8.037340553364711315e-01
2.175292968749999716e+02 8.038763519663001400e-01
2.176513671874999716e+02 8.040185411455517128e-01
2.177734374999999716e+02 8.041607893384020711e-01
2.178955078124999716e+02 8.043030595420441742e-01
2.180175781249999716e+02 8.044452592900805943e-01
2.181396484374999716e+02 8.045875310732891750e-01
2.182617187499999716e+02 8.047297618420123921e-01
2.183837890624999716e+02 8.048719851501736633e-01
2.185058593749999716e+02 8.050142805550160041e-01
2.186279296874999716e+02 8.051564718401531540e-01
2.187499999999999716e+02 8.052987187397158131e-01
2.188720703124999716e+02 8.054409911639033304e-01
2.189941406249999716e+02 8.055831895503511308e-01
2.191162109374999716e+02 8.057254600725906046e-01
2.192382812499999716e+02 8.058676930075990841e-01
2.193603515624999716e+02 8.060099149864905499e-01
2.194824218749999716e+02 8.061522091626820430e-01
2.196044921874999716e+02 8.062944025598443032e-01
2.197265624999999716e+02 8.064366481624555272e-01
2.198486328124999716e+02 8.065789228133277700e-01
2.199707031249999716e+02 8.067211198345235479e-01
2.200927734374999716e+02 8.068633890921300678e-01
2.202148437499999716e+02 8.070056241995631208e-01
2.203369140624999716e+02 8.071478448455210453e-01
2.204589843749999716e+02 8.072901377893980657e-01
2.205810546874999716e+02 8.074323333047246365e-01
2.207031249999999716e+02 8.075745776067206894e-01
2.208251953124999716e+02 8.077168544904173020e-01
2.209472656249999716e+02 8.078590501426970993e-01
2.210693359374999716e+02 8.080013181320070403e-01
2.211914062499999716e+02 8.081435554180039782e-01
2.213134765624999716e+02 8.082857747273646254e-01
2.214355468749999716e+02 8.084280664352637702e-01
2.215576171874999716e+02 8.085702640748940739e-01
2.216796874999999716e+02 8.087125070726114417e-01
2.218017578124999716e+02 8.088547861952711804e-01
2.219238281249999716e+02 8.089969804749714832e-01
2.220458984374999716e+02 8.091392471923211094e-01
2.221679687499999716e+02 8.092814866630211323e-01
2.222900390624999716e+02 8.094237046321208773e-01
2.224121093749999716e+02 8.095659951003782995e-01
2.225341796874999716e+02 8.097081948704514254e-01
2.226562499999999716e+02 8.098504365602264832e-01
2.227783203124999716e+02 8.099927179279888811e-01
2.229003906249999716e+02 8.101349108314461755e-01
2.230224609374999716e+02 8.102771762731720839e-01
2.231445312499999716e+02 8.104194179347146143e-01
2.232666015624999716e+02 8.105616345598894990e-01
2.233886718749999716e+02 8.107039237848416846e-01
2.235107421874999716e+02 8.108461256914971660e-01
2.236328124999999716e+02 8.109883660696658447e-01
2.237548828124999716e+02 8.111306496886704354e-01
2.238769531249999716e+02 8.112728412122207633e-01
2.239990234374999716e+02 8.114151053746588849e-01
2.241210937499999716e+02 8.115573492331834560e-01
2.242431640624999716e+02 8.116995645107699664e-01
2.243652343749999716e+02 8.118418524887529575e-01
2.244873046874999716e+02 8.119840565381301056e-01
2.246093749999999716e+02 8.121262956010290024e-01
2.247314453124999716e+02 8.122685814774148749e-01
2.248535156249999716e+02 8.124107716173948335e-01
2.249755859374999716e+02 8.125530344968815433e-01
2.250976562499999716e+02 8.126952805585273554e-01
2.252197265624999716e+02 8.128374944848618666e-01
2.253417968749999716e+02 8.129797812122120382e-01
2.254638671874999716e+02 8.131219874104501644e-01
2.255859374999999716e+02 8.132642251544154322e-01
2.257080078124999716e+02 8.134065132943222309e-01
2.258300781249999716e+02 8.135487020470677511e-01
2.259521484374999716e+02 8.136909636399396462e-01
2.260742187499999716e+02 8.138332119108458995e-01
2.261962890624999716e+02 8.139754244822645646e-01
2.263183593749999716e+02 8.141177099553182916e-01
2.264404296874999716e+02 8.142599183085564851e-01
2.265624999999999716e+02 8.144021547299247210e-01
2.266845703124999716e+02 8.145444451394915353e-01
2.268066406249999716e+02 8.146866325013392141e-01
2.269287109374999716e+02 8.148288481045029563e-01
2.270507812499999716e+02 8.149711079361618982e-01
2.271728515624999716e+02 8.151131726357025986e-01
2.272949218749999716e+02 8.152555771752405533e-01
2.274169921874999716e+02 8.153977014701789816e-01
2.275390624999999716e+02 8.155399192325459845e-01
2.276611328124999716e+02 8.156823559800165935e-01
2.277832031249999716e+02 8.158243869354302458e-01
2.279052734374999716e+02 8.159666956282817241e-01
2.280273437499999716e+02 8.161089803625201089e-01
2.281494140624999716e+02 8.162511021334445394e-01
2.282714843749999716e+02 8.163935018756987017e-01
2.283935546874999716e+02 8.165356344116454501e-01
2.285156249999999716e+02 8.166778471170166309e-01
2.286376953124999716e+02 8.168202925414853599e-01
2.287597656249999716e+02 8.169623181801931588e-01
2.288818359374999716e+02 8.171046219389390686e-01
2.290039062499999716e+02 8.172469151438535029e-01
2.291259765624999716e+02 8.173890317209612233e-01
2.292480468749999716e+02 8.175314266520006257e-01
2.293701171874999716e+02 8.176735674523003539e-01
2.294921874999999716e+02 8.178157750867446341e-01
2.296142578124999716e+02 8.179582292115556985e-01
2.297363281249999716e+02 8.181002495196267876e-01
2.298583984374999716e+02 8.182425483303360503e-01
2.299804687499999716e+02 8.183848500292709716e-01
2.301025390624999716e+02 8.185269613986310144e-01
2.302246093749999716e+02 8.186693515045245784e-01
2.303466796874999716e+02 8.188115005925219458e-01
2.304687499999999716e+02 8.189537031421083579e-01
2.305908203124999716e+02 8.190961659906064174e-01
2.307128906249999716e+02 8.192381809541097182e-01
2.308349609374999716e+02 8.193804748028512552e-01
2.309570312499999716e+02 8.195227850191513230e-01
2.310791015624999716e+02 8.196668843443332131e-01
2.312011718749999716e+02 8.198119208639926825e-01
2.313232421874999716e+02 8.199572621150318374e-01
2.314453124999999716e+02 8.201026434156959422e-01
2.315673828124999716e+02 8.202482988668311492e-01
2.316894531249999716e+02 8.203934923193954010e-01
2.318115234374999716e+02 8.205389650437205917e-01
2.319335937499999716e+02 8.206844676554720941e-01
2.320556640624999716e+02 8.208297524141467960e-01
2.321777343749999716e+02 8.209753166837160387e-01
2.322998046874999716e+02 8.211206662668785183e-01
2.324218749999999716e+02 8.212660424532639558e-01
2.325439453124999716e+02 8.214116983896502244e-01
2.326660156249999716e+02 8.215568947550332402e-01
2.327880859374999716e+02 8.217023624907208168e-01
2.329101562499999716e+02 8.218478736694035947e-01
2.330322265624999716e+02 8.219931531739163022e-01
2.331542968749999716e+02 8.221387125804889839e-01
2.332763671874999716e+02 8.222840705196418076e-01
2.333984374999999716e+02 8.224294415775056377e-01
2.335205078124999716e+02 8.225750927765373977e-01
2.336425781249999716e+02 8.227202972869690489e-01
2.337646484374999716e+02 8.228657600197758493e-01
2.338867187499999716e+02 8.230112797892572551e-01
2.340087890624999716e+02 8.231565540253652502e-01
2.341308593749999716e+02 8.233021085546983198e-01
2.342529296874999716e+02 8.234474748737089511e-01
2.343749999999999716e+02 8.235928407888082337e-01
2.344970703124999716e+02 8.237384872362421007e-01
2.346191406249999716e+02 8.238836999155899621e-01
2.347412109374999716e+02 8.240291576312729349e-01
2.348632812499999716e+02 8.241746860154200993e-01
2.349853515624999716e+02 8.243199549688805527e-01
2.351074218749999716e+02 8.244655046067311810e-01
2.352294921874999716e+02 8.246108793294667505e-01
2.353515624999999716e+02 8.247562400875587674e-01
2.354736328124999716e+02 8.249018817691519123e-01
2.355957031249999716e+02 8.250471026412830033e-01
2.357177734374999716e+02 8.251924121212025343e-01
2.358398437499999716e+02 8.253380290093468297e-01
2.359619140624999716e+02 8.254831235468859107e-01
2.360839843749999716e+02 8.256287793924725893e-01
2.362060546874999716e+02 8.257741235400242186e-01
2.363281249999999716e+02 8.259194145164536760e-01
2.364501953124999716e+02 8.260652481606088893e-01
2.365722656249999716e+02 8.262102951170235965e-01
2.366943359374999716e+02 8.263557636653510174e-01
2.368164062499999716e+02 8.265014213492147821e-01
2.369384765624999716e+02 8.266465247429221064e-01
2.370605468749999716e+02 8.267921710976851024e-01
2.371826171874999716e+02 8.269375315484539524e-01
2.373046874999999716e+02 8.270828125218504523e-01
2.374267578124999716e+02 8.272286369175515519e-01
2.375488281249999716e+02 8.273736997702672014e-01
2.376708984374999716e+02 8.275191585579276810e-01
2.377929687499999716e+02 8.276648329979623409e-01
2.379150390624999716e+02 8.278099261187980007e-01
2.380371093749999716e+02 8.279555629552619589e-01
2.381591796874999716e+02 8.281009397552885343e-01
2.382812499999999716e+02 8.282462106981773875e-01
2.384033203124999716e+02 8.283920258179492402e-01
2.385253906249999716e+02 8.285371046130065587e-01
2.386474609374999716e+02 8.286825536125250746e-01
2.387695312499999716e+02 8.288282448547711345e-01
2.388916015624999716e+02 8.289733276752601077e-01
2.390136718749999716e+02 8.291189549659498947e-01
2.391357421874999716e+02 8.292643481612751444e-01
2.392578124999999716e+02 8.294096090461809956e-01
2.393798828124999716e+02 8.295554148625481350e-01
2.395019531249999716e+02 8.297005096459884044e-01
2.396240234374999716e+02 8.298459488298898235e-01
2.397460937499999716e+02 8.299916569203875660e-01
2.398681640624999716e+02 8.301367294130550523e-01
2.399902343749999716e+02 8.302823471304953129e-01
2.401123046874999716e+02 8.304277567671598526e-01
2.402343749999999716e+02 8.305730075666079015e-01
2.403564453124999716e+02 8.307188040520951944e-01
2.404785156249999716e+02 8.308639148699589194e-01
2.406005859374999716e+02 8.310093442107679973e-01
2.407226562499999716e+02 8.311550691955582604e-01
2.408447265624999716e+02 8.313001313329294595e-01
2.409667968749999716e+02 8.314457394496447273e-01
2.410888671874999716e+02 8.315911655736895058e-01
2.412109374999999716e+02 8.317364062602047303e-01
2.413330078124999716e+02 8.318821933873365992e-01
2.414550781249999716e+02 8.320273202856648398e-01
2.415771484374999716e+02 8.321727397559065542e-01
2.416992187499999716e+02 8.323184816810298425e-01
2.418212890624999716e+02 8.324635334356296212e-01
2.419433593749999716e+02 8.326091319241449851e-01
2.420654296874999716e+02 8.327545745816105072e-01
2.421874999999999716e+02 8.328998051277177739e-01
2.423095703124999716e+02 8.330455828690189746e-01
2.424316406249999716e+02 8.331907258938526795e-01
2.425537109374999716e+02 8.333361265588316025e-01
2.426757812499999716e+02 8.334818924186083722e-01
2.427978515624999716e+02 8.336267997963802134e-01
2.429199218749999716e+02 8.337724351903249564e-01
2.430419921874999716e+02 8.339179041276345572e-01
2.431640624999999716e+02 8.340630662681148833e-01
2.432861328124999716e+02 8.342089322106696070e-01
2.434082031249999716e+02 8.343540157687668879e-01
2.435302734374999716e+02 8.344994081666912145e-01
2.436523437499999716e+02 8.346452838913330785e-01
2.437744140624999716e+02 8.347902026691943478e-01
2.438964843749999716e+02 8.349358256258287980e-01
2.440185546874999716e+02 8.350813159173999800e-01
2.441406249999999716e+02 8.352264649626763848e-01
2.442626953124999716e+02 8.353723187792273519e-01
2.443847656249999716e+02 8.355174231689327380e-01
2.445068359374999716e+02 8.356628027829532401e-01
2.446289062499999716e+02 8.358087004436406398e-01
2.447509765624999716e+02 8.359536057797117836e-01
2.448730468749999716e+02 8.360992162637457259e-01
2.449951171874999716e+02 8.362447279687145185e-01
2.451171874999999716e+02 8.363898638834975641e-01
2.452392578124999716e+02 8.365357055387548924e-01
2.453613281249999716e+02 8.366808308192045240e-01
2.454833984374999716e+02 8.368261976140315417e-01
2.456054687499999716e+02 8.369721172698996181e-01
2.457275390624999716e+02 8.371170091288915316e-01
2.458496093749999716e+02 8.372626071050351948e-01
2.459716796874999716e+02 8.374081402825376275e-01
2.460937499999999716e+02 8.375532630315375426e-01
2.462158203124999716e+02 8.376990924902106839e-01
2.463378906249999716e+02 8.378442387205410347e-01
2.464599609374999716e+02 8.380187723021925716e-01
2.465820312499999716e+02 8.382168178259162827e-01
2.467041015624999716e+02 8.384240320929904344e-01
2.468261718749999716e+02 8.386323555630788018e-01
2.469482421874999716e+02 8.388406484227641791e-01
2.470703124999999716e+02 8.390484958791969428e-01
2.471923828124999716e+02 8.392570513104871122e-01
2.473144531249999716e+02 8.394649565279790338e-01
2.474365234374999716e+02 8.396730355287868042e-01
2.475585937499999716e+02 8.398817377943676998e-01
2.476806640624999716e+02 8.400893402567534141e-01
2.478027343749999716e+02 8.402976817195590975e-01
2.479248046874999716e+02 8.405059861272947686e-01
2.480468749999999716e+02 8.407139399582140848e-01
2.481689453124999716e+02 8.409223991538307130e-01
2.482910156249999716e+02 8.411303778074590287e-01
2.484130859374999716e+02 8.413384653451720929e-01
2.485351562499999716e+02 8.415470657710463209e-01
2.486572265624999716e+02 8.417547815668106059e-01
2.487792968749999716e+02 8.419630500559520669e-01
2.489013671874999716e+02 8.421713480407035934e-01
2.490234374999999716e+02 8.423792444632967058e-01
2.491455078124999716e+02 8.425876942395764679e-01
2.492675781249999716e+02 8.427956892607620931e-01
2.493896484374999716e+02 8.430037666459621049e-01
2.495117187499999716e+02 8.432123846702052061e-01
2.496337890624999716e+02 8.434200895802882458e-01
2.497558593749999716e+02 8.436283482638398112e-01
2.498779296874999716e+02 8.438366632645073473e-01
2.499999999999999716e+02 8.440445491483384854e-01
2.501220703124999716e+02 8.442529894659532852e-01
2.502441406249999716e+02 8.444610009205987255e-01
2.503662109374999716e+02 8.446690681139579215e-01
2.504882812499999716e+02 8.448776904013138855e-01
2.506103515624999716e+02 8.450853977875468770e-01
2.507324218749999716e+02 8.452936466261805615e-01
2.508544921874999716e+02 8.455019787086667238e-01
2.509765624999999716e+02 8.457098540144081245e-01
2.510986328124999716e+02 8.459182848340299765e-01
2.512207031249999716e+02 8.461263127880381818e-01
2.513427734374999716e+02 8.463343697502287988e-01
2.514648437499999716e+02 8.465429828865181916e-01
2.515869140624999716e+02 8.467507061896548670e-01
2.517089843749999716e+02 8.469589451440430183e-01
2.518310546874999716e+02 8.471672943742502015e-01
2.519531249999999716e+02 8.473751590625744345e-01
2.520751953124999716e+02 8.475835803448750205e-01
2.521972656249999716e+02 8.477916248641487185e-01
2.523193359374999716e+02 8.479996715558426601e-01
2.524414062499999716e+02 8.482082755017376074e-01
2.525634765624999716e+02 8.484160147876811386e-01
2.526855468749999716e+02 8.486242438184954384e-01
2.528076171874999716e+02 8.488326102623263703e-01
2.529296874999999716e+02 8.490404642939054503e-01
2.530517578124999716e+02 8.492489332519584933e-01
2.531738281249999716e+02 8.494570179015823452e-01
2.532958984374999716e+02 8.496651784765023585e-01
2.534179687499999716e+02 8.498735880234226103e-01
2.535400390624999716e+02 8.500815183940454434e-01
2.536621093749999716e+02 8.502897134952818181e-01
2.537841796874999716e+02 8.504980025930919396e-01
2.539062499999999716e+02 8.507059832006200750e-01
2.540283203124999716e+02 8.509142827831721601e-01
2.541503906249999716e+02 8.511223972661633441e-01
2.542724609374999716e+02 8.513304821697360580e-01
2.543945312499999716e+02 8.515388864252481094e-01
2.545166015624999716e+02 8.517468259951928022e-01
2.546386718749999716e+02 8.519550153864740016e-01
2.547607421874999716e+02 8.521633143862393789e-01
2.548828124999999716e+02 8.523712888652675845e-01
2.550048828124999716e+02 8.525795829359122946e-01
2.551269531249999716e+02 8.527877069883531558e-01
2.552490234374999716e+02 8.529957859614724081e-01
2.553710937499999716e+02 8.532041849031252179e-01
2.554931640624999716e+02 8.534121337100134541e-01
2.556152343749999716e+02 8.536203173688886592e-01
2.557373046874999716e+02 8.538286263082309757e-01
2.558593749999999716e+02 8.540365946363079885e-01
2.559814453124999716e+02 8.542448831725942826e-01
2.561035156249999432e+02 8.544530168321067265e-01
2.562255859374999432e+02 8.546610898523216981e-01
2.563476562499999432e+02 8.548694834576643364e-01
2.564697265624999432e+02 8.550774415391177996e-01
2.565917968749999432e+02 8.552856194431356363e-01
2.567138671874999432e+02 8.554939383596766866e-01
2.568359374999999432e+02 8.557019005143519097e-01
2.569580078124999432e+02 8.559101834938285247e-01
2.570800781249999432e+02 8.561183267980344569e-01
2.572021484374999432e+02 8.563263938428939959e-01
2.573242187499999432e+02 8.565337114293081200e-01
2.574462890624999432e+02 8.567284640854635480e-01
2.575683593749999432e+02 8.569149155669338880e-01
2.576904296874999432e+02 8.570924257342222852e-01
2.578124999999999432e+02 8.572695629707899334e-01
2.579345703124999432e+02 8.574470216214737928e-01
2.580566406249999432e+02 8.576243558528492406e-01
2.581787109374999432e+02 8.578015981868982731e-01
2.583007812499999432e+02 8.579791622561819819e-01
2.584228515624999432e+02 8.581563202975668325e-01
2.585449218749999432e+02 8.583336678923897400e-01
2.586669921874999432e+02 8.585111880614104685e-01
2.587890624999999432e+02 8.586883191408674065e-01
2.589111328124999432e+02 8.588657721597461325e-01
2.590332031249999432e+02 8.590431161095763990e-01
2.591552734374999432e+02 8.592203524552403104e-01
2.592773437499999432e+02 8.593979110614455852e-01
2.593994140624999432e+02 8.595750785380070758e-01
2.595214843749999432e+02 8.597524203131708953e-01
2.596435546874999432e+02 8.599299505159755386e-01
2.597656249999999432e+02 8.601070754191951773e-01
2.598876953124999432e+02 8.602845227871411815e-01
2.600097656249999432e+02 8.604618764874780723e-01
2.601318359374999432e+02 8.606391068256299404e-01
2.602539062499999432e+02 8.608166599496297478e-01
2.603759765624999432e+02 8.609938368934195729e-01
2.604980468749999432e+02 8.611711728297971602e-01
2.606201171874999432e+02 8.613487130984374129e-01
2.607421874999999432e+02 8.615258318062927190e-01
2.608642578124999432e+02 8.617032216346810491e-01
2.609863281249999432e+02 8.618805904534460050e-01
2.611083984374999432e+02 8.620575773031543543e-01
2.612304687499999432e+02 8.622353266684995576e-01
2.613525390624999432e+02 8.624123561848214825e-01
2.614746093749999432e+02 8.625896719736698692e-01
2.615966796874999432e+02 8.627674268076515052e-01
2.617187499999999432e+02 8.629443089385062660e-01
2.618408203124999432e+02 8.631218358516328237e-01
2.619628906249999432e+02 8.632992377781970594e-01
2.620849609374999432e+02 8.634763307186877901e-01
2.622070312499999432e+02 8.636540690814815679e-01
2.623291015624999432e+02 8.638311175942244846e-01
2.624511718749999432e+02 8.640084216698359354e-01
2.625732421874999432e+02 8.641861966932919970e-01
2.626953124999999432e+02 8.643630664002349695e-01
2.628173828124999432e+02 8.645405819364053723e-01
2.629394531249999432e+02 8.647180034878600985e-01
2.630615234374999432e+02 8.648950843407144928e-01
2.631835937499999432e+02 8.650728116628354503e-01
2.633056640624999432e+02 8.652498792358804813e-01
2.634277343749999432e+02 8.654271715601336012e-01
2.635498046874999432e+02 8.656049668369445449e-01
2.636718749999999432e+02 8.657818240818551114e-01
2.637939453124999432e+02 8.659593282029477423e-01
2.639160156249999432e+02 8.661367694431735265e-01
2.640380859374999432e+02 8.663138381702706337e-01
2.641601562499999432e+02 8.664915544135969316e-01
2.642822265624999432e+02 8.666686411108249777e-01
2.644042968749999432e+02 8.668459216455985938e-01
2.645263671874999432e+02 8.670237372396448761e-01
2.646484374999999432e+02 8.672005819844019747e-01
2.647705078124999432e+02 8.673780746522956608e-01
2.648925781249999432e+02 8.675555356451732925e-01
2.650146484374999432e+02 8.677325922083917176e-01
2.651367187499999432e+02 8.679102973348019612e-01
2.652587890624999432e+02 8.680874032200941448e-01
2.653808593749999432e+02 8.682646719272669733e-01
2.655029296874999432e+02 8.684425079024289396e-01
2.656249999999999432e+02 8.686193401089115085e-01
2.657470703124999432e+02 8.687968212854846328e-01
2.658691406249999432e+02 8.689743020948949015e-01
2.659912109374999432e+02 8.691513464561136937e-01
2.661132812499999432e+02 8.693290554627431943e-01
2.662353515624999432e+02 8.695061949349499608e-01
2.663574218749999432e+02 8.696834874302891150e-01
2.664794921874999432e+02 8.698612818596819229e-01
2.666015624999999432e+02 8.700381650408531842e-01
2.667236328124999432e+02 8.702156195304201480e-01
2.668457031249999432e+02 8.703931013038134212e-01
2.669677734374999432e+02 8.705701712460913733e-01
2.670898437499999432e+02 8.707478130593246934e-01
2.672119140624999432e+02 8.709249817316178088e-01
2.673339843749999432e+02 8.711022387210792806e-01
2.674560546874999432e+02 8.712800511759899447e-01
2.675781249999999432e+02 8.714569232700988266e-01
2.677001953124999432e+02 8.716343675927847867e-01
2.678222656249999432e+02 8.718118668954761841e-01
2.679443359374999432e+02 8.719889260462484470e-01
2.680664062499999432e+02 8.721665579881635599e-01
2.681884765624999432e+02 8.723437436935318479e-01
2.683105468749999432e+02 8.725209901870464302e-01
2.684326171874999432e+02 8.726988100341595000e-01
2.685546874999999432e+02 8.728756816971616761e-01
2.686767578124999432e+02 8.730531158194613228e-01
2.687988281249999432e+02 8.732306327075963770e-01
2.689208984374999432e+02 8.734076810333577523e-01
2.690429687499999432e+02 8.735853030704491262e-01
2.691650390624999432e+02 8.737625058650385634e-01
2.692871093749999432e+02 8.739397418291006137e-01
2.694091796874999432e+02 8.741175520669546284e-01
2.695312499999999432e+02 8.742944403229518935e-01
2.696533203124999432e+02 8.744718642113596951e-01
2.697753906249999432e+02 8.746493987410842719e-01
2.698974609374999432e+02 8.748264362083295609e-01
2.700195312499999432e+02 8.750040483070918862e-01
2.701416015624999432e+02 8.751812682470482274e-01
2.702636718749999432e+02 8.753584936481525469e-01
2.703857421874999432e+02 8.755362942432418638e-01
2.705078124999999432e+02 8.757131991483801947e-01
2.706298828124999432e+02 8.759901681060526801e-01
2.707519531249999432e+02 8.764003609215066382e-01
2.708740234374999432e+02 8.768755590775469955e-01
2.709960937499999432e+02 8.773647459444313679e-01
2.711181640624999432e+02 8.778535678159357092e-01
2.712402343749999432e+02 8.783423668507952531e-01
2.713623046874999432e+02 8.788317467117590098e-01
2.714843749999999432e+02 8.793202830502608869e-01
2.716064453124999432e+02 8.798092767461905828e-01
2.717285156249999432e+02 8.802984101904917091e-01
2.718505859374999432e+02 8.807870414831538985e-01
2.719726562499999432e+02 8.812761948202399997e-01
2.720947265624999432e+02 8.817650425244888401e-01
2.722167968749999432e+02 8.822538442892143840e-01
2.723388671874999432e+02 8.827431694979656074e-01
2.724609374999999432e+02 8.832317303547583265e-01
2.725830078124999432e+02 8.837207033032223880e-01
2.727050781249999432e+02 8.842098534873478188e-01
2.728271484374999432e+02 8.846984739972351131e-01
2.729492187499999432e+02 8.851876188411045288e-01
2.730712890624999432e+02 8.856764820505041991e-01
2.731933593749999432e+02 8.861652737678517022e-01
2.733154296874999432e+02 8.866545912187839829e-01
2.734374999999999432e+02 8.871431663460539463e-01
2.735595703124999432e+02 8.876321299825371547e-01
2.736816406249999432e+02 8.881212970461854761e-01
2.738037109374999432e+02 8.886099066899320054e-01
2.739257812499999432e+02 8.890990429572183107e-01
2.740478515624999432e+02 8.895879218114677300e-01
2.741699218749999432e+02 8.900767033980708787e-01
2.742919921874999432e+02 8.905660130078181247e-01
2.744140624999999432e+02 8.910546025452636965e-01
2.745361328124999432e+02 8.915435567864001820e-01
2.746582031249999432e+02 8.920327408692695359e-01
2.747802734374999432e+02 8.925213395635092084e-01
2.749023437499999432e+02 8.930104671708465336e-01
2.750244140624999432e+02 8.934993618096439549e-01
2.751464843749999432e+02 8.939881331821368793e-01
2.752685546874999432e+02 8.944774348673331099e-01
2.753906249999999432e+02 8.949660389546528760e-01
2.755126953124999432e+02 8.954549837170762139e-01
2.756347656249999432e+02 8.959441849588654083e-01
2.757568359374999432e+02 8.964327726202321323e-01
2.758789062499999432e+02 8.969218914842542745e-01
2.760009765624999432e+02 8.974108020472983949e-01
2.761230468749999432e+02 8.978995631223150031e-01
2.762451171874999432e+02 8.983888567995942376e-01
2.763671874999999432e+02 8.988774755764865620e-01
2.764892578124999432e+02 8.993664107768308824e-01
2.766113281249999432e+02 8.998556293172381704e-01
2.767333984374999432e+02 9.003442058623662980e-01
2.768554687499999432e+02 9.008333158997070544e-01
2.769775390624999432e+02 9.013222425266962379e-01
2.770996093749999432e+02 9.018109932208704382e-01
2.772216796874999432e+02 9.023002788068664737e-01
2.773437499999999432e+02 9.027889124130300535e-01
2.774658203124999432e+02 9.032778379679294867e-01
2.775878906249999432e+02 9.037670739466530101e-01
2.777099609374999432e+02 9.042556392921763386e-01
2.778320312499999432e+02 9.047447404194698395e-01
2.779541015624999432e+02 9.052336832501026720e-01
2.780761718749999432e+02 9.057224234800687057e-01
2.781982421874999432e+02 9.062090991057161204e-01
2.783203124999999432e+02 9.066919231584111838e-01
2.784423828124999432e+02 8.881073081364208033e-01
2.785644531249999432e+02 9.033875706906462355e-01
2.786865234374999432e+02 8.867446187454023354e-01
2.788085937499999432e+02 8.947130166133202556e-01
2.789306640624999432e+02 8.965700877425851756e-01
2.790527343749999432e+02 8.879031906381876782e-01
2.791748046874999432e+02 9.089330289040203903e-01
2.792968749999999432e+02 9.071109354366063693e-01
2.794189453124999432e+02 9.111008739658031930e-01
2.795410156249999432e+02 9.115899996656302573e-01
2.796630859374999432e+02 9.120787068691840194e-01
2.797851562499999432e+02 9.125677244567169666e-01
2.799072265624999432e+02 9.130566803535079545e-01
2.800292968749999432e+02 9.135454888557400510e-01
2.801513671874999432e+02 9.140346085458875836e-01
2.802734374999999432e+02 9.145233940035462084e-01
2.803955078124999432e+02 9.150123042132377593e-01
2.805175781249999432e+02 9.155014401703855942e-01
2.806396484374999432e+02 9.153514548388155259e-01
2.807617187499999432e+02 9.151561329906647835e-01
2.808837890624999432e+02 9.149539340862549164e-01
2.810058593749999432e+02 9.147515729095279102e-01
2.811279296874999432e+02 9.145495231904589017e-01
2.812499999999999432e+02 9.143471537900043078e-01
2.813720703124999432e+02 9.141448946208656778e-01
2.814941406249999432e+02 9.139428755202939625e-01
2.816162109374999432e+02 9.137404069434523768e-01
2.817382812499999432e+02 9.135382496128205965e-01
2.818603515624999432e+02 9.133360600464445200e-01
2.819824218749999432e+02 9.131336934715421627e-01
2.821044921874999432e+02 9.129316378103256024e-01
2.822265624999999432e+02 9.127292780412489259e-01
2.823486328124999432e+02 9.125270132992129302e-01
2.824707031249999432e+02 9.123250032101394291e-01
2.825927734374999432e+02 9.121225294296522179e-01
2.827148437499999432e+02 9.119203663514006131e-01
2.828369140624999432e+02 9.117181860898680990e-01
2.829589843749999432e+02 9.115158141365973243e-01
2.830810546874999432e+02 9.113137525530395910e-01
2.832031249999999432e+02 9.111114023821503816e-01
2.833251953124999432e+02 9.109091320870233988e-01
2.834472656249999432e+02 9.107071309762576616e-01
2.835693359374999432e+02 9.105046520119316478e-01
2.836914062499999432e+02 9.103024832058673743e-01
2.838134765624999432e+02 9.101003122159871950e-01
2.839355468749999432e+02 9.098979349041549369e-01
2.840576171874999432e+02 9.096958674180631865e-01
2.841796874999999432e+02 9.094935268121703276e-01
2.843017578124999432e+02 9.092912509837594026e-01
2.844238281249999432e+02 9.090892588181099798e-01
2.845458984374999432e+02 9.088867746897525413e-01
2.846679687499999432e+02 9.086846001756823110e-01
2.847900390624999432e+02 9.084824384242636830e-01
2.849121093749999432e+02 9.082800557736764313e-01
2.850341796874999432e+02 9.080779824048575977e-01
2.851562499999999432e+02 9.078756513307703058e-01
2.852783203124999432e+02 9.076733699888823725e-01
2.854003906249999432e+02 9.074713867351588137e-01
2.855224609374999432e+02 9.072688974625764402e-01
2.856445312499999432e+02 9.070667172603072981e-01
2.857666015624999432e+02 9.068645647141594379e-01
2.858886718749999432e+02 9.066621767446243485e-01
2.860107421874999432e+02 9.064600975128849214e-01
2.861328124999999432e+02 9.062577759374127462e-01
2.862548828124999432e+02 9.060554891018546275e-01
2.863769531249999432e+02 9.058535106715468466e-01
2.864990234374999432e+02 9.056510203298654416e-01
2.866210937499999432e+02 9.054488344592039883e-01
2.867431640624999432e+02 9.052466910851361126e-01
2.868652343749999432e+02 9.050442978164602303e-01
2.869873046874999432e+02 9.048422127416068106e-01
2.871093749999999432e+02 9.046399006315590796e-01
2.872314453124999432e+02 9.044376083221373763e-01
2.873535156249999432e+02 9.042356238739948093e-01
2.874755859374999432e+02 9.040331432910813092e-01
2.875976562499999432e+02 9.038309517718341457e-01
2.877197265624999432e+02 9.036288175366555819e-01
2.878417968749999432e+02 9.034264189886455076e-01
2.879638671874999432e+02 9.032241877742678282e-01
2.880859374999999432e+02 9.030218122558402172e-01
2.882080078124999432e+02 9.028194157058310187e-01
2.883300781249999432e+02 9.026177173700190570e-01
2.884521484374999432e+02 9.024149646274672865e-01
2.885742187499999432e+02 9.022128126222981326e-01
2.886962890624999432e+02 9.020108186834767672e-01
2.888183593749999432e+02 9.018082131018404501e-01
2.889404296874999432e+02 9.016062815564354072e-01
2.890624999999999432e+02 9.014039185634280527e-01
2.891845703124999432e+02 9.012015338002739018e-01
2.893066406249999432e+02 9.009998223434610987e-01
2.894287109374999432e+02 9.007970908737635840e-01
2.895507812499999432e+02 9.005949265580175389e-01
2.896728515624999432e+02 9.003929525315422788e-01
2.897949218749999432e+02 9.001903354497650112e-01
2.899169921874999432e+02 8.999883912103056050e-01
2.900390624999999432e+02 8.997860487734772317e-01
2.901611328124999432e+02 8.995836521266988850e-01
2.902832031249999432e+02 8.993819275923566892e-01
2.904052734374999432e+02 8.991792173226665907e-01
2.905273437499999432e+02 8.989770407398161023e-01
2.906494140624999432e+02 8.987750865528395527e-01
2.907714843749999432e+02 8.985724580143934492e-01
2.908935546874999432e+02 8.983705011243515726e-01
2.910156249999999432e+02 8.981681791708552298e-01
2.911376953124999432e+02 8.979657706839250242e-01
2.912597656249999432e+02 8.977640331155249953e-01
2.913818359374999432e+02 8.975613439729958065e-01
2.915039062499999432e+02 8.973591551665125454e-01
2.916259765624999432e+02 8.971572207461870896e-01
2.917480468749999432e+02 8.969545807945445981e-01
2.918701171874999432e+02 8.967526112973921437e-01
2.919921874999999432e+02 8.965503097543805477e-01
2.921142578124999432e+02 8.963478894707705980e-01
2.922363281249999432e+02 8.961461389117845178e-01
2.923583984374999432e+02 8.959434708235692879e-01
2.924804687499999432e+02 8.957412698369251469e-01
2.926025390624999432e+02 8.955393551104043892e-01
2.927246093749999432e+02 8.961862467768973994e-01
2.928466796874999432e+02 8.969745834855875621e-01
2.929687499999999432e+02 8.978053874322944328e-01
2.930908203124999432e+02 8.986360383580873634e-01
2.932128906249999432e+02 8.994673616175050679e-01
2.933349609374999432e+02 9.002977970117640449e-01
2.934570312499999432e+02 9.011286676023821940e-01
2.935791015624999432e+02 9.019598604545846499e-01
2.937011718749999432e+02 9.027902779944810829e-01
2.938232421874999432e+02 9.036213697745608675e-01
2.939453124999999432e+02 9.044521938016749640e-01
2.940673828124999432e+02 9.052828310572638149e-01
2.941894531249999432e+02 9.061141455514736265e-01
2.943115234374999432e+02 9.069445983810586753e-01
2.944335937499999432e+02 9.077754568769410559e-01
2.945556640624999432e+02 9.086066727539164889e-01
2.946777343749999432e+02 9.094370748695412843e-01
2.947998046874999432e+02 9.102681561303518354e-01
2.949218749999999432e+02 9.110990005371543132e-01
2.950439453124999432e+02 9.119296239439409479e-01
2.951660156249999432e+02 9.127609294943452856e-01
2.952880859374999432e+02 9.135914000585368955e-01
2.954101562499999432e+02 9.144222462810857044e-01
2.955322265624999432e+02 9.152534854821146038e-01
2.956542968749999432e+02 9.160838719948701803e-01
2.957763671874999432e+02 9.169149654096702129e-01
2.958984374999999432e+02 9.177458295836339319e-01
2.960205078124999432e+02 9.185764664134348223e-01
2.961425781249999432e+02 9.194077264087102686e-01
2.962646484374999432e+02 9.202382444897776459e-01
2.963867187499999432e+02 9.210690795786752316e-01
2.965087890624999432e+02 9.219003087122382700e-01
2.966308593749999432e+02 9.227307185439775905e-01
2.967529296874999432e+02 9.235617611148968509e-01
2.968749999999999432e+02 9.243926442302645707e-01
2.969970703124999432e+02 9.252232601905219234e-01
2.971191406249999432e+02 9.260545116437211011e-01
2.972412109374999432e+02 9.268850465620429580e-01
2.973632812499999432e+02 9.277158700510119704e-01
2.974853515624999432e+02 9.285471211552002169e-01
2.976074218749999432e+02 9.293775163291517760e-01
2.977294921874999432e+02 9.302085487470574954e-01
2.978515624999999432e+02 9.310394514037939606e-01
2.979736328124999432e+02 9.318700541531809156e-01
2.980957031249999432e+02 9.327012969002790310e-01
2.982177734374999432e+02 9.335318489307156131e-01
2.983398437499999432e+02 9.343626606557309255e-01
2.984619140624999432e+02 9.351939340054055139e-01
2.985839843749999432e+02 9.360243143575441849e-01
2.987060546874999432e+02 9.368553364584114584e-01
2.988281249999999432e+02 9.376862589313772478e-01
2.989501953124999432e+02 9.385168483058687894e-01
2.990722656249999432e+02 9.393480821828408267e-01
2.991943359374999432e+02 9.401786516002529348e-01
2.993164062499999432e+02 9.410094513972895314e-01
2.994384765624999432e+02 9.418407472673109293e-01
2.995605468749999432e+02 9.426711126336116964e-01
2.996826171874999432e+02 9.435021242534151753e-01
2.998046874999999432e+02 9.443330668174714226e-01
2.999267578124999432e+02 9.451636426530424240e-01
3.000488281249999432e+02 9.459948674958638115e-01
3.001708984374999432e+02 9.468254545751118023e-01
3.002929687499999432e+02 9.476562422801443342e-01
3.004150390624999432e+02 9.484875609453732315e-01
3.005371093749999432e+02 9.493179111618111898e-01
3.006591796874999432e+02 9.501489121365261914e-01
3.007812499999999432e+02 9.509798750665332534e-01
3.009033203124999432e+02 9.518104371991585877e-01
3.010253906249999432e+02 9.526416528438043096e-01
3.011474609374999432e+02 9.534722578597489839e-01
3.012695312499999432e+02 9.543030333087524353e-01
3.013916015624999432e+02 9.551343750440496327e-01
3.015136718749999432e+02 9.559647099465995446e-01
3.016357421874999432e+02 9.567957001122008309e-01
3.017578124999999432e+02 9.576266836830196194e-01
3.018798828124999432e+02 9.584572319486740488e-01
3.020019531249999432e+02 9.592884382311195335e-01
3.021240234374999432e+02 9.601190614586213590e-01
3.022460937499999432e+02 9.609498244875706030e-01
3.023681640624999432e+02 9.617811895677966794e-01
3.024902343749999432e+02 9.626115089924338619e-01
3.026123046874999432e+02 9.634424881848961952e-01
3.027343749999999432e+02 9.642734926713876220e-01
3.028564453124999432e+02 9.651040269060457977e-01
3.029785156249999432e+02 9.659352236622658072e-01
3.031005859374999432e+02 9.667658653761855847e-01
3.032226562499999432e+02 9.675966158210554946e-01
3.033447265624999432e+02 9.684280045210715837e-01
3.034667968749999432e+02 9.692583083037705771e-01
3.035888671874999432e+02 9.700893414480129540e-01
3.037109374999999432e+02 9.709203412106471864e-01
3.038330078124999432e+02 9.717509762700696774e-01
3.039550781249999432e+02 9.725820760495822448e-01
3.040771484374999432e+02 9.734127855744304503e-01
3.041992187499999432e+02 9.742435523279286969e-01
3.043212890624999432e+02 9.750748154532672407e-01
3.044433593749999432e+02 9.759052527134899346e-01
3.045654296874999432e+02 9.767361818096508275e-01
3.046874999999999432e+02 9.775671778922900845e-01
3.048095703124999432e+02 9.783977726993746682e-01
3.049316406249999432e+02 9.792288651759163409e-01
3.050537109374999432e+02 9.800595888083841745e-01
3.051757812499999432e+02 9.808903459927461599e-01
3.052978515624999432e+02 9.817216028874142797e-01
3.054199218749999432e+02 9.825520524549464785e-01
3.055419921874999432e+02 9.833829730542757996e-01
3.056640624999999432e+02 9.842139852485456419e-01
3.057861328124999432e+02 9.850445692926300678e-01
3.059082031249999432e+02 9.858756543446428600e-01
3.060302734374999432e+02 9.867063922884281579e-01
3.061523437499999432e+02 9.875371397820957853e-01
3.062744140624999432e+02 9.883683903245351621e-01
3.063964843749999432e+02 9.891988524030751462e-01
3.065185546874999432e+02 9.900297643840143547e-01
3.066406249999999432e+02 9.908607928936129516e-01
3.067626953124999432e+02 9.916913660531389008e-01
3.068847656249999432e+02 9.925224435590644934e-01
3.070068359374999432e+02 9.933531960178658693e-01
3.071289062499999432e+02 9.941839336992804865e-01
3.072509765624999432e+02 9.950151777679330234e-01
3.073730468749999432e+02 9.958456525611789623e-01
3.074951171874999432e+02 9.966765558021695171e-01
3.076171874999999432e+02 9.975076008307954822e-01
3.077392578124999432e+02 9.983381629842044136e-01
3.078613281249999432e+02 9.991692328224842656e-01
3.079833984374999432e+02 1.000000000000000000e+00
3.081054687499999432e+02 9.998511836778646300e-01
3.082275390624999432e+02 9.991570847332217342e-01
3.083496093749999432e+02 9.984330849932652185e-01
3.084716796874999432e+02 9.977094919086426650e-01
3.085937499999999432e+02 9.969860634388325593e-01
3.087158203124999432e+02 9.962621289746140807e-01
3.088378906249999432e+02 9.955387014685005420e-01
3.089599609374999432e+02 9.948149953336069551e-01
3.090820312499999432e+02 9.940912273215710693e-01
3.092041015624999432e+02 9.933679644901822758e-01
3.093261718749999432e+02 9.926439820965797800e-01
3.094482421874999432e+02 9.919203796329147949e-01
3.095703124999999432e+02 9.911969651960371719e-01
3.096923828124999432e+02 9.904730233265197636e-01
3.098144531249999432e+02 9.897495855074274207e-01
3.099365234374999432e+02 9.890258949734698213e-01
3.100585937499999432e+02 9.883021186222002985e-01
3.101806640624999432e+02 9.875788445438958840e-01
3.103027343749999432e+02 9.868548793192336577e-01
3.104248046874999432e+02 9.861312675823992180e-01
3.105468749999999432e+02 9.854078670010406604e-01
3.106689453124999432e+02 9.846839178320966335e-01
3.107910156249999432e+02 9.839604698058985743e-01
3.109130859374999432e+02 9.832367946954633231e-01
3.110351562499999432e+02 9.825130101108326963e-01
3.111572265624999432e+02 9.817897248914856378e-01
3.112792968749999432e+02 9.810657766583498196e-01
3.114013671874999432e+02 9.803421557542186804e-01
3.115234374999999432e+02 9.796187688509661040e-01
3.116455078124999432e+02 9.788948124884684354e-01
3.117675781249999432e+02 9.781713543610371930e-01
3.118896484374999432e+02 9.774476944967107617e-01
3.120117187499999432e+02 9.767239017845917859e-01
3.121337890624999432e+02 9.760006055300748384e-01
3.122558593749999432e+02 9.752766741110520110e-01
3.123779296874999432e+02 9.745529796996232896e-01
3.124999999999999432e+02 9.738296517072070335e-01
3.126220703124999432e+02 9.731056244165022795e-01
3.127441406249999432e+02 9.723821887060922764e-01
3.128662109374999432e+02 9.716585427401047692e-01
3.129882812499999432e+02 9.709347111946230457e-01
3.131103515624999432e+02 9.702114670151621434e-01
3.132324218749999432e+02 9.694874997422493479e-01
3.133544921874999432e+02 9.687638607674413649e-01
3.134765624999999432e+02 9.680405536379134146e-01
3.135986328124999432e+02 9.673165201372064814e-01
3.137207031249999432e+02 9.665930726574721854e-01
3.138427734374999432e+02 9.658694444133655299e-01
3.139648437499999432e+02 9.651456034474825696e-01
3.140869140624999432e+02 9.644223463872345636e-01
3.142089843749999432e+02 9.636983987022597065e-01
3.143310546874999432e+02 9.629747491955880090e-01
3.144531249999999432e+02 9.622514577107481593e-01
3.145751953124999432e+02 9.615274160270982362e-01
3.146972656249999432e+02 9.608039569040374150e-01
3.148193359374999432e+02 9.600803461706746145e-01
3.149414062499999432e+02 9.593564959103875189e-01
3.150634765624999432e+02 9.586332260953498441e-01
3.151855468749999432e+02 9.579092977871758174e-01
3.153076171874999432e+02 9.571856378746380623e-01
3.154296874999999432e+02 9.564623618233494273e-01
3.155517578124999432e+02 9.557383120827539491e-01
3.156738281249999432e+02 9.550148414423639265e-01
3.157958984374999432e+02 9.542912480086083171e-01
3.159179687499999432e+02 9.535673885799146321e-01
3.160400390624999432e+02 9.528441061360846120e-01
3.161621093749999432e+02 9.521201969935744192e-01
3.162841796874999432e+02 9.513965268011680410e-01
3.164062499999999432e+02 9.506732659722940681e-01
3.165283203124999432e+02 9.499492083007500254e-01
3.166503906249999432e+02 9.492257262690284580e-01
3.167724609374999432e+02 9.485021499237425990e-01
3.168945312499999432e+02 9.477782814526398703e-01
3.170166015624999432e+02 9.470549865060150507e-01
3.171386718749999432e+02 9.463310963180318058e-01
3.172607421874999432e+02 9.456074159717542393e-01
3.173828124999999432e+02 9.448841701541577098e-01
3.175048828124999432e+02 9.441601046776626482e-01
3.176269531249999432e+02 9.434366113806071930e-01
3.177490234374999432e+02 9.427130519126541985e-01
3.178710937499999432e+02 9.419891745251398607e-01
3.179931640624999432e+02 9.412658672017177874e-01
3.181152343749999432e+02 9.405419957571243827e-01
3.182373046874999432e+02 9.398183053829731737e-01
3.183593749999999432e+02 9.390950743655173127e-01
3.184814453124999432e+02 9.383710012100685560e-01
3.186035156249999432e+02 9.376474967736766475e-01
3.187255859374999432e+02 9.369239539719197429e-01
3.188476562499999432e+02 9.362000677939912308e-01
3.189697265624999432e+02 9.354767482197692274e-01
3.190917968749999432e+02 9.347528953074285551e-01
3.192138671874999432e+02 9.340291950314013603e-01
3.193359374999999432e+02 9.333059786029492821e-01
3.194580078124999432e+02 9.325818978945439319e-01
3.195800781249999432e+02 9.318583824448130049e-01
3.197021484374999432e+02 9.311348560981151934e-01
3.198242187499999432e+02 9.304109612557699416e-01
3.199462890624999432e+02 9.296876295567456649e-01
3.200683593749999432e+02 9.289637949655207283e-01
3.201904296874999432e+02 9.282400849136148713e-01
3.203124999999999432e+02 9.275168828630300233e-01
3.204345703124999432e+02 9.267927947276654033e-01
3.205566406249999432e+02 9.260692683905932254e-01
3.206787109374999432e+02 9.253457582878170662e-01
3.208007812499999432e+02 9.246218549070525095e-01
3.209228515624999432e+02 9.238985043110005124e-01
3.210449218749999432e+02 9.231746818353326889e-01
3.211669921874999432e+02 9.224509129882567660e-01
3.212890624999999432e+02 9.217277854282832639e-01
3.214111328124999432e+02 9.210036288593490550e-01
3.215332031249999432e+02 9.202801053499166661e-01
3.216552734374999432e+02 9.195566306273422752e-01
3.217773437499999432e+02 9.188326822782495462e-01
3.218994140624999432e+02 9.181093645902106415e-01
3.220214843749999432e+02 9.173855446027460170e-01
3.221435546874999432e+02 9.166618032539297634e-01
3.222656249999999432e+02 9.159391390954706447e-01
3.223876953124999432e+02 9.161500099598572922e-01
3.225097656249999432e+02 9.165573092238962216e-01
3.226318359374999432e+02 9.172551812707852026e-01
3.227539062499999432e+02 9.179525488145358070e-01
3.228759765624999432e+02 9.186505464117660225e-01
3.229980468749999432e+02 9.193480735286455596e-01
3.231201171874999432e+02 9.200456467143969252e-01
3.232421874999999432e+02 9.207438522660625901e-01
3.233642578124999432e+02 9.214410326232769233e-01
3.234863281249999432e+02 9.221388126268370566e-01
3.236083984374999432e+02 9.228367049157327751e-01
3.237304687499999432e+02 9.235340590766508706e-01
3.238525390624999432e+02 9.242320470738371041e-01
3.239746093749999432e+02 9.249295923928065877e-01
3.240966796874999432e+02 9.256271534107429755e-01
3.242187499999999432e+02 9.263253505773805241e-01
3.243408203124999432e+02 9.270225470967687897e-01
3.244628906249999432e+02 9.277203161475318094e-01
3.245849609374999432e+02 9.284182289092426377e-01
3.247070312499999432e+02 9.291155695495916245e-01
3.248291015624999432e+02 9.298135478089976091e-01
3.249511718749999432e+02 9.305111115608655226e-01
3.250732421874999432e+02 9.312086602732505547e-01
3.251953124999999432e+02 9.319068489171231651e-01
3.253173828124999432e+02 9.326040618294941797e-01
3.254394531249999432e+02 9.333018197897231527e-01
3.255615234374999432e+02 9.339997532550579074e-01
3.256835937499999432e+02 9.346970802371010745e-01
3.258056640624999432e+02 9.353950486209900994e-01
3.259277343749999432e+02 9.360926310365650371e-01
3.260498046874999432e+02 9.367901673056618916e-01
3.261718749999999432e+02 9.374883472890331859e-01
3.262939453124999432e+02 9.381855768251955441e-01
3.264160156249999432e+02 9.388833235571538705e-01
3.265380859374999432e+02 9.395812779569213680e-01
3.266601562499999432e+02 9.402785911429220045e-01
3.267822265624999432e+02 9.409765495135571367e-01
3.269042968749999432e+02 9.416741508236476932e-01
3.270263671874999432e+02 9.423716745117196592e-01
3.271484374999999432e+02 9.430698456968532595e-01
3.272705078124999432e+02 9.437670920876152225e-01
3.273925781249999432e+02 9.444648274535664134e-01
3.275146484374999432e+02 9.451628030185749152e-01
3.276367187499999432e+02 9.458601022707965322e-01
3.277587890624999432e+02 9.465580504904415049e-01
3.278808593749999432e+02 9.472556709258561636e-01
3.280029296874999432e+02 9.479531818951666411e-01
3.281249999999999432e+02 9.486513441443259476e-01
3.282470703124999432e+02 9.493486076204961099e-01
3.283691406249999432e+02 9.500463314827031214e-01
3.284912109374999432e+02 9.507443284437613329e-01
3.286132812499999432e+02 9.514416136244672195e-01
3.287353515624999432e+02 9.521395571889412768e-01
3.288574218749999432e+02 9.528371978242845541e-01
3.289794921874999432e+02 9.535348110919991127e-01
3.291015624999999432e+02 9.542328652930960331e-01
3.292236328124999432e+02 9.549302331990581205e-01
3.293457031249999432e+02 9.556279405054324272e-01
3.294677734374999432e+02 9.563258888278485248e-01
3.295898437499999432e+02 9.570232490077839049e-01
3.297119140624999432e+02 9.577211256757351965e-01
3.298339843749999432e+02 9.584187914116446549e-01
3.299560546874999432e+02 9.591163200590079319e-01
3.300781249999999432e+02 9.598143670135493855e-01
3.302001953124999432e+02 9.605117487235834695e-01
3.303222656249999432e+02 9.612094467633642836e-01
3.304443359374999432e+02 9.619074122809913030e-01
3.305664062499999432e+02 9.626047611742917232e-01
3.306884765624999432e+02 9.633026295314910392e-01
3.308105468749999432e+02 9.640003108578284463e-01
3.309326171874999432e+02 9.646978291743996126e-01
3.310546874999999432e+02 9.653958687740301636e-01
3.311767578124999432e+02 9.660932644697104443e-01
3.312988281249999432e+02 9.667909531345414420e-01
3.314208984374999432e+02 9.674889360289541385e-01
3.315429687499999432e+02 9.681862735272637188e-01
3.316650390624999432e+02 9.688841334653551796e-01
3.317871093749999432e+02 9.695818305636954015e-01
3.319091796874999432e+02 9.702793384411183553e-01
3.320312499999999432e+02 9.709773705774819019e-01
3.321533203124999432e+02 9.716747804403834676e-01
3.322753906249999432e+02 9.723724596219085470e-01
3.323974609374999432e+02 9.730704600746816757e-01
3.325195312499999432e+02 9.737677860696443144e-01
3.326416015624999432e+02 9.744656374802719290e-01
3.327636718749999432e+02 9.751633505321899431e-01
3.328857421874999432e+02 9.758608478621085824e-01
3.330078124999999432e+02 9.765588724268491339e-01
3.331298828124999432e+02 9.772562966385465177e-01
3.332519531249999432e+02 9.777940442189536618e-01
3.333740234374999432e+02 9.781853868435957944e-01
3.334960937499999432e+02 9.777545879131814832e-01
3.336181640624999432e+02 9.772563979253923172e-01
3.337402343749999432e+02 9.767580932465850241e-01
3.338623046874999432e+02 9.762595483573760502e-01
3.339843749999999432e+02 9.757615304520315114e-01
3.341064453124999432e+02 9.752629373705615778e-01
3.342285156249999432e+02 9.747645652024830021e-01
3.343505859374999432e+02 9.742665645281407549e-01
3.344726562499999432e+02 9.737678382628476292e-01
3.345947265624999432e+02 9.732696381551926290e-01
3.347167968749999432e+02 9.727713491963431158e-01
3.348388671874999432e+02 9.722727956301389085e-01
3.349609374999999432e+02 9.717747669221923346e-01
3.350830078124999432e+02 9.712761907069407119e-01
3.352050781249999432e+02 9.707778091791293695e-01
3.353271484374999432e+02 9.702798229487883397e-01
3.354492187499999432e+02 9.697810887666342694e-01
3.355712890624999432e+02 9.692828786165096355e-01
3.356933593749999432e+02 9.687846052479229808e-01
3.358154296874999432e+02 9.682860430821200737e-01
3.359374999999999432e+02 9.677880036489675541e-01
3.360595703124999432e+02 9.672894441702394319e-01
3.361816406249999432e+02 9.667910533600916345e-01
3.363037109374999432e+02 9.662930814440574556e-01
3.364257812499999432e+02 9.657943394224385303e-01
3.365478515624999432e+02 9.652961193072406854e-01
3.366699218749999432e+02 9.647978613992220787e-01
3.367919921874999432e+02 9.642992907112164502e-01
3.369140624999999432e+02 9.638012406302545187e-01
3.370361328124999432e+02 9.633026977583551975e-01
3.371582031249999432e+02 9.628042977432673677e-01
3.372802734374999432e+02 9.623063400118446742e-01
3.374023437499999432e+02 9.618075902281573164e-01
3.375244140624999432e+02 9.613093602252823500e-01
3.376464843749999432e+02 9.608111176481365368e-01
3.377685546874999432e+02 9.603125385153252758e-01
3.378906249999999432e+02 9.598144778639501329e-01
3.380126953124999432e+02 9.593159514691842471e-01
3.381347656249999432e+02 9.588175423265531405e-01
3.382568359374999432e+02 9.583195986500471220e-01
3.383789062499999432e+02 9.578208411816874213e-01
3.385009765624999432e+02 9.573226013685323110e-01
3.386230468749999432e+02 9.568243739925642588e-01
3.387451171874999432e+02 9.563257864923432328e-01
3.388671874999999432e+02 9.558277153479511901e-01
3.389892578124999432e+02 9.553292053006240403e-01
3.391113281249999432e+02 9.548307871078457465e-01
3.392333984374999432e+02 9.543328573565612594e-01
3.393554687499999432e+02 9.538340922809261935e-01
3.394775390624999432e+02 9.533358427348868069e-01
3.395996093749999432e+02 9.528376304304020383e-01
3.397216796874999432e+02 9.523390346401677808e-01
3.398437499999999432e+02 9.518409530801549279e-01
3.399658203124999432e+02 9.513424592505715927e-01
3.400878906249999432e+02 9.508440320850427563e-01
3.402099609374999432e+02 9.503461161292848791e-01
3.403320312499999432e+02 9.498473435237703155e-01
3.404541015624999432e+02 9.493490843222431863e-01
3.405761718749999432e+02 9.488508869595464468e-01
3.406982421874999432e+02 9.483522829566951584e-01
3.408203124999999432e+02 9.478541910584581398e-01
3.409423828124999432e+02 9.473557133169238087e-01
3.410644531249999432e+02 9.468572772560406303e-01
3.411865234374999432e+02 9.463593520003744652e-01
3.413085937499999432e+02 9.458605949081170250e-01
3.414306640624999432e+02 9.453623261284985757e-01
3.415527343749999432e+02 9.448641435778947217e-01
3.416748046874999432e+02 9.443655314398230471e-01
3.417968749999999432e+02 9.438674296125955099e-01
3.419189453124999432e+02 9.433689680124934807e-01
3.420410156249999432e+02 9.428705289390315603e-01
3.421630859374999432e+02 9.423725867622363417e-01
3.422851562499999432e+02 9.418738525732655020e-01
3.424072265624999432e+02 9.413755733271883530e-01
3.425292968749999432e+02 9.408774028755806373e-01
3.426513671874999432e+02 9.403787867232989983e-01
3.427734374999999432e+02 9.398806709838971596e-01
3.428955078124999432e+02 9.393822265201937638e-01
3.430175781249999432e+02 9.388837745039065874e-01
3.431396484374999432e+02 9.383858216201429459e-01
3.432617187499999432e+02 9.378871041573931810e-01
3.433837890624999432e+02 9.373888156260775650e-01
3.435058593749999432e+02 9.368906595139626647e-01
3.436279296874999432e+02 9.363920354981737360e-01
3.437499999999999432e+02 9.358939098007992285e-01
3.438720703124999432e+02 9.353954808060555015e-01
3.439941406249999432e+02 9.348970202535266116e-01
3.441162109374999432e+02 9.343990567390570989e-01
3.442382812499999432e+02 9.339003558747339673e-01
3.443603515624999432e+02 9.334020581344418810e-01
3.444824218749999432e+02 9.329039162340247993e-01
3.446044921874999432e+02 9.324052844309913546e-01
3.447265624999999432e+02 9.319071488519063973e-01
3.448486328124999432e+02 9.314087351983280083e-01
3.449707031249999432e+02 9.309102661858198458e-01
3.450927734374999432e+02 9.304122921169065696e-01
3.452148437499999432e+02 9.299136077232149633e-01
3.453369140624999432e+02 9.294153008502090696e-01
3.454589843749999432e+02 9.289171730336951427e-01
3.455810546874999432e+02 9.284185335196792899e-01
3.457031249999999432e+02 9.279203881351468786e-01
3.458251953124999432e+02 9.274219896949389419e-01
3.459472656249999432e+02 9.269235122987136144e-01
3.460693359374999432e+02 9.264255277516190157e-01
3.461914062499999432e+02 9.259268597007644930e-01
3.463134765624999432e+02 9.254285437713072326e-01
3.464355468749999432e+02 9.249304299109016858e-01
3.465576171874999432e+02 9.244317827621661987e-01
3.466796874999999432e+02 9.239336276484481081e-01
3.468017578124999432e+02 9.234352442938155159e-01
3.469238281249999432e+02 9.229367585901359083e-01
3.470458984374999432e+02 9.224387636411224278e-01
3.471679687499999432e+02 9.219401118053098809e-01
3.472900390624999432e+02 9.214417868956638058e-01
3.474121093749999432e+02 9.209436868635717532e-01
3.475341796874999432e+02 9.204450321563788506e-01
3.476562499999999432e+02 9.199468673897379656e-01
3.477783203124999432e+02 9.194484989928860541e-01
3.479003906249999432e+02 9.189500050580146073e-01
3.480224609374999432e+02 9.184519997833443528e-01
3.481445312499999432e+02 9.179533640347795620e-01
3.482666015624999432e+02 9.174550302212070019e-01
3.483886718749999432e+02 9.169569438896334468e-01
3.485107421874999432e+02 9.164582817002457915e-01
3.486328124999999432e+02 9.159561882408898681e-01
3.487548828124999432e+02 9.154444200535465370e-01
3.488769531249999432e+02 9.149100891481475317e-01
3.489990234374999432e+02 9.143663764252359938e-01
3.491210937499999432e+02 9.138220594794541629e-01
3.492431640624999432e+02 9.132780196918850457e-01
3.493652343749999432e+02 9.127342496761196022e-01
3.494873046874999432e+02 9.121898830019368187e-01
3.496093749999999432e+02 9.116460019526424485e-01
3.497314453124999432e+02 9.111019658855354919e-01
3.498535156249999432e+02 9.105577586366546683e-01
3.499755859374999432e+02 9.100140356149076792e-01
3.500976562499999432e+02 9.094697346023992157e-01
3.502197265624999432e+02 9.089256860680956507e-01
3.503417968749999432e+02 9.083819293800162731e-01
3.504638671874999432e+02 9.078375555112002671e-01
3.505859374999999432e+02 9.072936649807483711e-01
3.507080078124999432e+02 9.067496434743645972e-01
3.508300781249999432e+02 9.062054282964274732e-01
3.509521484374999432e+02 9.056616950591007686e-01
3.510742187499999432e+02 9.051174098403522716e-01
3.511962890624999432e+02 9.045733526425697724e-01
3.513183593749999432e+02 9.040296091426631708e-01
3.514404296874999432e+02 9.034852281624690118e-01
3.515624999999999432e+02 9.029413282341152147e-01
3.516845703124999432e+02 9.023973211489411117e-01
3.518066406249999432e+02 9.018530981252034229e-01
3.519287109374999432e+02 9.013093547555522944e-01
3.520507812499999432e+02 9.007650851910506962e-01
3.521728515624999432e+02 9.002210194130446652e-01
3.522949218749999432e+02 8.996772889617973279e-01
3.524169921874999432e+02 8.991327974093902275e-01
3.525390624999999432e+02 8.985888519445566214e-01
3.526611328124999432e+02 8.980448831323107894e-01
3.527832031249999432e+02 8.975005588148774471e-01
3.529052734374999432e+02 8.969569476020881060e-01
3.530273437499999432e+02 8.964125885330418431e-01
3.531494140624999432e+02 8.958684980164598466e-01
3.532714843749999432e+02 8.953249403971225151e-01
3.533935546874999432e+02 8.947803708427324310e-01
3.535156249999999432e+02 8.942365130653043837e-01
3.536376953124999432e+02 8.936925653790355195e-01
3.537597656249999432e+02 8.931482295900712298e-01
3.538818359374999432e+02 8.926046034900801951e-01
3.540039062499999432e+02 8.920602673889549417e-01
3.541259765624999432e+02 8.915161643037401440e-01
3.542480468749999432e+02 8.909726257600257826e-01
3.543701171874999432e+02 8.904280459555762306e-01
3.544921874999999432e+02 8.898841745124149716e-01
3.546142578124999432e+02 8.893402477437145626e-01
3.547363281249999432e+02 8.887959006075886181e-01
3.548583984374999432e+02 8.882522597447652934e-01
3.549804687499999432e+02 8.877079464031519818e-01
3.551025390624999432e+02 8.871638308736741196e-01
3.552246093749999432e+02 8.866203111971737716e-01
3.553466796874999432e+02 8.860757212670343774e-01
3.554687499999999432e+02 8.855318362825093104e-01
3.555908203124999432e+02 8.849879302229683997e-01
3.557128906249999432e+02 8.844435718640504263e-01
3.558349609374999432e+02 8.838999163627639932e-01
3.559570312499999432e+02 8.833556255722541106e-01
3.560791015624999432e+02 8.828114977228825877e-01
3.562011718749999432e+02 8.822679967051874073e-01
3.563232421874999432e+02 8.817233967737272415e-01
3.564453124999999432e+02 8.811794983722077701e-01
3.565673828124999432e+02 8.806356128134174011e-01
3.566894531249999432e+02 8.800912433560768022e-01
3.568115234374999432e+02 8.795475733406966645e-01
3.569335937499999432e+02 8.790033048928814763e-01
3.570556640624999432e+02 8.784591648479859183e-01
3.571777343749999432e+02 8.779156822806869487e-01
3.572998046874999432e+02 8.773710724722758592e-01
3.574218749999999432e+02 8.768271607781311650e-01
3.575439453124999432e+02 8.762832955116827138e-01
3.576660156249999432e+02 8.757389150802890043e-01
3.577880859374999432e+02 8.751952306751844546e-01
3.579101562499999432e+02 8.746509843616552260e-01
3.580322265624999432e+02 8.741068322456049255e-01
3.581542968749999432e+02 8.735633679202932100e-01
3.582763671874999432e+02 8.730187483593003783e-01
3.583984374999999432e+02 8.724748234969001981e-01
3.585205078124999432e+02 8.719309783143847081e-01
3.586425781249999432e+02 8.713865870333072916e-01
3.587646484374999432e+02 8.708428883628472894e-01
3.588867187499999432e+02 8.702986639751955078e-01
3.590087890624999432e+02 8.697544999123598686e-01
3.591308593749999432e+02 8.692110263721130048e-01
3.592529296874999432e+02 8.686664244314216132e-01
3.593749999999999432e+02 8.681224865251354617e-01
3.594970703124999432e+02 8.675786612181438651e-01
3.596191406249999432e+02 8.670342592117527003e-01
3.597412109374999432e+02 8.664905464003067603e-01
3.598632812499999432e+02 8.659463437301233579e-01
3.599853515624999432e+02 8.654021678448718946e-01
3.601074218749999432e+02 8.648586790665410140e-01
3.602294921874999432e+02 8.643141006852606001e-01
3.603515624999999432e+02 8.637701498594576588e-01
3.604736328124999432e+02 8.632263442195813319e-01
3.605957031249999432e+02 8.626819316122453785e-01
3.607177734374999432e+02 8.621382047841829044e-01
3.608398437499999432e+02 8.615940236230590354e-01
3.609619140624999432e+02 8.610498360397613737e-01
3.610839843749999432e+02 8.605063321477156579e-01
3.612060546874999432e+02 8.599617771174375980e-01
3.613281249999999432e+02 8.594178134964872706e-01
3.614501953124999432e+02 8.588740273153172566e-01
3.615722656249999432e+02 8.583296042314060292e-01
3.616943359374999432e+02 8.577858635110964247e-01
3.618164062499999432e+02 8.572417036506235766e-01
3.619384765624999432e+02 8.569100765467914105e-01
3.620605468749999432e+02 8.567079020811924073e-01
3.621826171874999432e+02 8.567074111398241820e-01
3.623046874999999432e+02 8.567074756167574190e-01
3.624267578124999432e+02 8.567077508583688106e-01
3.625488281249999432e+02 8.567073572808285853e-01
3.626708984374999432e+02 8.567076446329517925e-01
3.627929687499999432e+02 8.567075470735334708e-01
3.629150390624999432e+02 8.567076005940376104e-01
3.630371093749999432e+02 8.567079171080775879e-01
3.631591796874999432e+02 8.567076340449857330e-01
3.632812499999999432e+02 8.567076654426111215e-01
3.634033203124999432e+02 8.567078434687436239e-01
3.635253906249999432e+02 8.567075992090189551e-01
3.636474609374999432e+02 8.567077647330157975e-01
3.637695312499999432e+02 8.567077184073436102e-01
3.638916015624999432e+02 8.567076082739779608e-01
3.640136718749999432e+02 8.567079079243208328e-01
3.641357421874999432e+02 8.567076372468509504e-01
3.642578124999999432e+02 8.567076612398611957e-01
3.643798828124999432e+02 8.567078516516164477e-01
3.645019531249999432e+02 8.567075999872784120e-01
3.646240234374999432e+02 8.567077581066608882e-01
3.647460937499999432e+02 8.567077241666121168e-01
3.648681640624999432e+02 8.567076066286315461e-01
3.649902343749999432e+02 8.567078988743619394e-01
3.651123046874999432e+02 8.567076405825144736e-01
3.652343749999999432e+02 8.567076571709094646e-01
3.653564453124999432e+02 8.567078599682873552e-01
3.654785156249999432e+02 8.567076008993362857e-01
3.656005859374999432e+02 8.567077516141041738e-01
3.657226562499999432e+02 8.567077300596789291e-01
3.658447265624999432e+02 8.567076051170835482e-01
3.659667968749999432e+02 8.567078899582013518e-01
3.660888671874999432e+02 8.567076440519759695e-01
3.662109374999999432e+02 8.567076532357557062e-01
3.663330078124999432e+02 8.567078684187563464e-01
3.664550781249999432e+02 8.567076019451922431e-01
3.665771484374999432e+02 8.567077452553455430e-01
3.666992187499999432e+02 8.567077360865437141e-01
3.668212890624999432e+02 8.567076037393336341e-01
3.669433593749999432e+02 8.567078811758386259e-01
3.670654296874999432e+02 8.567076476552357711e-01
3.671874999999999432e+02 8.567076494344003645e-01
3.673095703124999432e+02 8.567078770030235324e-01
3.674316406249999432e+02 8.567076031248462842e-01
3.675537109374999432e+02 8.567077390303851070e-01
3.676757812499999432e+02 8.567077422472068049e-01
3.677978515624999432e+02 8.567076024953821367e-01
3.679199218749999432e+02 8.567078725272742057e-01
3.680419921874999432e+02 8.567076513922937675e-01
3.681640624999999432e+02 8.567076457668431066e-01
3.682861328124999432e+02 8.567078857210886911e-01
3.684082031249999432e+02 8.567076044382986311e-01
3.685302734374999432e+02 8.567077329392228657e-01
3.686523437499999432e+02 8.567077485416680904e-01
3.687744140624999432e+02 8.567076013852286120e-01
3.688964843749999432e+02 8.567078640125078692e-01
3.690185546874999432e+02 8.567076552631499586e-01
3.691406249999999432e+02 8.567076422330840435e-01
3.692626953124999432e+02 8.567078945729519335e-01
3.693847656249999432e+02 8.567076058855491727e-01
3.695068359374999432e+02 8.567077269818584861e-01
3.696289062499999432e+02 8.567077549699272376e-01
3.697509765624999432e+02 8.567076004088733931e-01
3.698730468749999432e+02 8.567078556315395055e-01
3.699951171874999432e+02 8.567076592678043445e-01
3.701171874999999432e+02 8.567076388331229531e-01
3.702392578124999432e+02 8.567079035586133706e-01
3.703613281249999432e+02 8.567076074665980201e-01
3.704833984374999432e+02 8.567077211582926344e-01
3.706054687499999432e+02 8.567077615319845796e-01
3.707275390624999432e+02 8.567075995663163690e-01
3.708496093749999432e+02 8.567078473843692255e-01
3.709716796874999432e+02 8.567076634062568141e-01
3.710937499999999432e+02 8.567076355669602794e-01
3.712158203124999432e+02 8.567079126780726694e-01
3.713378906249999432e+02 8.567076091814450622e-01
3.714599609374999432e+02 8.567077154685246443e-01
3.715820312499999432e+02 8.567077682278401163e-01
3.717041015624999432e+02 8.567075988575575396e-01
3.718261718749999432e+02 8.567078392709969181e-01
3.719482421874999432e+02 8.567076676785075895e-01
3.720703124999999432e+02 8.567076324345959115e-01
3.721923828124999432e+02 8.567079219313300520e-01
3.723144531249999432e+02 8.567076110300900771e-01
3.724365234374999432e+02 8.567077099125549600e-01
3.725585937499999432e+02 8.567077750574937367e-01
3.726806640624999432e+02 8.567075982825967939e-01
3.728027343749999432e+02 8.567078312914229166e-01
3.729248046874999432e+02 8.567076720845565596e-01
3.730468749999999432e+02 8.567076294360295163e-01
3.731689453124999432e+02 8.567079313183855183e-01
3.732910156249999432e+02 8.567076130125335087e-01
3.734130859374999432e+02 8.567077044903833594e-01
3.735351562499999432e+02 8.567077820209456629e-01
3.736572265624999432e+02 8.567075978414344650e-01
3.737792968749999432e+02 8.567078234456467767e-01
3.739013671874999432e+02 8.567076766244033914e-01
3.740234374999999432e+02 8.567076265712613159e-01
3.741455078124999432e+02 8.567079408392392903e-01
3.742675781249999432e+02 8.567076151287752461e-01
3.743896484374999432e+02 8.567076992020099535e-01
3.745117187499999432e+02 8.567077891181955618e-01
3.746337890624999432e+02 8.567075975340702199e-01
3.747558593749999432e+02 8.567078157336689426e-01
3.748779296874999432e+02 8.567076812980486400e-01
3.749999999999999432e+02 8.567076238402914212e-01
3.751220703124999432e+02 8.567079504938907020e-01
3.752441406249999432e+02 8.567076173788149562e-01
3.753662109374999432e+02 8.567076940474347424e-01
3.754882812499999432e+02 8.567077963492436554e-01
3.756103515624999432e+02 8.567075973605042805e-01
3.757324218749999432e+02 8.567078081554891922e-01
3.758544921874999432e+02 8.567076861054919723e-01
3.759765624999999432e+02 8.567073594011110904e-01
3.760986328124999432e+02 8.567079580349721279e-01
3.762207031249999432e+02 8.567073519010042215e-01
3.763427734374999432e+02 8.567074751842694846e-01
3.764648437499999432e+02 8.567076793168492133e-01
3.765869140624999432e+02 8.567073119565501438e-01
3.767089843749999432e+02 8.567076739718303413e-01
3.768310546874999432e+02 8.567074787798104607e-01
3.769531249999999432e+02 8.567073501515246603e-01
3.770751953124999432e+02 8.567079508987205383e-01
3.771972656249999432e+02 8.567073563821545612e-01
3.773193359374999432e+02 8.567074664859174460e-01
3.774414062499999432e+02 8.567076926637128276e-01
3.775634765624999432e+02 8.567073121239151545e-01
3.776855468749999432e+02 8.567076609596964154e-01
3.778076171874999432e+02 8.567074878128925208e-01
3.779296874999999432e+02 8.567073460051043421e-01
3.780517578124999432e+02 8.567079335728086109e-01
3.781738281249999432e+02 8.567073611014527357e-01
3.782958984374999432e+02 8.567074580257130201e-01
3.784179687499999432e+02 8.567077062487239436e-01
3.785400390624999432e+02 8.567073125294282221e-01
3.786621093749999432e+02 8.567076481857102133e-01
3.787841796874999432e+02 8.567074970841224157e-01
3.789062499999999432e+02 8.567073420968320807e-01
3.790283203124999432e+02 8.567079164850441853e-01
3.791503906249999432e+02 8.567073660588988560e-01
3.792724609374999432e+02 8.567074498036564290e-01
3.793945312499999432e+02 8.567077200718826724e-01
3.795166015624999432e+02 8.567073131730892355e-01
3.796386718749999432e+02 8.567076356498717349e-01
3.797607421874999432e+02 8.567075065935001454e-01
3.798828124999999432e+02 8.567073384267078762e-01
3.800048828124999432e+02 8.567078996354270393e-01
3.801269531249999432e+02 8.567073712544929220e-01
3.802490234374999432e+02 8.567074418197477836e-01
3.803710937499999432e+02 8.567077341331892359e-01
3.804931640624999432e+02 8.567073140548980836e-01
3.806152343749999432e+02 8.567076233521808692e-01
3.807373046874999432e+02 8.567075163410255989e-01
3.808593749999999432e+02 8.567073349947312844e-01
3.809814453124999432e+02 8.567078830239575060e-01
3.811035156249999432e+02 8.567073766882348229e-01
3.812255859374999432e+02 8.567074340739869731e-01
3.813476562499999432e+02 8.567077484326433012e-01
3.814697265624999432e+02 8.567073151748549886e-01
3.815917968749999432e+02 8.567076112926377274e-01
3.817138671874999432e+02 8.567075263266988872e-01
3.818359374999999432e+02 8.567073318009028604e-01
3.819580078124999432e+02 8.567078666506352524e-01
3.820800781249999432e+02 8.567073823601246696e-01
3.822021484374999432e+02 8.567074265663739974e-01
3.823242187499999432e+02 8.567077629702448682e-01
3.824462890624999432e+02 8.567073165329598394e-01
3.825683593749999432e+02 8.567075994712424203e-01
3.826904296874999432e+02 8.567075365505201212e-01
3.828124999999999432e+02 8.567073288452223823e-01
3.829345703124999432e+02 8.567078505154608337e-01
3.830566406249999432e+02 8.567073882701624621e-01
3.831787109374999432e+02 8.567074192969088564e-01
3.833007812499999432e+02 8.567077777459940480e-01
3.834228515624999432e+02 8.567073181292125250e-01
3.835449218749999432e+02 8.567075878879947259e-01
3.836669921874999432e+02 8.567075470124888570e-01
3.837890624999999432e+02 8.567073261276897389e-01
3.839111328124999432e+02 8.567078346184334725e-01
3.840332031249999432e+02 8.567073944183479783e-01
3.841552734374999432e+02 8.567074122655914392e-01
3.842773437499999432e+02 8.567077927598907294e-01
3.843994140624999432e+02 8.567073199636132674e-01
3.845214843749999432e+02 8.567075765428945333e-01
3.846435546874999432e+02 8.567075577126054275e-01
3.847656249999999432e+02 8.567073236483049303e-01
3.848876953124999432e+02 8.567004130726550981e-01
3.850097656249999432e+02 8.566212199970915098e-01
3.851318359374999432e+02 8.563483731312107050e-01
3.852539062499999432e+02 8.558788533336582072e-01
3.853759765624999432e+02 8.554084462792673760e-01
3.854980468749999432e+02 8.549387678661165557e-01
3.856201171874999432e+02 8.544688489067634452e-01
3.857421874999999432e+02 8.539986809966059189e-01
3.858642578124999432e+02 8.535292397958363919e-01
3.859863281249999432e+02 8.530589232032147473e-01
3.861083984374999432e+02 8.525889934550211491e-01
3.862304687499999432e+02 8.521194938364982097e-01
3.863525390624999432e+02 8.516490757869618067e-01
3.864746093749999432e+02 8.511793832184311182e-01
3.865966796874999432e+02 8.507094861423039056e-01
3.867187499999999432e+02 8.502393062219438802e-01
3.868408203124999432e+02 8.497698498507435527e-01
3.869628906249999432e+02 8.492995568455409261e-01
3.870849609374999432e+02 8.488296140720896776e-01
3.872070312499999432e+02 8.483601344397734279e-01
3.873291015624999432e+02 8.478899204447912785e-01
3.874511718749999432e+02 8.474201479262637449e-01
3.875732421874999432e+02 8.469502558001600345e-01
3.876953124999999432e+02 8.464801610056748027e-01
3.878173828124999432e+02 8.460105276091847148e-01
3.879394531249999432e+02 8.455403829881180666e-01
3.880615234374999432e+02 8.450704394324383140e-01
3.881835937499999432e+02 8.446008134576559190e-01
3.883056640624999432e+02 8.441305599003980920e-01
3.884277343749999432e+02 8.436607669543753074e-01
3.885498046874999432e+02 8.431908885971403089e-01
3.886718749999999432e+02 8.427207862577047459e-01
3.887939453124999432e+02 8.422511432921853114e-01
3.889160156249999432e+02 8.417810135314975906e-01
3.890380859374999432e+02 8.413110617807408875e-01
3.891601562499999432e+02 8.408414483598162237e-01
3.892822265624999432e+02 8.403711879814343977e-01
3.894042968749999432e+02 8.399013861902081546e-01
3.895263671874999432e+02 8.394315214783414358e-01
3.896484374999999432e+02 8.389614116676552547e-01
3.897705078124999432e+02 8.384917592068062975e-01
3.898925781249999432e+02 8.380216441829971830e-01
3.900146484374999432e+02 8.375516843108631315e-01
3.901367187499999432e+02 8.370820833202957667e-01
3.902587890624999432e+02 8.366118161944897658e-01
3.903808593749999432e+02 8.361420056317595551e-01
3.905029296874999432e+02 8.356721544417611280e-01
3.906249999999999432e+02 8.352020372335238196e-01
3.907470703124999432e+02 8.347323753510446087e-01
3.908691406249999432e+02 8.342622749406142235e-01
3.909912109374999432e+02 8.337923070208023146e-01
3.911132812499999432e+02 8.333227183370924829e-01
3.912353515624999432e+02 8.328524445375616869e-01
3.913574218749999432e+02 8.323826252770269996e-01
3.914794921874999432e+02 8.319127874853967652e-01
3.916015624999999432e+02 8.314426629533080426e-01
3.917236328124999432e+02 8.309729917228981799e-01
3.918457031249999432e+02 8.305029058023463140e-01
3.919677734374999432e+02 8.300329299085560386e-01
3.920898437499999432e+02 8.295633534082035299e-01
3.922119140624999432e+02 8.290930730086476519e-01
3.923339843749999432e+02 8.286232451240082009e-01
3.924560546874999432e+02 8.281534206072458382e-01
3.925781249999999432e+02 8.276832888250050813e-01
3.927001953124999432e+02 8.272136083203645018e-01
3.928222656249999432e+02 8.267435367661908341e-01
3.929443359374999432e+02 8.262735529721220162e-01
3.930664062499999432e+02 8.258039885316266204e-01
3.931884765624999432e+02 8.253337016057449294e-01
3.933105468749999432e+02 8.248638651707002056e-01
3.934326171874999432e+02 8.243940538053056155e-01
3.935546874999999432e+02 8.239239148466126483e-01
3.936767578124999432e+02 8.234542251414403990e-01
3.937988281249999432e+02 8.229841678301451635e-01
3.939208984374999432e+02 8.225141762094974052e-01
3.940429687499999432e+02 8.220446237053589122e-01
3.941650390624999432e+02 8.215743303268511211e-01
3.942871093749999432e+02 8.211044854151008376e-01
3.944091796874999432e+02 8.206346870775738100e-01
3.945312499999999432e+02 8.201645410161282346e-01
3.946533203124999432e+02 8.196948421841240284e-01
3.947753906249999432e+02 8.192247989922069040e-01
3.948974609374999432e+02 8.187547996186793631e-01
3.950195312499999432e+02 8.182852462372667279e-01
3.951416015624999432e+02 8.178149591699636067e-01
3.952636718749999432e+02 8.173451058552072546e-01
3.953857421874999432e+02 8.168753204220476904e-01
3.955078124999999432e+02 8.164051673315488866e-01
3.956298828124999432e+02 8.159354594464123256e-01
3.957519531249999432e+02 8.154654302503729912e-01
3.958740234374999432e+02 8.149954231976658248e-01
3.959960937499999432e+02 8.145258601129951037e-01
3.961181640624999432e+02 8.140555881330797661e-01
3.962402343749999432e+02 8.135857264890169471e-01
3.963623046874999432e+02 8.131159538367247475e-01
3.964843749999999432e+02 8.126457937908724283e-01
3.966064453124999432e+02 8.121760769263031143e-01
3.967285156249999432e+02 8.117060616026415820e-01
3.968505859374999432e+02 8.112360469444541700e-01
3.969726562499999432e+02 8.107664742302245209e-01
3.970947265624999432e+02 8.102962172141972008e-01
3.972167968749999432e+02 8.098263473145272950e-01
3.973388671874999432e+02 8.093565873196024718e-01
3.974609374999999432e+02 8.088864203920961282e-01
3.975830078124999432e+02 8.084166946217934413e-01
3.977050781249999432e+02 8.079466930470096120e-01
3.978271484374999432e+02 8.074766708570415563e-01
3.979492187499999432e+02 8.070070885869526922e-01
3.980712890624999432e+02 8.065368464113131797e-01
3.981933593749999432e+02 8.060669683297361221e-01
3.983154296874999432e+02 8.055972208686780212e-01
3.984374999999999432e+02 8.051270471332173662e-01
3.985595703124999432e+02 8.046573125308809082e-01
3.986816406249999432e+02 8.041873245814747939e-01
3.988037109374999432e+02 8.037172949334256966e-01
3.989257812499999432e+02 8.032477031811771084e-01
3.990478515624999432e+02 8.027774757224253044e-01
3.991699218749999432e+02 8.023075895326404749e-01
3.992919921874999432e+02 8.018378544819494413e-01
3.994140624999999432e+02 8.017070005891118178e-01
3.995361328124999432e+02 8.016532173881405487e-01
3.996582031249999432e+02 8.016531649611841059e-01
3.997802734374999432e+02 8.016530492765675531e-01
3.999023437499999432e+02 8.016533707250756979e-01
4.000244140624999432e+02 8.016530789728374407e-01
4.001464843749999432e+02 8.016531063663407952e-01
4.002685546874999432e+02 8.016533064769282291e-01
4.003906249999999432e+02 8.016530398154065873e-01
4.005126953124999432e+02 8.016532102870251864e-01
4.006347656249999432e+02 8.016531710723224791e-01
4.007568359374999432e+02 8.016530474888987623e-01
4.008789062499999432e+02 8.016533610386027409e-01
4.010009765624999432e+02 8.016530824986165538e-01
4.011230468749999432e+02 8.016531019933121893e-01
4.012451171874999432e+02 8.016533153161525815e-01
4.013671874999999432e+02 8.016530407558258853e-01
4.014892578124999432e+02 8.016532033286378756e-01
4.016113281249999432e+02 8.016531773261886817e-01
4.017333984374999432e+02 8.016530458439580231e-01
4.018554687499999432e+02 8.016533514948576133e-01
4.019775390624999432e+02 8.016530861671237185e-01
4.020996093749999432e+02 8.016530977630119681e-01
4.022216796874999432e+02 8.016533242981049856e-01
4.023437499999999432e+02 8.016530418389732349e-01
4.024658203124999432e+02 8.016531965129783943e-01
4.025878906249999432e+02 8.016531837227829360e-01
4.027099609374999432e+02 8.016530443417453355e-01
4.028320312499999432e+02 8.016533308142050895e-01
4.029541015624999432e+02 8.016530453976550286e-01
4.030761718749999432e+02 8.016530158453634147e-01
4.031982421874999432e+02 8.016533114907363755e-01
4.033203124999999432e+02 8.016529534347133223e-01
4.034423828124999432e+02 8.016531344311262908e-01
4.035644531249999432e+02 8.016531349515888527e-01
4.036865234374999432e+02 8.016529533328697887e-01
4.038085937499999432e+02 8.016533107665868574e-01
4.039306640624999432e+02 8.016530161621390205e-01
4.040527343749999432e+02 8.016530109807629145e-01
4.041748046874999432e+02 8.016533229188761434e-01
4.042968749999999432e+02 8.016529551224121919e-01
4.044189453124999432e+02 8.016531263783803762e-01
4.045410156249999432e+02 8.016531431915852046e-01
4.046630859374999432e+02 8.016529518324215786e-01
4.047851562499999432e+02 8.016532995256971939e-01
4.049072265624999432e+02 8.016530212139897360e-01
4.050292968749999432e+02 8.016530062921681798e-01
4.051513671874999432e+02 8.016533345230213436e-01
4.052734374999999432e+02 8.016529569861164939e-01
4.053955078124999432e+02 8.016531185016401162e-01
4.055175781249999432e+02 8.016531516075868780e-01
4.056396484374999432e+02 8.016529505079790230e-01
4.057617187499999432e+02 8.016532884608129628e-01
4.058837890624999432e+02 8.016530264418463281e-01
4.060058593749999432e+02 8.016530017795790997e-01
4.061279296874999432e+02 8.016533463031721984e-01
4.062499999999999432e+02 8.016529590258264504e-01
4.063720703124999432e+02 8.016531108009052886e-01
4.064941406249999432e+02 8.016531601995943168e-01
4.066162109374999432e+02 8.016529493595421219e-01
4.067382812499999432e+02 8.016532775719341641e-01
4.068603515624999432e+02 8.016530318457082416e-01
4.069824218749999432e+02 8.016529974429954519e-01
4.071044921874999432e+02 8.016533582593282636e-01
4.072265624999999432e+02 8.016529612415420614e-01
4.073486328124999432e+02 8.016531032761760045e-01
4.074707031249999432e+02 8.016531689676070771e-01
4.075927734374999432e+02 8.016529483871109862e-01
4.077148437499999432e+02 8.016532668590607980e-01
4.078369140624999432e+02 8.016530374255759206e-01
4.079589843749999432e+02 8.016529932824175697e-01
4.080810546874999432e+02 8.016533703914896503e-01
4.082031249999999432e+02 8.016529636332634379e-01
4.083251953124999432e+02 8.016530959274522639e-01
4.084472656249999432e+02 8.016531779116253809e-01
4.085693359374999432e+02 8.016529475906853941e-01
4.086914062499999432e+02 8.016532563221928642e-01
4.088134765624999432e+02 8.016530431814492541e-01
4.089355468749999432e+02 8.016529892978451199e-01
4.090576171874999432e+02 8.016533826996565804e-01
4.091796874999999432e+02 8.016529662009903578e-01
4.093017578124999432e+02 8.016530887547341777e-01
4.094238281249999432e+02 8.016531870316491171e-01
4.095458984374999432e+02 8.016529469702653454e-01
4.096679687499999432e+02 8.016532459613303629e-01
4.097900390624999432e+02 8.016530491133280201e-01
4.099121093749999432e+02 8.016529854892785467e-01
4.100341796874999432e+02 8.016533951838287209e-01
4.101562499999999432e+02 8.016529689447228213e-01
4.102783203124999432e+02 8.016530817580213020e-01
4.104003906249999432e+02 8.016531963276783967e-01
4.105224609374999432e+02 8.016529465258510623e-01
4.106445312499999432e+02 8.016532357764735162e-01
4.107666015624999432e+02 8.016530552212125516e-01
4.108886718749999432e+02 8.016529818567175170e-01
4.110107421874999432e+02 8.016534078440062938e-01
4.111328124999999432e+02 8.016529718644610503e-01
4.112548828124999432e+02 8.016530749373144138e-01
4.113769531249999432e+02 8.016532057997132199e-01
4.114990234374999432e+02 8.016529462574424336e-01
4.116210937499999432e+02 8.016532257676217688e-01
4.117431640624999432e+02 8.016530615051025155e-01
4.118652343749999432e+02 8.016529784001620307e-01
4.119873046874999432e+02 8.016534206801891882e-01
4.121093749999999432e+02 8.016529749602048227e-01
4.122314453124999432e+02 8.016530682926130691e-01
4.123535156249999432e+02 8.016532154477535865e-01
4.124755859374999432e+02 8.016529461650394595e-01
4.125976562499999432e+02 8.016532159347757869e-01
4.127197265624999432e+02 8.016530679649982449e-01
4.128417968749999432e+02 8.016529751196123099e-01
4.129638671874999432e+02 8.016534213266185427e-01
4.130859374999999432e+02 8.016529782319544717e-01
4.132080078124999432e+02 8.016530618239171568e-01
4.133300781249999432e+02 8.016532252717994966e-01
4.134521484374999432e+02 8.016529462486421398e-01
4.135742187499999432e+02 8.016532062779352374e-01
4.136962890624999432e+02 8.016530746008992958e-01
4.138183593749999432e+02 8.016529720150681326e-01
4.139404296874999432e+02 8.016534084816352435e-01
4.140624999999999432e+02 8.016529816797096641e-01
4.141845703124999432e+02 8.016530555312267881e-01
4.143066406249999432e+02 8.016532352718507282e-01
4.144287109374999432e+02 8.016529465082504746e-01
4.145507812499999432e+02 8.016531967971001205e-01
4.146728515624999432e+02 8.016530814128058902e-01
4.147949218749999432e+02 8.016529690865297209e-01
4.149169921874999432e+02 8.016533958126574877e-01
4.150390624999999432e+02 8.016529853034702890e-01
4.151611328124999432e+02 8.016530494145420738e-01
4.152832031249999432e+02 8.016532454479075032e-01
4.154052734374999432e+02 8.016529469438646860e-01
4.155273437499999432e+02 8.016531874922705470e-01
4.156494140624999432e+02 8.016530884007183611e-01
4.157714843749999432e+02 8.016529663339968526e-01
4.158935546874999432e+02 8.016533833196850534e-01
4.160156249999999432e+02 8.016529891032367905e-01
4.161376953124999432e+02 8.016530434738630140e-01
4.162597656249999432e+02 8.016532557999695996e-01
4.163818359374999432e+02 8.016529475554841078e-01
4.165039062499999432e+02 8.016531783634464059e-01
4.166259765624999432e+02 8.016530955646362644e-01
4.167480468749999432e+02 8.016529637574696388e-01
4.168701171874999432e+02 8.016533710027179405e-01
4.169921874999999432e+02 8.016529930790088354e-01
4.171142578124999432e+02 8.016530377091893866e-01
4.172363281249999432e+02 8.016532663280372395e-01
4.173583984374999432e+02 8.016529483431096281e-01
4.174804687499999432e+02 8.016531694106278083e-01
4.176025390624999432e+02 8.016531029045596002e-01
4.177246093749999432e+02 8.016529903840039495e-01
4.178466796874999432e+02 8.016533650978590053e-01
4.179687499999999432e+02 8.016530363277067917e-01
4.180908203124999432e+02 8.016530680470678183e-01
4.182128906249999432e+02 8.016532907039386480e-01
4.183349609374999432e+02 8.016529927584419291e-01
4.184570312499999432e+02 8.016531848825662054e-01
4.185791015624999432e+02 8.016531392320436211e-01
4.187011718749999432e+02 8.016530016912887247e-01
4.188232421874999432e+02 8.016533542201385032e-01
4.189453124999999432e+02 8.016530402622313867e-01
4.190673828124999432e+02 8.016135122418954762e-01
4.191894531249999432e+02 8.015299745061766901e-01
4.193115234374999432e+02 8.012919691576985137e-01
4.194335937499999432e+02 8.010323175589766365e-01
4.195556640624999432e+02 8.007724516917482660e-01
4.196777343749999432e+02 8.005124707434124742e-01
4.197998046874999432e+02 8.002529789887852241e-01
4.199218749999999432e+02 7.999928454086721041e-01
4.200439453124999432e+02 7.997330246814615684e-01
4.201660156249999432e+02 7.994734412968972359e-01
4.202880859374999432e+02 7.992132916947948251e-01
4.204101562499999432e+02 7.989536307987029629e-01
4.205322265624999432e+02 7.986937797709935394e-01
4.206542968749999432e+02 7.984337903769894718e-01
4.207763671874999432e+02 7.981742889219863857e-01
4.208984374999999432e+02 7.979141708580091974e-01
4.210205078124999432e+02 7.976543412821218704e-01
4.211425781249999432e+02 7.973947719839001858e-01
4.212646484374999432e+02 7.971346143848253574e-01
4.213867187499999432e+02 7.968749442370492986e-01
4.215087890624999432e+02 7.966151079723019501e-01
4.216308593749999432e+02 7.963551101783155062e-01
4.217529296874999432e+02 7.960955990686222616e-01
4.218749999999999432e+02 7.958354964442243551e-01
4.219970703124999432e+02 7.955756580653459142e-01
4.221191406249999432e+02 7.953161027769102276e-01
4.222412109374999432e+02 7.950559372265488811e-01
4.223632812499999432e+02 7.947962578727744143e-01
4.224853515624999432e+02 7.945364362944323799e-01
4.226074218749999432e+02 7.942764301461494592e-01
4.227294921874999432e+02 7.940169094274516226e-01
4.228515624999999432e+02 7.937568221660763479e-01
4.229736328124999432e+02 7.934969750298924707e-01
4.230957031249999432e+02 7.932374336746859100e-01
4.232177734374999432e+02 7.929772602187239450e-01
4.233398437499999432e+02 7.927175717046366366e-01
4.234619140624999432e+02 7.924577647361432664e-01
4.235839843749999432e+02 7.921977502792496573e-01
4.237060546874999432e+02 7.919382199972327951e-01
4.238281249999999432e+02 7.916781480223236134e-01
4.239501953124999432e+02 7.914182921745201993e-01
4.240722656249999432e+02 7.911587646759856707e-01
4.241943359374999432e+02 7.908985833601092086e-01
4.243164062499999432e+02 7.906388857313947360e-01
4.244384765624999432e+02 7.903790932961932691e-01
4.245605468749999432e+02 7.901190705763749822e-01
4.246826171874999432e+02 7.898595307767246609e-01
4.248046874999999432e+02 7.895994740117249222e-01
4.249267578124999432e+02 7.893396094979877597e-01
4.250488281249999432e+02 7.890800957795686132e-01
4.251708984374999432e+02 7.888199066494631095e-01
4.252929687499999432e+02 7.885601999518072613e-01
4.254150390624999432e+02 7.883004219733411588e-01
4.255371093749999432e+02 7.880403910362837605e-01
4.256591796874999432e+02 7.877808417646856576e-01
4.257812499999999432e+02 7.875208001330387120e-01
4.259033203124999432e+02 7.872609269990537006e-01
4.260253906249999432e+02 7.870014269841931753e-01
4.261474609374999432e+02 7.867412300855446405e-01
4.262695312499999432e+02 7.864815143646330942e-01
4.263916015624999432e+02 7.862217507663452620e-01
4.265136718749999432e+02 7.859617116577346518e-01
4.266357421874999432e+02 7.857021529598746667e-01
4.267578124999999432e+02 7.854421263850237533e-01
4.268798828124999432e+02 7.851822446764765706e-01
4.270019531249999432e+02 7.849227582886177945e-01
4.271240234374999432e+02 7.846625536671122392e-01
4.272460937499999432e+02 7.844028289686306721e-01
4.273681640624999432e+02 7.841430796739644604e-01
4.274902343749999432e+02 7.838830324394866489e-01
4.276123046874999432e+02 7.836234643610502371e-01
4.277343749999999432e+02 7.833634527664388170e-01
4.278564453124999432e+02 7.831035625290151403e-01
4.279785156249999432e+02 7.828440896916013525e-01
4.281005859374999432e+02 7.825838773929246761e-01
4.282226562499999432e+02 7.823241437625586547e-01
4.283447265624999432e+02 7.820644086949573026e-01
4.284667968749999432e+02 7.818043533802980782e-01
4.285888671874999432e+02 7.815447759669705841e-01
4.287109374999999432e+02 7.812847792760424515e-01
4.288330078124999432e+02 7.810248805554280693e-01
4.289550781249999432e+02 7.807654211919021758e-01
4.290771484374999432e+02 7.805052012617401669e-01
4.291992187499999432e+02 7.802454587451757018e-01
4.293212890624999432e+02 7.799857378280825593e-01
4.294433593749999432e+02 7.797256744789277105e-01
4.295654296874999432e+02 7.794660877763949225e-01
4.296874999999999432e+02 7.792061059125930944e-01
4.298095703124999432e+02 7.789461987544737953e-01
4.299316406249999432e+02 7.786867527882792572e-01
4.300537109374999432e+02 7.784265252723178152e-01
4.301757812499999432e+02 7.781667739152404728e-01
4.302978515624999432e+02 7.779070670720987790e-01
4.304199218749999432e+02 7.776469957341340944e-01
4.305419921874999432e+02 7.773873997880816900e-01
4.306640624999999432e+02 7.771274326748494055e-01
4.307861328124999432e+02 7.768675171249110889e-01
4.309082031249999432e+02 7.766080761998449544e-01
4.310302734374999432e+02 7.763478494234159477e-01
4.311523437499999432e+02 7.760880892715115165e-01
4.312744140624999432e+02 7.758283964257645104e-01
4.313964843749999432e+02 7.755683171446756674e-01
4.315185546874999432e+02 7.753087120007896571e-01
4.316406249999999432e+02 7.750487595615703773e-01
4.317626953124999432e+02 7.747888356654988318e-01
4.318847656249999432e+02 7.745293851395932405e-01
4.320068359374999432e+02 7.742691737137934460e-01
4.321289062499999432e+02 7.740094048127473814e-01
4.322509765624999432e+02 7.737497258878383022e-01
4.323730468749999432e+02 7.734896387093115333e-01
4.324951171874999432e+02 7.732300222161047065e-01
4.326171874999999432e+02 7.729700832513970443e-01
4.327392578124999432e+02 7.727101487574564720e-01
4.328613281249999432e+02 7.724506939233316549e-01
4.329833984374999432e+02 7.721904927165740284e-01
4.331054687499999432e+02 7.719307159149834119e-01
4.332275390624999432e+02 7.716710532121381361e-01
4.333496093749999432e+02 7.714109545421132808e-01
4.334716796874999432e+02 7.711513341007221189e-01
4.335937499999999432e+02 7.708914095433391234e-01
4.337158203124999432e+02 7.706314676157833832e-01
4.338378906249999432e+02 7.703720031390969281e-01
4.339599609374999432e+02 7.701118173425581803e-01
4.340820312499999432e+02 7.698520317620245468e-01
4.342041015624999432e+02 7.695923830195949833e-01
4.343261718749999432e+02 7.693322764342510611e-01
4.344482421874999432e+02 7.690726468052691001e-01
4.345703124999999432e+02 7.688127368943906692e-01
4.346923828124999432e+02 7.685527866428658594e-01
4.348144531249999432e+02 7.682933125699427102e-01
4.349365234374999432e+02 7.680331421059947150e-01
4.350585937499999432e+02 7.677733477928430084e-01
4.351806640624999432e+02 7.675137129332011421e-01
4.353027343749999432e+02 7.672535984788632080e-01
4.354248046874999432e+02 7.669939597086158356e-01
4.355468749999999432e+02 7.667340643666135103e-01
4.356689453124999432e+02 7.664741058374447968e-01
4.357910156249999432e+02 7.662146222146101193e-01
4.359130859374999432e+02 7.659544670056249727e-01
4.360351562499999432e+02 7.656946640061803588e-01
4.361572265624999432e+02 7.654350429516976195e-01
4.362792968749999432e+02 7.651749206746911725e-01
4.364013671874999432e+02 7.649152728095033327e-01
4.365234374999999432e+02 7.646553919587489867e-01
4.366455078124999432e+02 7.643954251982615355e-01
4.367675781249999432e+02 7.641359320718400516e-01
4.368896484374999432e+02 7.638757920401897383e-01
4.370117187499999432e+02 7.636159804007776053e-01
4.371337890624999432e+02 7.633563730738257558e-01
4.372558593749999432e+02 7.630962430204761837e-01
4.373779296874999432e+02 7.628365861066728204e-01
4.374999999999999432e+02 7.625767196695385497e-01
4.376220703124999432e+02 7.623167447240577488e-01
4.377441406249999432e+02 7.620572421403745134e-01
4.378662109374999432e+02 7.617971172084309073e-01
4.379882812499999432e+02 7.615372969753761989e-01
4.381103515624999432e+02 7.612777032983271130e-01
4.382324218749999432e+02 7.610175655149593599e-01
4.383544921874999432e+02 7.607578995988659720e-01
4.384765624999999432e+02 7.604980474977233174e-01
4.385986328124999432e+02 7.602380644135741106e-01
4.387207031249999432e+02 7.599785524189544006e-01
4.388427734374999432e+02 7.597184425090891535e-01
4.389648437499999432e+02 7.594586137287171468e-01
4.390869140624999432e+02 7.591990336239425874e-01
4.392089843749999432e+02 7.589388881568821521e-01
4.393310546874999432e+02 7.586792132848235726e-01
4.394531249999999432e+02 7.584193754420442968e-01
4.395751953124999432e+02 7.581593842655521831e-01
4.396972656249999432e+02 7.578998629063204984e-01
4.398193359374999432e+02 7.576397679409060393e-01
4.399414062499999432e+02 7.573799306595419001e-01
4.400634765624999432e+02 7.571203640494132969e-01
4.401855468749999432e+02 7.568602109449855675e-01
4.403076171874999432e+02 7.566005271632867402e-01
4.404296874999999432e+02 7.563407035012430502e-01
4.405517578124999432e+02 7.560807042787330845e-01
4.406738281249999432e+02 7.558211736012148130e-01
4.407958984374999432e+02 7.555610935026229047e-01
4.409179687499999432e+02 7.553012477665917990e-01
4.410400390624999432e+02 7.550416945734809149e-01
4.411621093749999432e+02 7.547815338780110572e-01
4.412841796874999432e+02 7.545218412329973701e-01
4.414062499999999432e+02 7.542620316740606956e-01
4.415283203124999432e+02 7.540020244518582659e-01
4.416503906249999432e+02 7.537424845023783515e-01
4.417724609374999432e+02 7.534824191929807569e-01
4.418945312499999432e+02 7.532225650486079616e-01
4.420166015624999432e+02 7.529630251948864483e-01
4.421386718749999432e+02 7.527028569546997394e-01
4.422607421874999432e+02 7.524431554926963583e-01
4.423828124999999432e+02 7.521833599592383512e-01
4.425048828124999432e+02 7.519233447836687345e-01
4.426269531249999432e+02 7.516637956085523431e-01
4.427490234374999432e+02 7.514037450107210470e-01
4.428710937499999432e+02 7.511438825043316170e-01
4.429931640624999432e+02 7.508843559123712375e-01
4.431152343749999432e+02 7.506241801737930652e-01
4.432373046874999432e+02 7.503638527956028037e-01
4.433593749999999432e+02 7.501022561530058530e-01
4.434814453124999432e+02 7.498361121418052333e-01
4.436035156249999432e+02 7.495689370340296032e-01
4.437255859374999432e+02 7.493012843208026741e-01
4.438476562499999432e+02 7.490337967550320109e-01
4.439697265624999432e+02 7.487666665786277820e-01
4.440917968749999432e+02 7.484988666568551663e-01
4.442138671874999432e+02 7.482315309464141473e-01
4.443359374999999432e+02 7.479641464704116505e-01
4.444580078124999432e+02 7.476964987974186183e-01
4.445800781249999432e+02 7.474293147825989969e-01
4.447021484374999432e+02 7.471616769584106255e-01
4.448242187499999432e+02 7.468941828854332998e-01
4.449462890624999432e+02 7.466270637171730229e-01
4.450683593749999432e+02 7.463592586190532785e-01
4.451904296874999432e+02 7.460919135583972128e-01
4.453124999999999432e+02 7.458245423659013440e-01
4.454345703124999432e+02 7.455568881564640371e-01
4.455566406249999432e+02 7.452896931889252397e-01
4.456787109374999432e+02 7.450220706016706940e-01
4.458007812499999432e+02 7.447545668764072868e-01
4.459228515624999432e+02 7.444874606265293737e-01
4.460449218749999432e+02 7.442196482449122685e-01
4.461669921874999432e+02 7.439522945992930181e-01
4.462890624999999432e+02 7.436849370270116610e-01
4.464111328124999432e+02 7.434172751160500470e-01
4.465332031249999432e+02 7.431500711455244490e-01
4.466552734374999432e+02 7.428824628803146757e-01
4.467773437499999432e+02 7.426149510355007921e-01
4.468994140624999432e+02 7.423478576245960969e-01
4.470214843749999432e+02 7.420800380068696134e-01
4.471435546874999432e+02 7.418126758236753826e-01
4.472656249999999432e+02 7.415453317921989473e-01
4.473876953124999432e+02 7.412776622271011195e-01
4.475097656249999432e+02 7.410104493009772586e-01
4.476318359374999432e+02 7.407428552784024456e-01
4.477539062499999432e+02 7.404753353614265121e-01
4.478759765624999432e+02 7.402082547100855558e-01
4.479980468749999432e+02 7.399404279036380094e-01
4.481201171874999432e+02 7.396730572302567808e-01
4.482421874999999432e+02 7.394057266601761214e-01
4.483642578124999432e+02 7.391380494883298402e-01
4.484863281249999432e+02 7.388708276539953657e-01
4.486083984374999432e+02 7.386032477946465891e-01
4.487304687499999432e+02 7.383357198528966991e-01
4.488525390624999432e+02 7.380686464530405999e-01
4.489746093749999432e+02 7.378008179339293759e-01
4.490966796874999432e+02 7.375334388177491318e-01
4.492187499999999432e+02 7.372661216296547693e-01
4.493408203124999432e+02 7.369984368984487944e-01
4.494628906249999432e+02 7.367312062032917996e-01
4.495849609374999432e+02 7.364636404277594695e-01
4.497070312499999432e+02 7.361961045086236055e-01
4.498291015624999432e+02 7.359290218299224806e-01
4.499511718749999432e+02 7.356612080964561873e-01
4.500732421874999432e+02 7.353938205848652432e-01
4.501953124999999432e+02 7.351265166993478095e-01
4.503173828124999432e+02 7.348588244561701233e-01
4.504394531249999432e+02 7.345915849475782577e-01
4.505615234374999432e+02 7.343240331764533391e-01
4.506835937499999432e+02 7.340564893273197056e-01
4.508056640624999432e+02 7.337893974171616485e-01
4.509277343749999432e+02 7.335215983899311398e-01
4.510498046874999432e+02 7.332542025303172561e-01
4.511718749999999432e+02 7.329869118679672724e-01
4.512939453124999432e+02 7.327192121602060793e-01
4.514160156249999432e+02 7.324519638855676584e-01
4.515380859374999432e+02 7.321844260394408943e-01
4.516601562499999432e+02 7.319168743076974737e-01
4.517822265624999432e+02 7.316497732134701337e-01
4.519042968749999432e+02 7.313819888130661528e-01
4.520263671874999432e+02 7.311145846528176451e-01
4.521484374999999432e+02 7.308473071342257432e-01
4.522705078124999432e+02 7.305796000092692477e-01
4.523925781249999432e+02 7.303123430159721430e-01
4.525146484374999432e+02 7.300448190154340544e-01
4.526367187499999432e+02 7.297772594484691622e-01
4.527587890624999432e+02 7.295101492175605218e-01
4.528808593749999432e+02 7.292423793645740338e-01
4.530029296874999432e+02 7.289749669510787733e-01
4.531249999999999432e+02 7.287077024968353633e-01
4.532470703124999432e+02 7.284399880020717699e-01
4.533691406249999432e+02 7.281727223375042968e-01
4.534912109374999432e+02 7.279052121031452938e-01
4.536132812499999432e+02 7.276376447483472454e-01
4.537353515624999432e+02 7.273705254281451760e-01
4.538574218749999432e+02 7.271027700431668128e-01
4.539794921874999432e+02 7.268353494238132262e-01
4.541015624999999432e+02 7.265680979545088292e-01
4.542236328124999432e+02 7.263003761373263423e-01
4.543457031249999432e+02 7.260331018488761501e-01
4.544677734374999432e+02 7.257656053012871977e-01
4.545898437499999432e+02 7.254980302060439756e-01
4.547119140624999432e+02 7.252309018439364596e-01
4.548339843749999432e+02 7.249631608475571865e-01
4.549560546874999432e+02 7.246957320697329230e-01
4.550781249999999432e+02 7.244284935059583930e-01
4.552001953124999432e+02 7.241607644137451061e-01
4.553222656249999432e+02 7.238934815488003993e-01
4.554443359374999432e+02 7.236259986085721296e-01
4.555664062499999432e+02 7.233584158202717163e-01
4.556884765624999432e+02 7.230912784636467361e-01
4.558105468749999432e+02 7.228235517764570739e-01
4.559326171874999432e+02 7.225561148875506712e-01
4.560546874999999432e+02 7.222888891498964181e-01
4.561767578124999432e+02 7.220211528300404247e-01
4.562988281249999432e+02 7.217538614359891858e-01
4.564208984374999432e+02 7.214863920237122308e-01
4.565429687499999432e+02 7.212188015897429416e-01
4.566650390624999432e+02 7.209516552859884797e-01
4.567871093749999432e+02 7.206839428285792826e-01
4.569091796874999432e+02 7.204164978759786120e-01
4.570312499999999432e+02 7.201492848850350459e-01
4.571533203124999432e+02 7.198815413849249945e-01
4.572753906249999432e+02 7.196142415091550948e-01
4.573974609374999432e+02 7.193467855454200865e-01
4.575195312499999432e+02 7.190791875131701261e-01
4.576416015624999432e+02 7.188120323096739428e-01
4.577636718749999432e+02 7.185443340026360648e-01
4.578857421874999432e+02 7.182768810337291088e-01
4.580078124999999432e+02 7.180096807100868617e-01
4.581298828124999432e+02 7.177419300771106236e-01
4.582519531249999432e+02 7.174746217670103787e-01
4.583740234374999432e+02 7.172071791724079493e-01
4.584960937499999432e+02 7.169395735892652999e-01
4.586181640624999432e+02 7.166724095334155997e-01
4.587402343749999432e+02 7.164047252973396729e-01
4.588623046874999432e+02 7.161372643595147469e-01
4.589843749999999432e+02 7.158700766237646729e-01
4.591064453124999432e+02 7.156023189053103417e-01
4.592285156249999432e+02 7.153350022082676229e-01
4.593505859374999432e+02 7.150675729033882932e-01
4.594726562499999432e+02 7.147999598167411595e-01
4.595947265624999432e+02 7.145327869559257028e-01
4.597167968749999432e+02 7.142651167114025812e-01
4.598388671874999432e+02 7.139976478520476677e-01
4.599609374999999432e+02 7.137304726247800657e-01
4.600830078124999432e+02 7.134627078682359569e-01
4.602050781249999432e+02 7.131953828316387467e-01
4.603271484374999432e+02 7.129279667370733709e-01
4.604492187499999432e+02 7.126603461943099571e-01
4.605712890624999432e+02 7.123931645759168374e-01
4.606933593749999432e+02 7.121255082435371531e-01
4.608154296874999432e+02 7.118580315100403455e-01
4.609374999999999432e+02 7.115908687118457365e-01
4.610595703124999432e+02 7.113230969646001656e-01
4.611816406249999432e+02 7.109225920265999088e-01
4.613037109374999432e+02 7.106800424955095341e-01
4.614257812499999432e+02 7.094767180727366007e-01
4.615478515624999432e+02 7.099116731450895168e-01
4.616699218749999432e+02 7.091316529759237319e-01
4.617919921874999432e+02 7.087759428231324987e-01
4.619140624999999432e+02 7.093178848280071724e-01
4.620361328124999432e+02 7.081719812912823375e-01
4.621582031249999432e+02 7.082005928847967535e-01
4.622802734374999432e+02 7.080992266333864249e-01
4.624023437499999432e+02 7.073383767428781388e-01
4.625244140624999432e+02 7.077500656585359318e-01
4.626464843749999432e+02 7.070069939937202452e-01
4.627685546874999432e+02 7.066303738578076921e-01
4.628906249999999432e+02 7.072052698900923584e-01
4.630126953124999432e+02 7.060408595383096397e-01
4.631347656249999432e+02 7.060474402985105202e-01
4.632568359374999432e+02 7.059809283038659400e-01
4.633789062499999432e+02 7.052004285440068854e-01
4.635009765624999432e+02 7.055889774726527008e-01
4.636230468749999432e+02 7.048826417467896066e-01
4.637451171874999432e+02 7.044852391786032841e-01
4.638671874999999432e+02 7.050928746041758011e-01
4.639892578124999432e+02 7.039100860818253702e-01
4.641113281249999432e+02 7.038947629232220615e-01
4.642333984374999432e+02 7.038628914981641671e-01
4.643554687499999432e+02 7.030628700168226608e-01
4.644775390624999432e+02 7.034284051720722797e-01
4.645996093749999432e+02 7.027585927558134271e-01
4.647216796874999432e+02 7.031448059915166304e-01
4.648437499999999432e+02 7.030240969716444743e-01
4.649658203124999432e+02 7.027647529494929213e-01
4.650878906249999432e+02 7.024973639605265330e-01
4.652099609374999432e+02 7.022299857978575588e-01
4.653320312499999432e+02 7.022263232023613355e-01
4.654541015624999432e+02 7.023771214320492229e-01
4.655761718749999432e+02 7.028835520569040041e-01
4.656982421874999432e+02 7.033900351040288657e-01
4.658203124999999432e+02 7.038968225166820636e-01
4.659423828124999432e+02 7.044030922280632989e-01
4.660644531249999432e+02 7.049096791897002667e-01
4.661865234374999432e+02 7.054162931749278220e-01
4.663085937499999432e+02 7.059226662586898238e-01
4.664306640624999432e+02 7.064293576956947041e-01
4.665527343749999432e+02 7.069357973807803841e-01
4.666748046874999432e+02 7.074422743977594186e-01
4.667968749999999432e+02 7.079490708709973434e-01
4.669189453124999432e+02 7.084553353832098166e-01
4.670410156249999432e+02 7.089619168942512539e-01
4.671630859374999432e+02 7.094685410228218636e-01
4.672851562499999432e+02 7.099749074311882957e-01
4.674072265624999432e+02 7.104815939971478311e-01
4.675292968749999432e+02 7.109880428525578999e-01
4.676513671874999432e+02 7.114945137736922165e-01
4.677734374999999432e+02 7.120013059554337609e-01
4.678955078124999432e+02 7.125075786649525122e-01
4.680175781249999432e+02 7.130141546597000834e-01
4.681396484374999432e+02 7.135207890417070153e-01
4.682617187499999432e+02 7.140271487089786540e-01
4.683837890624999432e+02 7.145338303381940648e-01
4.685058593749999432e+02 7.150402884740214571e-01
4.686279296874999432e+02 7.155467532336120540e-01
4.687499999999999432e+02 7.160535410581585491e-01
4.688720703124999432e+02 7.165598220750770686e-01
4.689941406249999432e+02 7.170663924878315498e-01
4.691162109374999432e+02 7.175730372333680718e-01
4.692382812499999432e+02 7.180793900938462482e-01
4.693603515624999432e+02 7.185860667206185326e-01
4.694824218749999432e+02 7.190925342469567383e-01
4.696044921874999432e+02 7.195989927793047247e-01
4.697265624999999432e+02 7.201057761809572799e-01
4.698486328124999432e+02 7.206120656153685022e-01
4.699707031249999432e+02 7.211186303804308917e-01
4.700927734374999432e+02 7.216252855995906046e-01
4.702148437499999432e+02 7.221316315875760949e-01
4.703369140624999432e+02 7.226383031462062512e-01
4.704589843749999432e+02 7.231447801731484271e-01
4.705810546874999432e+02 7.236512324125546902e-01
4.707031249999999432e+02 7.241580113256147477e-01
4.708251953124999432e+02 7.246643092876119407e-01
4.709472656249999432e+02 7.251708683392833477e-01
4.710693359374999432e+02 7.256775341421591863e-01
4.711914062499999432e+02 7.261838731919532108e-01
4.713134765624999432e+02 7.266905396167425701e-01
4.714355468749999432e+02 7.271970262543820951e-01
4.715576171874999432e+02 7.277034721351476332e-01
4.716796874999999432e+02 7.282102464939161912e-01
4.718017578124999432e+02 7.287165530935924007e-01
4.719238281249999432e+02 7.292231063661738233e-01
4.720458984374999432e+02 7.297297828628596106e-01
4.721679687499999432e+02 7.302361149087628345e-01
4.722900390624999432e+02 7.307427761340123951e-01
4.724121093749999432e+02 7.312492724924425369e-01
4.725341796874999432e+02 7.317557119488685702e-01
4.726562499999999432e+02 7.322624816876467380e-01
4.727783203124999432e+02 7.327687970350953428e-01
4.729003906249999432e+02 7.332753444628878903e-01
4.730224609374999432e+02 7.337820317634765610e-01
4.731445312499999432e+02 7.342883567397903155e-01
4.732666015624999432e+02 7.347950126998011866e-01
4.733886718749999432e+02 7.353015188891151022e-01
4.735107421874999432e+02 7.358079518555026288e-01
4.736328124999999432e+02 7.363147169085916266e-01
4.737548828124999432e+02 7.368210411139057836e-01
4.738769531249999432e+02 7.373275826312104542e-01
4.739990234374999432e+02 7.378342808457954982e-01
4.741210937499999432e+02 7.383405986868206705e-01
4.742431640624999432e+02 7.388472493158939614e-01
4.743652343749999432e+02 7.393537654461850295e-01
4.744873046874999432e+02 7.398601918568350477e-01
4.746093749999999432e+02 7.403669521585358737e-01
4.747314453124999432e+02 7.408732853318088507e-01
4.748535156249999432e+02 7.413798208729266426e-01
4.749755859374999432e+02 7.418865301116013278e-01
4.750976562499999432e+02 7.423928407516391381e-01
4.752197265624999432e+02 7.428994859840758469e-01
4.753417968749999432e+02 7.434060121654374464e-01
4.754638671874999432e+02 7.439124319546509545e-01
4.755859374999999432e+02 7.444191874392649400e-01
4.757080078124999432e+02 7.449255296905897827e-01
4.758300781249999432e+02 7.454320591898219162e-01
4.759521484374999432e+02 7.459387795626793993e-01
4.760742187499999432e+02 7.464450829360307349e-01
4.761962890624999432e+02 7.469517227061319709e-01
4.763183593749999432e+02 7.474582590486572586e-01
4.764404296874999432e+02 7.479646721507353657e-01
4.765624999999999432e+02 7.484714227525637309e-01
4.766845703124999432e+02 7.489777741920337073e-01
4.768066406249999432e+02 7.494842853039936914e-01
4.769287109374999432e+02 7.499910263231810426e-01
4.770507812499999432e+02 7.504971368506201390e-01
4.771728515624999432e+02 7.510038372370663184e-01
4.772949218749999432e+02 7.515103942063696696e-01
4.774169921874999432e+02 7.520167216112233488e-01
4.775390624999999432e+02 7.525236043393132013e-01
4.776611328124999432e+02 7.530298570939035763e-01
4.777832031249999432e+02 7.535363659530924796e-01
4.779052734374999432e+02 7.540432442919294820e-01
4.780273437499999432e+02 7.545493790522728172e-01
4.781494140624999432e+02 7.550560702837159077e-01
4.782714843749999432e+02 7.555626442436920165e-01
4.783935546874999432e+02 7.560689604889693216e-01
4.785156249999999432e+02 7.565758350105794561e-01
4.786376953124999432e+02 7.570821031633475640e-01
4.787597656249999432e+02 7.575886018114835752e-01
4.788818359374999432e+02 7.580954989136718947e-01
4.790039062499999432e+02 7.586016214583902739e-01
4.791259765624999432e+02 7.591083034273038432e-01
4.792480468749999432e+02 7.596148945581371326e-01
4.793701171874999432e+02 7.601211995363120755e-01
4.794921874999999432e+02 7.606280657439162818e-01
4.796142578124999432e+02 7.611343494750467675e-01
4.797363281249999432e+02 7.616408378046032324e-01
4.798583984374999432e+02 7.621477538503274030e-01
4.799804687499999432e+02 7.626538640718947271e-01
4.801025390624999432e+02 7.631605366707521210e-01
4.802246093749999432e+02 7.636671451526274579e-01
4.803466796874999432e+02 7.641734387561732733e-01
4.804687499999999432e+02 7.646802965422448972e-01
4.805908203124999432e+02 7.651865960319226279e-01
4.807128906249999432e+02 7.656930739353731141e-01
4.808349609374999432e+02 7.662000091048177808e-01
4.809570312499999432e+02 7.667061068957076175e-01
4.810791015624999432e+02 7.672127700169826259e-01
4.812011718749999432e+02 7.677193960300841002e-01
4.813232421874999432e+02 7.682256781514746891e-01
4.814453124999999432e+02 7.687325274084874094e-01
4.815673828124999432e+02 7.692388428368966968e-01
4.816894531249999432e+02 7.697453102067151054e-01
4.818115234374999432e+02 7.702522646800643580e-01
4.819335937499999432e+02 7.707583499327506082e-01
4.820556640624999432e+02 7.712650034689169098e-01
4.821777343749999432e+02 7.717716471934291667e-01
4.822998046874999432e+02 7.722779177251382077e-01
4.824218749999999432e+02 7.727847583455655922e-01
4.825439453124999432e+02 7.732910898928910814e-01
4.826660156249999432e+02 7.737975466215506470e-01
4.827880859374999432e+02 7.743045205789892416e-01
4.829101562499999432e+02 7.748105931859453621e-01
4.830322265624999432e+02 7.753172370294765248e-01
4.831542968749999432e+02 7.758238986455842090e-01
4.832763671874999432e+02 7.763301574800851590e-01
4.833984374999999432e+02 7.768369893564011086e-01
4.835205078124999432e+02 7.773433372028273336e-01
4.836425781249999432e+02 7.778497831828016240e-01
4.837646484374999432e+02 7.783567768045136503e-01
4.838867187499999432e+02 7.788628366582137641e-01
4.840087890624999432e+02 7.793694707015831336e-01
4.841308593749999432e+02 7.798761503894710012e-01
4.842529296874999432e+02 7.803823974192375390e-01
4.843749999999999432e+02 7.808892204439153994e-01
4.844970703124999432e+02 7.813955847696267831e-01
4.846191406249999432e+02 7.819020198933894772e-01
4.847412109374999432e+02 7.824090328172806919e-01
4.848632812499999432e+02 7.829150803524774771e-01
4.849853515624999432e+02 7.834217044881586212e-01
4.851074218749999432e+02 7.839284024280108731e-01
4.852294921874999432e+02 7.843065946533218646e-01
4.853515624999999432e+02 7.846510686159764436e-01
4.854736328124999432e+02 7.849828739892257268e-01
4.855957031249999432e+02 7.853147228093770860e-01
4.857177734374999432e+02 7.856471516819609757e-01
4.858398437499999432e+02 7.859786392031870017e-01
4.859619140624999432e+02 7.863106777978419171e-01
4.860839843749999432e+02 7.866428181950887444e-01
4.862060546874999432e+02 7.869744663610634960e-01
4.863281249999999432e+02 7.873066953317665595e-01
4.864501953124999432e+02 7.876385177693919770e-01
4.865722656249999432e+02 7.879703557299090333e-01
4.866943359374999432e+02 7.883027756781747497e-01
4.868164062499999432e+02 7.886342792201329610e-01
4.869384765624999432e+02 7.889663075767684441e-01
4.870605468749999432e+02 7.892984662001162333e-01
4.871826171874999432e+02 7.896301028143767331e-01
4.873046874999999432e+02 7.899623221686761232e-01
4.874267578124999432e+02 7.902941617887617731e-01
4.875488281249999432e+02 7.906259888191774499e-01
4.876708984374999432e+02 7.909583997726572502e-01
4.877929687499999432e+02 7.912899194534319669e-01
4.879150390624999432e+02 7.916219375015802751e-01
4.880371093749999432e+02 7.919541144691130130e-01
4.881591796874999432e+02 7.922857394611918513e-01
4.882812499999999432e+02 7.926179491286206025e-01
4.884033203124999432e+02 7.929498060492502498e-01
4.885253906249999432e+02 7.932816220790969153e-01
4.886474609374999432e+02 7.936140239673231678e-01
4.887695312499999432e+02 7.939455599049985990e-01
4.888916015624999432e+02 7.942775675741925445e-01
4.890136718749999432e+02 7.946097630039941073e-01
4.891357421874999432e+02 7.949413763034240965e-01
4.892578124999999432e+02 7.952735762135142439e-01
4.893798828124999432e+02 7.956054505527718756e-01
4.895019531249999432e+02 7.959372555115823422e-01
4.896240234374999432e+02 7.962696482640877482e-01
4.897460937499999432e+02 7.966012005767476589e-01
4.898681640624999432e+02 7.969331977965197211e-01
4.899902343749999432e+02 7.972654118066738738e-01
4.901123046874999432e+02 7.975970133429877151e-01
4.902343749999999432e+02 7.979292034252718491e-01
4.903564453124999432e+02 7.982610953012415633e-01
4.904785156249999432e+02 7.985928891185484213e-01
4.906005859374999432e+02 7.989252726648650160e-01
4.907226562499999432e+02 7.992568414705938373e-01
4.908447265624999432e+02 7.995888281704764955e-01
4.909667968749999432e+02 7.999210608790670030e-01
4.910888671874999432e+02 8.002526505817977309e-01
4.912109374999999432e+02 8.005848307658084417e-01
4.913330078124999432e+02 8.009167402965741145e-01
4.914550781249999432e+02 8.012485229019099542e-01
4.915771484374999432e+02 8.015808971715705500e-01
4.916992187499999432e+02 8.019124825884520469e-01
4.918212890624999432e+02 8.022444586979777803e-01
4.919433593749999432e+02 8.025767102230886296e-01
4.920654296874999432e+02 8.029082880217687235e-01
4.921874999999999432e+02 8.032404582370383794e-01
4.923095703124999432e+02 8.035723855406841087e-01
4.924316406249999432e+02 8.039041568635815205e-01
4.925537109374999432e+02 8.042365217861183746e-01
4.926757812499999432e+02 8.045681239322369782e-01
4.927978515624999432e+02 8.049000893809382662e-01
4.929199218749999432e+02 8.052323598406532223e-01
4.930419921874999432e+02 8.055639256648154944e-01
4.931640624999999432e+02 8.058960858408766859e-01
4.932861328124999432e+02 8.062280310354861257e-01
4.934082031249999432e+02 8.065597910054780328e-01
4.935302734374999432e+02 8.068921465104235136e-01
4.936523437499999432e+02 8.072237655038630999e-01
4.937744140624999432e+02 8.075557202212727548e-01
4.938964843749999432e+02 8.078880097336752497e-01
4.940185546874999432e+02 8.082195635128527345e-01
4.941406249999999432e+02 8.085517135792378296e-01
4.942626953124999432e+02 8.088836767828951890e-01
4.943847656249999432e+02 8.092155090392622041e-01
4.945068359374999432e+02 8.095477982066149325e-01
4.946289062499999432e+02 8.098794976621700448e-01
4.947509765624999432e+02 8.102114437313222561e-01
4.948730468749999432e+02 8.105436819084237410e-01
4.949951171874999432e+02 8.108753058519018175e-01
4.951171874999999432e+02 8.112074088554349638e-01
4.952392578124999432e+02 8.115393848868469595e-01
4.953613281249999432e+02 8.118711652990160399e-01
4.954833984374999432e+02 8.122034257186437900e-01
4.956054687499999432e+02 8.125351388547564779e-01
4.957275390624999432e+02 8.128670762173667574e-01
4.958496093749999432e+02 8.131993298410956639e-01
4.959716796874999432e+02 8.135309440260184433e-01
4.960937499999999432e+02 8.138630388208029087e-01
4.962158203124999432e+02 8.141950294630891927e-01
4.963378906249999432e+02 8.145268006144938955e-01
4.964599609374999432e+02 8.148590533231668820e-01
4.965820312499999432e+02 8.151907802343992815e-01
4.967041015624999432e+02 8.155227088340371022e-01
4.968261718749999432e+02 8.158549779989557882e-01
4.969482421874999432e+02 8.161865823688925214e-01
4.970703124999999432e+02 8.165186688984974461e-01
4.971923828124999432e+02 8.168506742462205983e-01
4.973144531249999432e+02 8.171824360804300635e-01
4.974365234374999432e+02 8.175146810217176485e-01
4.975585937499999432e+02 8.178464218026321175e-01
4.976806640624999432e+02 8.181783415828668415e-01
4.978027343749999432e+02 8.185106263835374429e-01
4.979248046874999432e+02 8.188422208820576031e-01
4.980468749999999432e+02 8.191742990900522381e-01
4.981689453124999432e+02 8.195063192377745054e-01
4.982910156249999432e+02 8.198380716983580951e-01
4.984130859374999432e+02 8.201703088158291965e-01
4.985351562499999432e+02 8.205020635609885371e-01
4.986572265624999432e+02 8.208339744653890824e-01
4.987792968749999432e+02 8.211662749963737351e-01
4.989013671874999432e+02 8.214978595670467953e-01
4.990234374999999432e+02 8.218299293970003916e-01
4.991455078124999432e+02 8.221619644392841320e-01
4.992675781249999432e+02 8.224937074698112083e-01
4.993896484374999432e+02 8.228259367070352992e-01
4.995117187499999432e+02 8.231577055110014252e-01
4.996337890624999432e+02 8.234896074831373758e-01
4.997558593749999432e+02 8.238219238389982157e-01
4.998779296874999432e+02 8.241534984253936491e-01
4.999999999999999432e+02 8.244855598208754577e-01
5.001220703124999432e+02 8.248176098522829180e-01
5.002441406249999432e+02 8.251493433963227320e-01
5.003662109374999432e+02 8.254815646968687304e-01
5.004882812499999432e+02 8.258133476542043327e-01
5.006103515624999432e+02 8.261452406376450508e-01
5.007324218749999432e+02 8.264775729129443249e-01
5.008544921874999432e+02 8.268091374586313824e-01
5.009765624999999432e+02 8.271411903632104323e-01
5.010986328124999432e+02 8.274732554783038596e-01
5.012207031249999432e+02 8.278049794794259952e-01
5.013427734374999432e+02 8.281371927868630411e-01
5.014648437499999432e+02 8.284689899921304779e-01
5.015869140624999432e+02 8.288008739304451034e-01
5.017089843749999432e+02 8.291332222197449475e-01
5.018310546874999432e+02 8.294647766682929912e-01
5.019531249999999432e+02 8.297968210255390886e-01
5.020751953124999432e+02 8.301289013188807298e-01
5.021972656249999432e+02 8.304606157206543271e-01
5.023193359374999432e+02 8.307928209785521156e-01
5.024414062499999432e+02 8.311246325263135226e-01
5.025634765624999432e+02 8.314565073630714176e-01
5.026855468749999432e+02 8.317888717609338567e-01
5.028076171874999432e+02 8.321204160559125818e-01
5.029296874999999432e+02 8.324524518093944225e-01
5.030517578124999432e+02 8.327845473755465244e-01
5.031738281249999432e+02 8.331162521215411676e-01
5.032958984374999432e+02 8.334484492734685057e-01
5.034179687499999432e+02 8.337802752582863519e-01
5.035400390624999432e+02 8.341121409370565454e-01
5.036621093749999432e+02 8.344444999691315035e-01
5.037841796874999432e+02 8.347760556230228168e-01
5.039062499999999432e+02 8.351080827163098741e-01
5.040283203124999432e+02 8.354401936498347947e-01
5.041503906249999432e+02 8.357718886836197347e-01
5.042724609374999432e+02 8.361040776731458735e-01
5.043945312499999432e+02 8.364359181895825168e-01
5.045166015624999432e+02 8.367677746539345929e-01
5.046386718749999432e+02 8.371001260214029349e-01
5.047607421874999432e+02 8.374316953711573586e-01
5.048828124999999432e+02 8.375314322700384562e-01
5.050048828124999432e+02 8.373140986611347092e-01
5.051269531249999432e+02 8.363826750095380014e-01
5.052490234374999432e+02 8.353002674353093848e-01
5.053710937499999432e+02 8.342175340371693615e-01
5.054931640624999432e+02 8.331347946520112346e-01
5.056152343749999432e+02 8.320525466764170375e-01
5.057373046874999432e+02 8.309695448903038351e-01
5.058593749999999432e+02 8.298869666223406272e-01
5.059814453124999432e+02 8.288045171115718812e-01
5.061035156249999432e+02 8.277216089449568326e-01
5.062255859374999432e+02 8.266391902231068345e-01
5.063476562499999432e+02 8.255564726053801206e-01
5.064697265624999432e+02 8.244737255036443946e-01
5.065917968749999432e+02 8.233914647569230416e-01
5.067138671874999432e+02 8.223084814769527906e-01
5.068359374999999432e+02 8.212258938689142029e-01
5.069580078124999432e+02 8.201434571044323718e-01
5.070800781249999432e+02 8.190605430287735134e-01
5.072021484374999432e+02 8.179781133433454698e-01
5.073242187499999432e+02 8.168954111976269861e-01
5.074462890624999432e+02 8.158126565633566640e-01
5.075683593749999432e+02 8.147303832295511583e-01
5.076904296874999432e+02 8.136474181473185574e-01
5.078124999999999432e+02 8.125648213832475930e-01
5.079345703124999432e+02 8.114823970566480416e-01
5.080566406249999432e+02 8.103994772559878212e-01
5.081787109374999432e+02 8.093170367910249574e-01
5.083007812499999432e+02 8.082343498089092915e-01
5.084228515624999432e+02 8.071515878261468213e-01
5.085449218749999432e+02 8.060693020893002769e-01
5.086669921874999432e+02 8.049863548964000248e-01
5.087890624999999432e+02 8.039037491603397978e-01
5.089111328124999432e+02 8.028213369632181129e-01
5.090332031249999432e+02 8.017384116215986456e-01
5.091552734374999432e+02 8.006559605611438535e-01
5.092773437499999432e+02 7.995732884342262592e-01
5.093994140624999432e+02 7.984905192870146440e-01
5.095214843749999432e+02 7.974082213311699530e-01
5.096435546874999432e+02 7.963252917191967484e-01
5.097656249999999432e+02 7.952426771951901507e-01
5.098876953124999432e+02 7.941602768191415862e-01
5.100097656249999432e+02 7.930773461206049868e-01
5.101318359374999432e+02 7.919948846487014915e-01
5.102539062499999432e+02 7.909122270685770006e-01
5.103759765624999432e+02 7.898294509409586883e-01
5.104980468749999432e+02 7.887471409501592978e-01
5.106201171874999432e+02 7.876642286107078395e-01
5.107421874999999432e+02 7.865816054827979853e-01
5.108642578124999432e+02 7.854992166194181280e-01
5.109863281249999432e+02 7.844162807480066224e-01
5.111083984374999432e+02 7.833338090486974270e-01
5.112304687499999432e+02 7.822511657069608493e-01
5.113525390624999432e+02 7.811683827829785098e-01
5.114746093749999432e+02 7.800860609412672009e-01
5.115966796874999432e+02 7.790031655659324095e-01
5.117187499999999432e+02 7.779205340181621908e-01
5.118408203124999432e+02 7.768381563590468497e-01
5.119628906249999432e+02 7.757552154988025528e-01
5.120849609374998863e+02 7.746727337561311044e-01
5.122070312499998863e+02 7.735901043443774716e-01
5.123291015624998863e+02 7.725073148080737750e-01
5.124511718749998863e+02 7.714249812994937727e-01
5.125732421874998863e+02 7.703421025798701249e-01
5.126953124999998863e+02 7.692594627962825449e-01
5.128173828124998863e+02 7.681770960330273068e-01
5.129394531249998863e+02 7.670941503679920004e-01
5.130615234374998863e+02 7.660116587660008580e-01
5.131835937499998863e+02 7.649290429758250909e-01
5.133056640624998863e+02 7.638462470112427072e-01
5.134277343749998863e+02 7.627639020198370146e-01
5.135498046874998863e+02 7.616810396475193201e-01
5.136718749999998863e+02 7.605983918121573817e-01
5.137939453124998863e+02 7.595160356363577225e-01
5.139160156249998863e+02 7.584330853505736325e-01
5.140380859374998863e+02 7.573505840733061323e-01
5.141601562499998863e+02 7.562679815963035956e-01
5.142822265624998863e+02 7.551851793874850838e-01
5.144042968749998863e+02 7.541028230972968149e-01
5.145263671874998863e+02 7.530199767638798836e-01
5.146484374999998863e+02 7.519373210607863678e-01
5.147705078124998863e+02 7.508549751640382075e-01
5.148925781249998863e+02 7.504051131363981275e-01
5.150146484374998863e+02 7.501365941416286987e-01
5.151367187499998863e+02 7.501366390154411423e-01
5.152587890624998863e+02 7.501364630632637587e-01
5.153808593749998863e+02 7.501367304798466362e-01
5.155029296874998863e+02 7.501365326144411316e-01
5.156249999999998863e+02 7.501365017813603764e-01
5.157470703124998863e+02 7.501368027951046402e-01
5.158691406249998863e+02 7.501364737123848991e-01
5.159912109374998863e+02 7.501365879984068785e-01
5.161132812499998863e+02 7.501366462729431861e-01
5.162353515624998863e+02 7.501364623092844353e-01
5.163574218749998863e+02 7.501367217143872779e-01
5.164794921874998863e+02 7.501365372497046380e-01
5.166015624999998863e+02 7.501364984051414053e-01
5.167236328124998863e+02 7.501368128196075347e-01
5.168457031249998863e+02 7.501364757254094240e-01
5.169677734374998863e+02 7.501365819999491480e-01
5.170898437499998863e+02 7.501366536752093195e-01
5.172119140624998863e+02 7.501364617000692014e-01
5.173339843749998863e+02 7.501367130936915650e-01
5.174560546874998863e+02 7.501365420297323450e-01
5.175781249999998863e+02 7.501364951736865239e-01
5.177001953124998863e+02 7.501368229888742967e-01
5.178222656249998863e+02 7.501364778831977054e-01
5.179443359374998863e+02 7.501365761462552850e-01
5.180664062499998863e+02 7.501366612222392094e-01
5.181884765624998863e+02 7.501364612356179462e-01
5.183105468749998863e+02 7.501367046177600528e-01
5.184326171874998863e+02 7.501365469545239195e-01
5.185546874999998863e+02 7.501364920869956210e-01
5.186767578124998863e+02 7.501368333029049262e-01
5.187988281249998863e+02 7.501364801857501874e-01
5.189208984374998863e+02 7.501365704373254006e-01
5.190429687499998863e+02 7.501366689140329669e-01
5.191650390624998863e+02 7.501364609159305585e-01
5.192871093749998863e+02 7.501366962865922972e-01
5.194091796874998863e+02 7.501365520240795837e-01
5.195312499999998863e+02 7.501364891450688077e-01
5.196533203124998863e+02 7.501368437616992013e-01
5.197753906249998863e+02 7.501364826330665370e-01
5.198974609374998863e+02 7.501365648731596059e-01
5.200195312499998863e+02 7.501366767505905919e-01
5.201416015624998863e+02 7.501364607410073715e-01
5.202636718749998863e+02 7.501366881001884090e-01
5.203857421874998863e+02 7.501365572383991154e-01
5.205078124999998863e+02 7.501364863479060840e-01
5.206298828124998863e+02 7.501368543652572329e-01
5.207519531249998863e+02 7.501364852251468651e-01
5.208740234374998863e+02 7.501365594537576786e-01
5.209960937499998863e+02 7.501366847319123066e-01
5.211181640624998863e+02 7.501364607108481630e-01
5.212402343749998863e+02 7.501366800585486105e-01
5.213623046874998863e+02 7.501365625974826257e-01
5.214843749999998863e+02 7.501364836955071169e-01
5.216064453124998863e+02 7.501368481622555651e-01
5.217285156249998863e+02 7.501364879619913939e-01
5.218505859374998863e+02 7.501365541791198410e-01
5.219726562499998863e+02 7.501366928579978888e-01
5.220947265624998863e+02 7.501364608254530442e-01
5.222167968749998863e+02 7.501366721616725686e-01
5.223388671874998863e+02 7.501365681013301145e-01
5.224609374999998863e+02 7.501364811878724614e-01
5.225830078124998863e+02 7.501368376431428731e-01
5.227050781249998863e+02 7.501364908436000123e-01
5.228271484374998863e+02 7.501365490492458710e-01
5.229492187499998863e+02 7.501367011288473385e-01
5.230712890624998863e+02 7.501364610848219039e-01
5.231933593749998863e+02 7.501366644095603942e-01
5.233154296874998863e+02 7.501365737499415820e-01
5.234374999999998863e+02 7.501364788250016735e-01
5.235595703124998863e+02 7.501368272687941596e-01
5.236816406249998863e+02 7.501364938699724982e-01
5.238037109374998863e+02 7.501365440641359905e-01
5.239257812499998863e+02 7.501367095444606559e-01
5.240478515624998863e+02 7.501364614889549642e-01
5.241699218749998863e+02 7.501366568022121983e-01
5.242919921874998863e+02 7.501365795433171391e-01
5.244140624999998863e+02 7.501364766068949752e-01
5.245361328124998863e+02 7.501368170392092027e-01
5.246582031249998863e+02 7.501364970411090738e-01
5.247802734374998863e+02 7.501365551221642614e-01
5.249023437499998863e+02 7.501367250422860122e-01
5.250244140624998863e+02 7.501364991514497538e-01
5.251464843749998863e+02 7.501366688347722578e-01
5.252685546874998863e+02 7.501366109833893514e-01
5.253906249999998863e+02 7.501365104717478971e-01
5.255126953124998863e+02 7.501368116235771488e-01
5.256347656249998863e+02 7.501365338661336590e-01
5.257568359374998863e+02 7.501365648230342575e-01
5.258789062499998863e+02 7.501367390179123351e-01
5.260009765624998863e+02 7.501364997798617429e-01
5.261230468749998863e+02 7.501366622052991762e-01
5.262451171874998863e+02 7.501366164941074555e-01
5.263671874999998863e+02 7.501365087245801533e-01
5.264892578124998863e+02 7.501368026185264437e-01
5.266113281249998863e+02 7.501365370012722522e-01
5.267333984374998863e+02 7.501365607002867808e-01
5.268554687499998863e+02 7.501367470353554889e-01
5.269775390624998863e+02 7.501365005394209362e-01
5.270996093749998863e+02 7.501366557069730767e-01
5.272216796874998863e+02 7.501366221359722086e-01
5.273437499999998863e+02 7.501365071085591696e-01
5.274658203124998863e+02 7.501367937446221656e-01
5.275878906249998863e+02 7.501365402675580496e-01
5.277099609374998863e+02 7.501365567086862862e-01
5.278320312499998863e+02 7.501367551839452918e-01
5.279541015624998863e+02 7.501365014301266676e-01
5.280761718749998863e+02 7.501366493397934043e-01
5.281982421874998863e+02 7.501366279089838329e-01
5.283203124999998863e+02 7.501365056236852791e-01
5.284423828124998863e+02 7.501367850018649808e-01
5.285644531249998863e+02 7.501365436649903851e-01
5.286865234374998863e+02 7.501365528482324407e-01
5.288085937499998863e+02 7.501367634636818549e-01
5.289306640624998863e+02 7.501365024519794922e-01
5.290527343749998863e+02 7.501366431037608251e-01
5.291748046874998863e+02 7.501366338131423284e-01
5.292968749999998863e+02 7.501365042699579266e-01
5.294189453124998863e+02 7.501367763902542229e-01
5.295410156249998863e+02 7.501365471935697027e-01
5.296630859374998863e+02 7.501365491189255774e-01
5.297851562499998863e+02 7.501367718745650670e-01
5.299072265624998863e+02 7.501365036049789659e-01
5.300292968749998863e+02 7.501366369988747840e-01
5.301513671874998863e+02 7.501366398484474729e-01
5.302734374999998863e+02 7.501365030473776674e-01
5.303955078124998863e+02 7.501367679097904473e-01
5.305175781249998863e+02 7.501365508532960025e-01
5.306396484374998863e+02 7.501365455207656963e-01
5.307617187499998863e+02 7.501367804165950393e-01
5.308837890624998863e+02 7.501365048891256437e-01
5.310058593749998863e+02 7.501366310251358360e-01
5.311279296874998863e+02 7.501366460148994886e-01
5.312499999999998863e+02 7.501365019559442793e-01
5.313720703124998863e+02 7.501367595604732097e-01
5.314941406249998863e+02 7.501365546441689514e-01
5.316162109374998863e+02 7.501365420537525752e-01
5.317382812499998863e+02 7.501367890897715496e-01
5.318603515624998863e+02 7.501365063044188597e-01
5.319824218749998863e+02 7.501366251825434261e-01
5.321044921874998863e+02 7.501366523124983754e-01
5.322265624999998863e+02 7.501365009956577623e-01
5.323486328124998863e+02 7.501367513423029543e-01
5.324707031249998863e+02 7.501365585661887714e-01
5.325927734374998863e+02 7.501365387178861033e-01
5.327148437499998863e+02 7.501367978940951531e-01
5.328369140624998863e+02 7.501365078508590578e-01
5.329589843749998863e+02 7.501366194710979984e-01
5.330810546874998863e+02 7.501366587412440223e-01
5.332031249999998863e+02 7.501365001665178944e-01
5.333251953124998863e+02 7.501367432552792369e-01
5.334472656249998863e+02 7.501365626193555736e-01
5.335693359374998863e+02 7.501365355131667245e-01
5.336914062499998863e+02 7.501368068295654057e-01
5.338134765624998863e+02 7.501365095284462381e-01
5.339355468749998863e+02 7.501366138907993308e-01
5.340576171874998863e+02 7.501366653011364294e-01
5.341796874999998863e+02 7.501364994685251197e-01
5.343017578124998863e+02 7.501367352994022797e-01
5.344238281249998863e+02 7.501365668036690248e-01
5.345458984374998863e+02 7.501365324395942169e-01
5.346679687499998863e+02 7.501368158961821964e-01
5.347900390624998863e+02 7.501365113371801785e-01
5.349121093749998863e+02 7.501366084416474234e-01
5.350341796874998863e+02 7.501366719921755966e-01
5.351562499999998863e+02 7.501364989016792162e-01
5.352783203124998863e+02 7.501367274746721936e-01
5.354003906249998863e+02 7.501365711191294583e-01
5.355224609374998863e+02 7.501365294971684694e-01
5.356445312499998863e+02 7.501368250939458582e-01
5.357666015624998863e+02 7.501365132770609900e-01
5.358886718749998863e+02 7.501366031236424980e-01
5.360107421874998863e+02 7.501366788143616349e-01
5.361328124999998863e+02 7.501364984659801838e-01
5.362548828124998863e+02 7.501367197810887566e-01
5.363769531249998863e+02 7.501365755657366519e-01
5.364990234374998863e+02 7.501365266858894820e-01
5.366210937499998863e+02 7.501368344228559470e-01
5.367431640624998863e+02 7.501365153480886727e-01
5.368652343749998863e+02 7.501365979367843329e-01
5.369873046874998863e+02 7.501366857676943223e-01
5.371093749999998863e+02 7.501364981614280225e-01
5.372314453124998863e+02 7.501367122186519687e-01
5.373535156249998863e+02 7.501365801434906055e-01
5.374755859374998863e+02 7.501365240057574768e-01
5.375976562499998863e+02 7.501368438829130181e-01
5.377197265624998863e+02 7.501365175502632265e-01
5.378417968749998863e+02 7.501365928810728168e-01
5.379638671874998863e+02 7.501366928521739919e-01
5.380859374999998863e+02 7.501364979880226214e-01
5.382080078124998863e+02 7.501367047873621630e-01
5.383300781249998863e+02 7.501365848523916524e-01
5.384521484374998863e+02 7.501365214567722317e-01
5.385742187499998863e+02 7.501368534741167382e-01
5.386962890624998863e+02 7.501365198835846515e-01
5.388183593749998863e+02 7.501365879565082828e-01
5.389404296874998863e+02 7.501367000678001995e-01
5.390624999999998863e+02 7.501364979457642024e-01
5.391845703124998863e+02 7.501366974872190063e-01
5.393066406249998863e+02 7.501365896924393484e-01
5.394287109374998863e+02 7.501365190389340798e-01
5.395507812499998863e+02 7.501368500488857505e-01
5.396728515624998863e+02 7.501365223480530586e-01
5.397949218749998863e+02 7.501365831630905090e-01
5.399169921874998863e+02 7.501367074145733893e-01
5.400390624999998863e+02 7.501364980346525435e-01
5.401611328124998863e+02 7.501366903182227208e-01
5.402832031249998863e+02 7.501365946636338045e-01
5.404052734374998863e+02 7.501365167522425770e-01
5.405273437499998863e+02 7.501368405043119525e-01
5.406494140624998863e+02 7.501365249436680038e-01
5.407714843749998863e+02 7.501365785008196063e-01
5.408935546874998863e+02 7.501367148924931172e-01
5.410156249999998863e+02 7.501364982546880888e-01
5.411376953124998863e+02 7.501366832803731954e-01
5.412597656249998863e+02 7.501365997659753537e-01
5.413818359374998863e+02 7.501365145966980563e-01
5.415039062499998863e+02 7.501368310908849146e-01
5.416259765624998863e+02 7.501365276704302643e-01
5.417480468749998863e+02 7.501365739696956858e-01
5.418701171874998863e+02 7.501367225015598272e-01
5.419921874999998863e+02 7.501364986058701723e-01
5.421142578124998863e+02 7.501366763736703192e-01
5.422363281249998863e+02 7.501366049994635521e-01
5.423583984374998863e+02 7.501365125723002958e-01
5.424804687499998863e+02 7.501368218086045259e-01
5.426025390624998863e+02 7.501365305283389517e-01
5.427246093749998863e+02 7.501365695697183034e-01
5.428466796874998863e+02 7.501367302417730754e-01
5.429687499999998863e+02 7.501364990881992378e-01
5.430908203124998863e+02 7.501366695981142030e-01
5.432128906249998863e+02 7.501366103640985106e-01
5.433349609374998863e+02 7.501365106790495174e-01
5.434570312499998863e+02 7.501368126574708972e-01
5.435791015624998863e+02 7.501365335173948434e-01
5.437011718749998863e+02 7.501365653008879031e-01
5.438232421874998863e+02 7.501367381131333056e-01
5.439453124999998863e+02 7.501364997016752856e-01
5.440673828124998863e+02 7.501366629537049580e-01
5.441894531249998863e+02 7.501366158598803402e-01
5.443115234374998863e+02 7.501365089169457212e-01
5.444335937499998863e+02 7.501368036374840287e-01
5.445556640624998863e+02 7.501365366375972732e-01
5.446777343749998863e+02 7.501365611632043739e-01
5.447998046874998863e+02 7.501367461156401850e-01
5.449218749999998863e+02 7.501365004462979824e-01
5.450439453124998863e+02 7.501366564404425841e-01
5.451660156249998863e+02 7.501366214868089299e-01
5.452880859374998863e+02 7.501365072859884631e-01
5.454101562499998863e+02 7.501367947486438092e-01
5.455322265624998863e+02 7.501365398889466851e-01
5.456542968749998863e+02 7.501365571566674939e-01
5.457763671874998863e+02 7.501367542492938245e-01
5.458984374999998863e+02 7.501365013220677724e-01
5.460205078124998863e+02 7.501366500583269703e-01
5.461425781249998863e+02 7.501366272448842798e-01
5.462646484374998863e+02 7.501365057861781871e-01
5.463867187499998863e+02 7.501367859909503499e-01
5.465087890624998863e+02 7.501365432714431902e-01
5.466308593749998863e+02 7.501365532812778181e-01
5.467529296874998863e+02 7.501367625140942241e-01
5.468749999999998863e+02 7.501365023289842116e-01
5.469970703124998863e+02 7.501366438073580056e-01
5.471191406249998863e+02 7.501366331341067228e-01
5.472412109374998863e+02 7.501365044175148933e-01
5.473632812499998863e+02 7.501367773644035397e-01
5.474853515624998863e+02 7.501365467850861224e-01
5.476074218749998863e+02 7.501365495370346803e-01
5.477294921874998863e+02 7.501367709100411618e-01
5.478515624999998863e+02 7.501365034670476328e-01
5.479736328124998863e+02 7.501366376875360231e-01
5.480957031249998863e+02 7.501366391544758150e-01
5.482177734374998863e+02 7.501365031799984706e-01
5.483398437499998863e+02 7.501367688690036006e-01
5.484619140624998863e+02 7.501365504298762588e-01
5.485839843749998863e+02 7.501365459239386357e-01
5.487060546874998863e+02 7.501367794371350817e-01
5.488281249999998863e+02 7.501365047362579253e-01
5.489501953124998863e+02 7.501366316988606897e-01
5.490722656249998863e+02 7.501366453059916672e-01
5.491943359374998863e+02 7.501365020736288081e-01
5.493164062499998863e+02 7.501367605047501996e-01
5.494384765624998863e+02 7.501365542058130442e-01
5.495605468749998863e+02 7.501365424419892403e-01
5.496826171874998863e+02 7.501367880953756506e-01
5.498046874999998863e+02 7.501365061366151998e-01
5.499267578124998863e+02 7.501366258413323385e-01
5.500488281249998863e+02 7.501366515886543906e-01
5.501708984374998863e+02 7.501365010984060167e-01
5.502929687499998863e+02 7.501367522716436698e-01
5.504150390624998863e+02 7.501365581128968119e-01
5.505371093749998863e+02 7.501365390911868269e-01
5.506591796874998863e+02 7.501367968847629797e-01
5.507812499999998863e+02 7.501365076681192345e-01
5.509033203124998863e+02 7.501366201149505253e-01
5.510253906249998863e+02 7.501366580024637631e-01
5.511474609374998863e+02 7.501365002543300964e-01
5.512695312499998863e+02 7.501367441696837890e-01
5.513916015624998863e+02 7.501365621511272286e-01
5.515136718749998863e+02 7.501365358715311737e-01
5.516357421874998863e+02 7.501368058052968468e-01
5.517578124999998863e+02 7.501365093307701404e-01
5.518798828124998863e+02 7.501366145197158053e-01
5.520019531249998863e+02 7.501366645474201178e-01
5.521240234374998863e+02 7.501364995414012693e-01
5.522460937499998863e+02 7.501367361988706683e-01
5.523681640624998863e+02 7.501365663205047385e-01
5.524902343749998863e+02 7.501365327830222807e-01
5.526123046874998863e+02 7.501368148569775851e-01
5.527343749999998863e+02 7.501365111245679174e-01
5.528564453124998863e+02 7.501366090556278454e-01
5.529785156249998863e+02 7.501366712235230105e-01
5.531005859374998863e+02 7.501364989596192023e-01
5.532226562499998863e+02 7.501367283592043078e-01
5.533447265624998863e+02 7.501365706210288975e-01
5.534667968749998863e+02 7.501365298256605918e-01
5.535888671874998863e+02 7.501368240398050835e-01
5.537109374999998863e+02 7.501365130495124545e-01
5.538330078124998863e+02 7.501366037226866457e-01
5.539550781249998863e+02 7.501366780307728854e-01
5.540771484374998863e+02 7.501364985089838955e-01
5.541992187499998863e+02 7.501367206506848184e-01
5.543212890624998863e+02 7.501365750526999276e-01
5.544433593749998863e+02 7.501365269994453300e-01
5.545654296874998863e+02 7.501368333537792310e-01
5.546874999999998863e+02 7.501365151056040848e-01
5.548095703124998863e+02 7.501365985208922060e-01
5.549316406249998863e+02 7.501366849691695204e-01
5.550537109374998863e+02 7.501364981894954598e-01
5.551757812499998863e+02 7.501367130733119781e-01
5.552978515624998863e+02 7.501365796155179400e-01
5.554199218749998863e+02 7.501365243043771613e-01
5.555419921874998863e+02 7.501368427989001386e-01
5.556640624999998863e+02 7.501365172928424752e-01
5.557861328124998863e+02 7.501365934502445265e-01
5.559082031249998863e+02 7.501366920387130266e-01
5.560302734374998863e+02 7.501364980011540062e-01
5.561523437499998863e+02 7.501367056270858980e-01
5.562744140624998863e+02 7.501365843094827124e-01
5.563964843749998863e+02 7.501365217404559749e-01
5.565185546874998863e+02 7.501368523751675843e-01
5.566406249999998863e+02 7.501365196112278477e-01
5.567626953124998863e+02 7.501365885107440512e-01
5.568847656249998863e+02 7.501366992394030708e-01
5.570068359374998863e+02 7.501364979439595349e-01
5.571289062499998863e+02 7.501366983120066889e-01
5.572509765624998863e+02 7.501365891345942449e-01
5.573730468749998863e+02 7.501365193076814375e-01
5.574951171874998863e+02 7.501368511442252363e-01
5.576171874999998863e+02 7.501365220607598694e-01
5.577392578124998863e+02 7.501365837023901140e-01
5.578613281249998863e+02 7.501367065712399862e-01
5.579833984374998863e+02 7.501364980179117126e-01
5.581054687499998863e+02 7.501366911280742400e-01
5.582275390624998863e+02 7.501365940908525376e-01
5.583496093749998863e+02 7.501365170060537713e-01
5.584716796874998863e+02 7.501368415847153859e-01
5.585937499999998863e+02 7.501365246414389842e-01
5.587158203124998863e+02 7.501365790251829369e-01
5.588378906249998863e+02 7.501367140342236617e-01
5.589599609374998863e+02 7.501364982230107614e-01
5.590820312499998863e+02 7.501366840752882181e-01
5.592041015624998863e+02 7.501365991782579234e-01
5.593261718749998863e+02 7.501365148355730872e-01
5.594482421874998863e+02 7.501368321563521846e-01
5.595703124999998863e+02 7.501365273532646372e-01
5.596923828124998863e+02 7.501365744791227419e-01
5.598144531249998863e+02 7.501367216283542083e-01
5.599365234374998863e+02 7.501364985592569035e-01
5.600585937499998863e+02 7.501366771536492895e-01
5.601806640624998863e+02 7.501366043968098474e-01
5.603027343749998863e+02 7.501365127962391632e-01
5.604248046874998863e+02 7.501368228591356324e-01
5.605468749999998863e+02 7.501365301962373833e-01
5.606689453124998863e+02 7.501365700642093071e-01
5.607910156249998863e+02 7.501367293536312930e-01
5.609130859374998863e+02 7.501364990266498056e-01
5.610351562499998863e+02 7.500116538113228426e-01
5.611572265624998863e+02 7.495012816785199261e-01
5.612792968749998863e+02 7.488744021445429278e-01
5.614013671874998863e+02 7.481844171915634778e-01
5.615234374999998863e+02 7.474938502380902294e-01
5.616455078124998863e+02 7.468035960854365607e-01
5.617675781249998863e+02 7.461134792833352680e-01
5.618896484374998863e+02 7.454229561583790575e-01
5.620117187499998863e+02 7.447328323616755341e-01
5.621337890624998863e+02 7.440424968103755976e-01
5.622558593749998863e+02 7.433521049186406771e-01
5.623779296874998863e+02 7.426621105704106496e-01
5.624999999999998863e+02 7.419715576820563596e-01
5.626220703124998863e+02 7.412812961160061276e-01
5.627441406249998863e+02 7.405911900519942526e-01
5.628662109374998863e+02 7.399006614954893868e-01
5.629882812499998863e+02 7.392105293476165517e-01
5.631103515624998863e+02 7.385202061088484982e-01
5.632324218749998863e+02 7.378298078477958377e-01
5.633544921874998863e+02 7.371398042106228621e-01
5.634765624999998863e+02 7.364492652092451408e-01
5.635986328124998863e+02 7.357589963361059748e-01
5.637207031249998863e+02 7.350689008320416828e-01
5.638427734374998863e+02 7.343783669502952360e-01
5.639648437499998863e+02 7.336882265575610518e-01
5.640869140624998863e+02 7.329979154531824914e-01
5.642089843749998863e+02 7.323075109291194984e-01
5.643310546874998863e+02 7.316174981093114260e-01
5.644531249999998863e+02 7.309269728167679947e-01
5.645751953124998863e+02 7.302366967428477462e-01
5.646972656249998863e+02 7.295466116205888696e-01
5.648193359374998863e+02 7.288560725199083601e-01
5.649414062499998863e+02 7.281659239886201229e-01
5.650634765624998863e+02 7.274756248404891101e-01
5.651855468749998863e+02 7.267852141597234139e-01
5.653076171874998863e+02 7.260951922635876521e-01
5.654296874999998863e+02 7.254046805017364541e-01
5.655517578124998863e+02 7.247143973333424194e-01
5.656738281249998863e+02 7.240243224147474566e-01
5.657958984374998863e+02 7.233337782014398476e-01
5.659179687499998863e+02 7.226436216379054089e-01
5.660400390624998863e+02 7.219533342678798871e-01
5.661621093749998863e+02 7.212629175367184509e-01
5.662841796874998863e+02 7.205728866705630731e-01
5.664062499999998863e+02 7.198823882612618297e-01
5.665283203124998863e+02 7.191920981047017492e-01
5.666503906249998863e+02 7.185020332116283104e-01
5.667724609374998863e+02 7.178114839920013424e-01
5.668945312499998863e+02 7.171213195025284426e-01
5.670166015624998863e+02 7.164310437324660219e-01
5.671386718749998863e+02 7.157406210572169192e-01
5.672607421874998863e+02 7.150505813273491107e-01
5.673828124999998863e+02 7.143600960924555432e-01
5.675048828124998863e+02 7.136697990540369352e-01
5.676269531249998863e+02 7.129797440083435189e-01
5.677490234374998863e+02 7.122891898887042661e-01
5.678710937499998863e+02 7.115990175796002015e-01
5.679931640624998863e+02 7.109087532313589364e-01
5.681152343749998863e+02 7.102183247183294634e-01
5.682373046874998863e+02 7.095282762310569646e-01
5.683593749999998863e+02 7.088378039924290164e-01
5.684814453124998863e+02 7.081475001784593992e-01
5.686035156249998863e+02 7.074574548020041709e-01
5.687255859374998863e+02 7.067668958886597075e-01
5.688476562499998863e+02 7.060767158662324405e-01
5.689697265624998863e+02 7.053864627616703853e-01
5.690917968749998863e+02 7.046960285171680605e-01
5.692138671874998863e+02 7.040059713787983897e-01
5.693359374999998863e+02 7.033155119582938930e-01
5.694580078124998863e+02 7.026252014750810071e-01
5.695800781249998863e+02 7.019351655897216880e-01
5.697021484374998863e+02 7.012446019889796434e-01
5.698242187499998863e+02 7.005544143595364703e-01
5.699462890624998863e+02 6.998641723205115683e-01
5.700683593749998863e+02 6.991737324508436879e-01
5.701904296874998863e+02 6.984836667676845856e-01
5.703124999999998863e+02 6.977932199871613728e-01
5.704345703124998863e+02 6.971029029410126254e-01
5.705566406249998863e+02 6.964128763686077139e-01
5.706787109374998863e+02 6.957223081867751624e-01
5.708007812499998863e+02 6.950321130566239347e-01
5.709228515624998863e+02 6.943418819049940183e-01
5.710449218749998863e+02 6.936514365164679896e-01
5.711669921874998863e+02 6.929613623948270851e-01
5.712890624999998863e+02 6.922709280761427664e-01
5.714111328124998863e+02 6.915806045733657870e-01
5.715332031249998863e+02 6.908905871357733375e-01
5.716552734374998863e+02 6.902000144791575753e-01
5.717773437499998863e+02 6.895098119546060333e-01
5.718994140624998863e+02 6.888195915122288238e-01
5.720214843749998863e+02 6.881291407111521652e-01
5.721435546874998863e+02 6.874390582573373099e-01
5.722656249999998863e+02 6.867486362223498286e-01
5.723876953124998863e+02 6.860583063692522465e-01
5.725097656249998863e+02 6.853682978883305355e-01
5.726318359374998863e+02 6.846777208632384149e-01
5.727539062499998863e+02 6.839875110505941880e-01
5.728759765624998863e+02 6.832973011393278506e-01
5.729980468749998863e+02 6.826068450320079695e-01
5.731201171874998863e+02 6.819167543523265707e-01
5.732421874999998863e+02 6.812263444228936482e-01
5.733642578124998863e+02 6.805360083257830928e-01
5.734863281249998863e+02 6.798460086233902855e-01
5.736083984374998863e+02 6.791554273361292138e-01
5.737304687499998863e+02 6.784652103416998203e-01
5.738525390624998863e+02 6.777750107834022986e-01
5.739746093749998863e+02 6.770845494761466021e-01
5.740966796874998863e+02 6.763944506769065113e-01
5.742187499999998863e+02 6.757040526748859799e-01
5.743408203124998863e+02 6.750137104400698584e-01
5.744628906249998863e+02 6.743237193380641203e-01
5.745849609374998863e+02 6.736331338949412828e-01
5.747070312499998863e+02 6.729429098250344632e-01
5.748291015624998863e+02 6.722527204415635893e-01
5.749511718749998863e+02 6.715622540406794849e-01
5.750732421874998863e+02 6.708721472281882203e-01
5.751953124999998863e+02 6.701817609754379124e-01
5.753173828124998863e+02 6.694914127092239653e-01
5.754394531249998863e+02 6.688014222466923675e-01
5.755615234374998863e+02 6.681108405367860437e-01
5.756835937499998863e+02 6.674206094977094272e-01
5.758056640624998863e+02 6.667304301109233666e-01
5.759277343749998863e+02 6.660399587227182616e-01
5.760498046874998863e+02 6.653498440032835637e-01
5.761718749999998863e+02 6.646594693216612004e-01
5.762939453124998863e+02 6.639691151303568351e-01
5.764160156249998863e+02 6.632791158231068351e-01
5.765380859374998863e+02 6.625885472587749181e-01
5.766601562499998863e+02 6.618983093568361342e-01
5.767822265624998863e+02 6.612081397885929412e-01
5.769042968749998863e+02 6.605176635193739099e-01
5.770263671874998863e+02 6.598275409993035190e-01
5.771484374999998863e+02 6.591371777106671548e-01
5.772705078124998863e+02 6.584468177005796674e-01
5.773925781249998863e+02 6.577556634624821541e-01
5.775146484374998863e+02 6.570218006933794541e-01
5.776367187499998863e+02 6.561709040552347050e-01
5.777587890624998863e+02 6.551636675117743502e-01
5.778808593749998863e+02 6.541561103641950758e-01
5.780029296874998863e+02 6.531489036469194653e-01
5.781249999999998863e+02 6.521414751434971846e-01
5.782470703124998863e+02 6.511340334123018048e-01
5.783691406249998863e+02 6.501269395069344537e-01
5.784912109374998863e+02 6.491193211043064792e-01
5.786132812499998863e+02 6.481119934650503289e-01
5.787353515624998863e+02 6.471047658474523567e-01
5.788574218749998863e+02 6.460972048062166850e-01
5.789794921874998863e+02 6.450899899345612365e-01
5.791015624999998863e+02 6.440825726546497432e-01
5.792236328124998863e+02 6.430751256612764477e-01
5.793457031249998863e+02 6.420680222329914200e-01
5.794677734374998863e+02 6.410604173515316306e-01
5.795898437499998863e+02 6.400530830815691630e-01
5.797119140624998863e+02 6.390458641298636389e-01
5.798339843749998863e+02 6.380382993501100275e-01
5.799560546874998863e+02 6.370310764792140867e-01
5.800781249999998863e+02 6.360236701628432243e-01
5.802001953124998863e+02 6.350162180624309149e-01
5.803222656249998863e+02 6.340091052663675564e-01
5.804443359374998863e+02 6.330015136461055736e-01
5.805664062499998863e+02 6.319941729005758013e-01
5.806884765624998863e+02 6.309869623547933459e-01
5.808105468749998863e+02 6.299793939916598084e-01
5.809326171874998863e+02 6.289721632766627213e-01
5.810546874999998863e+02 6.279647676638620002e-01
5.811767578124998863e+02 6.269573106115498007e-01
5.812988281249998863e+02 6.259501886028471240e-01
5.814208984374998863e+02 6.249426099838123472e-01
5.815429687499998863e+02 6.239352629178548382e-01
5.816650390624998863e+02 6.229280605180252950e-01
5.817871093749998863e+02 6.219204887266506221e-01
5.819091796874998863e+02 6.209132503226914013e-01
5.820312499999998863e+02 6.199058651534907760e-01
5.821533203124998863e+02 6.188984033044173660e-01
5.822753906249998863e+02 6.178912722382148281e-01
5.823974609374998863e+02 6.168837063604369897e-01
5.825195312499998863e+02 6.158763531291906457e-01
5.826416015624998863e+02 6.148691586153444133e-01
5.827636718749998863e+02 6.138615835508669516e-01
5.828857421874998863e+02 6.128543376130853870e-01
5.830078124999998863e+02 6.118469626275141460e-01
5.831298828124998863e+02 6.108394961368187603e-01
5.832519531249998863e+02 6.098323561682558180e-01
5.833740234374998863e+02 6.088248027717638733e-01
5.834960937499998863e+02 6.078174435303679290e-01
5.836181640624998863e+02 6.068102566425358502e-01
5.837402343749998863e+02 6.058026784600932801e-01
5.838623046874998863e+02 6.047954251436284956e-01
5.839843749999998863e+02 6.037880600817168153e-01
5.841064453124998863e+02 6.027805891045380227e-01
5.842285156249998863e+02 6.017734403887536887e-01
5.843505859374998863e+02 6.007658992135777032e-01
5.844726562499998863e+02 5.997585341171713935e-01
5.845947265624998863e+02 5.987513545953834226e-01
5.847167968749998863e+02 5.977437734501144240e-01
5.848388671874998863e+02 5.967365129101056542e-01
5.849609374999998863e+02 5.957291575118831561e-01
5.850830078124998863e+02 5.947216822033598582e-01
5.852050781249998863e+02 5.937145248954938115e-01
5.853271484374998863e+02 5.927069956816628515e-01
5.854492187499998863e+02 5.916996248853854112e-01
5.855712890624998863e+02 5.906924524696720580e-01
5.856933593749998863e+02 5.896848685167146442e-01
5.858154296874998863e+02 5.886775885713960710e-01
5.859374999999998863e+02 5.876702437936620615e-01
5.860595703124998863e+02 5.866627563590123273e-01
5.861816406249998863e+02 5.856556042055462985e-01
5.863037109374998863e+02 5.846480761353396449e-01
5.864257812499998863e+02 5.836406989280974456e-01
5.865478515624998863e+02 5.826335469618589835e-01
5.866699218749998863e+02 5.816259450553150634e-01
5.867919921874998863e+02 5.806186766573726565e-01
5.869140624999998863e+02 5.796113416514182548e-01
5.870361328124998863e+02 5.786038499224521736e-01
5.871582031249998863e+02 5.775966889186315845e-01
5.872802734374998863e+02 5.765891730752891187e-01
5.874023437499998863e+02 5.757844999255130602e-01
5.875244140624998863e+02 5.751550844760849879e-01
5.876464843749998863e+02 5.751163186282857165e-01
5.877685546874998863e+02 5.751164061657006998e-01
5.878906249999998863e+02 5.751164448885494052e-01
5.880126953124998863e+02 5.751163110510391085e-01
5.881347656249998863e+02 5.751165063026535407e-01
5.882568359374998863e+02 5.751163648530492889e-01
5.883789062499998863e+02 5.751163387297499874e-01
5.885009765624998863e+02 5.751165675716897185e-01
5.886230468749998863e+02 5.751163200734973335e-01
5.887451171874998863e+02 5.751164016644138011e-01
5.888671874999998863e+02 5.751164503339092349e-01
5.889892578124998863e+02 5.751163105499011996e-01
5.891113281249998863e+02 5.751164998550184482e-01
5.892333984374998863e+02 5.751163683520607028e-01
5.893554687499998863e+02 5.751163362822627745e-01
5.894775390624998863e+02 5.751165750708476798e-01
5.895996093749998863e+02 5.751163216261593325e-01
5.897216796874998863e+02 5.751163972705773952e-01
5.898437499999998863e+02 5.751164558867197796e-01
5.899658203124998863e+02 5.751163101562138946e-01
5.900878906249998863e+02 5.751164935148339596e-01
5.902099609374998863e+02 5.751163719585227208e-01
5.903320312499998863e+02 5.751163339422261656e-01
5.904541015624998863e+02 5.751165826774561340e-01
5.905761718749998863e+02 5.751163232862721575e-01
5.906982421874998863e+02 5.751163929841918154e-01
5.908203124999998863e+02 5.751164615469807062e-01
5.909423828124998863e+02 5.751163098699771936e-01
5.910644531249998863e+02 5.751164872821002971e-01
5.911865234374998863e+02 5.751163756724354537e-01
5.913085937499998863e+02 5.751163317096401606e-01
5.914306640624998863e+02 5.751165903915149702e-01
5.915527343749998863e+02 5.751163250538356975e-01
5.916748046874998863e+02 5.751163888052568396e-01
5.917968749999998863e+02 5.751164673146922368e-01
5.919189453124998863e+02 5.751163096911912076e-01
5.920410156249998863e+02 5.751164811568170165e-01
5.921630859374998863e+02 5.751163794937984575e-01
5.922851562499998863e+02 5.751163295845046486e-01
5.924072265624998863e+02 5.751165982130246324e-01
5.925292968749998863e+02 5.751163269288498414e-01
5.926513671874998863e+02 5.751163847337723567e-01
5.927734374999998863e+02 5.751164731898545934e-01
5.928955078124998863e+02 5.751163096198559366e-01
5.930175781249998863e+02 5.751164751389843399e-01
5.931396484374998863e+02 5.751163834226123983e-01
5.932617187499998863e+02 5.751163275668199626e-01
5.933837890624998863e+02 5.751166008001236118e-01
5.935058593749998863e+02 5.751163289113145893e-01
5.936279296874998863e+02 5.751163807697384778e-01
5.937499999999998863e+02 5.751164791724674430e-01
5.938720703124998863e+02 5.751163096559711585e-01
5.939941406249998863e+02 5.751164692286021562e-01
5.941162109374998863e+02 5.751163874588769431e-01
5.942382812499998863e+02 5.751163256565858806e-01
5.943603515624998863e+02 5.751165929433942337e-01
5.944824218749998863e+02 5.751163310012300522e-01
5.946044921874998863e+02 5.751163769131555359e-01
5.947265624999998863e+02 5.751164852625306745e-01
5.948486328124998863e+02 5.751163097995373175e-01
5.949707031249998863e+02 5.751164634256706876e-01
5.950927734374998863e+02 5.751163916025919809e-01
5.952148437499998863e+02 5.751163238538022915e-01
5.953369140624998863e+02 5.751165851941153484e-01
5.954589843749998863e+02 5.751163331985962301e-01
5.955810546874998863e+02 5.751163731640228649e-01
5.957031249999998863e+02 5.751164914600445099e-01
5.958251953124998863e+02 5.751163100505539694e-01
5.959472656249998863e+02 5.751164577301896008e-01
5.960693359374998863e+02 5.751163958537578447e-01
5.961914062499998863e+02 5.751163221584697505e-01
5.963134765624998863e+02 5.751165775522870671e-01
5.964355468749998863e+02 5.751163355034130120e-01
5.965576171874998863e+02 5.751163695223409089e-01
5.966796874999998863e+02 5.751164977650090604e-01
5.968017578124998863e+02 5.751163104090213363e-01
5.969238281249998863e+02 5.751164521421592291e-01
5.970458984374998863e+02 5.751164002123742014e-01
5.971679687499998863e+02 5.751163205705875914e-01
5.972900390624998863e+02 5.751165700179092788e-01
5.974121093749998863e+02 5.751163379156802868e-01
5.975341796874998863e+02 5.751163659881096679e-01
5.976562499999998863e+02 5.751165041774242148e-01
5.977783203124998863e+02 5.751163108749394182e-01
5.979003906249998863e+02 5.751164466615794613e-01
5.980224609374998863e+02 5.751164046784410511e-01
5.981445312499998863e+02 5.751163190901561473e-01
5.982666015624998863e+02 5.751165625909819834e-01
5.983886718749998863e+02 5.751163404353984987e-01
5.985107421874998863e+02 5.751163625613291419e-01
5.986328124999998863e+02 5.751165106972897512e-01
5.987548828124998863e+02 5.751163114483081040e-01
5.988769531249998863e+02 5.751164412884502974e-01
5.989990234374998863e+02 5.751164092519586157e-01
5.991210937499998863e+02 5.751163177171754182e-01
5.992431640624998863e+02 5.751165552715052920e-01
5.993652343749998863e+02 5.751163430625672035e-01
5.994873046874998863e+02 5.751163592419991089e-01
5.996093749999998863e+02 5.751165173246060025e-01
5.997314453124998863e+02 5.751163121291275049e-01
5.998535156249998863e+02 5.751164360227716266e-01
5.999755859374998863e+02 5.751164139329268954e-01
6.000976562499998863e+02 5.751163164516454041e-01
6.002197265624998863e+02 5.751165480594789825e-01
6.003417968749998863e+02 5.751163457971865123e-01
6.004638671874998863e+02 5.751163560301197908e-01
6.005859374999998863e+02 5.751165240593727468e-01
6.007080078124998863e+02 5.751163129173975097e-01
6.008300781249998863e+02 5.751164308645436707e-01
6.009521484374998863e+02 5.751164187213456680e-01
6.010742187499998863e+02 5.751163152935658829e-01
6.011962890624998863e+02 5.751165409549032770e-01
6.013183593749998863e+02 5.751163486392566471e-01
6.014404296874998863e+02 5.751163529256911877e-01
6.015624999999998863e+02 5.751165309015900950e-01
6.016845703124998863e+02 5.751163138131183405e-01
6.018066406249998863e+02 5.751164258137663188e-01
6.019287109374998863e+02 5.751164236172150446e-01
6.020507812499998863e+02 5.751163142429370767e-01
6.021728515624998863e+02 5.751165339577781754e-01
6.022949218749998863e+02 5.751163515887772748e-01
6.024169921874998863e+02 5.751163499287130776e-01
6.025390624999998863e+02 5.751165378512578252e-01
6.026611328124998863e+02 5.751163148162895533e-01
6.027832031249998863e+02 5.751164208704394598e-01
6.029052734374998863e+02 5.751164286205351361e-01
6.030273437499998863e+02 5.751163132997589855e-01
6.031494140624998863e+02 5.751165270681035668e-01
6.032714843749998863e+02 5.751163546457486175e-01
6.033935546874998863e+02 5.751163470391855714e-01
6.035156249999998863e+02 5.751165449083761594e-01
6.036376953124998863e+02 5.751163159269117031e-01
6.037597656249998863e+02 5.751164160345633158e-01
6.038818359374998863e+02 5.751164337313058317e-01
6.040039062499998863e+02 5.751163124640314983e-01
6.041259765624998863e+02 5.751165202858794512e-01
6.042480468749998863e+02 5.751163578101705642e-01
6.043701171874998863e+02 5.751163442571088913e-01
6.044921874999998863e+02 5.751165520729452085e-01
6.046142578124998863e+02 5.751163171449844569e-01
6.047363281249998863e+02 5.751164113061378869e-01
6.048583984374998863e+02 5.751164389495270202e-01
6.049804687499998863e+02 5.751163117357548371e-01
6.051025390624998863e+02 5.751165136111059395e-01
6.052246093749998863e+02 5.751163610820432259e-01
6.053466796874998863e+02 5.751163415824828151e-01
6.054687499999998863e+02 5.751165593449645286e-01
6.055908203124998863e+02 5.751163184705078146e-01
6.057128906249998863e+02 5.751164066851628398e-01
6.058349609374998863e+02 5.751164442751990347e-01
6.059570312499998863e+02 5.751163111149286689e-01
6.060791015624998863e+02 5.751165070437830318e-01
6.062011718749998863e+02 5.751163644613664916e-01
6.063232421874998863e+02 5.751163390153073429e-01
6.064453124999998863e+02 5.751165667244345636e-01
6.065673828124998863e+02 5.751163199034817763e-01
6.066894531249998863e+02 5.751164021716385077e-01
6.068115234374998863e+02 5.751164497083213201e-01
6.069335937499998863e+02 5.751163106015533266e-01
6.070556640624998863e+02 5.751165005839105060e-01
6.071777343749998863e+02 5.751163679481402502e-01
6.072998046874998863e+02 5.751163365555825857e-01
6.074218749999998863e+02 5.751165742113549806e-01
6.075439453124998863e+02 5.751163214439065641e-01
6.076660156249998863e+02 5.751163977655647797e-01
6.077880859374998863e+02 5.751164552488944315e-01
6.079101562499998863e+02 5.751163101956284773e-01
6.080322265624998863e+02 5.751164942314888062e-01
6.081542968749998863e+02 5.751163715423648348e-01
6.082763671874998863e+02 5.751163342033084325e-01
6.083984374999998863e+02 5.751165818057260015e-01
6.085205078124998863e+02 5.751163230917819558e-01
6.086425781249998863e+02 5.751163934669416555e-01
6.087646484374998863e+02 5.751164608969179248e-01
6.088867187499998863e+02 5.751163098971544541e-01
6.090087890624998863e+02 5.751164879865174884e-01
6.091308593749998863e+02 5.751163752440400234e-01
6.092529296874998863e+02 5.751163319584849942e-01
6.093749999999998863e+02 5.751165895075475154e-01
6.094970703124998863e+02 5.748583032694947192e-01
6.096191406249998863e+02 5.745196136375304574e-01
6.097412109374998863e+02 5.740589950191306023e-01
6.098632812499998863e+02 5.735981429778305163e-01
6.099853515624998863e+02 5.731376191227419703e-01
6.101074218749998863e+02 5.726768208480912392e-01
6.102294921874998863e+02 5.722160765220364320e-01
6.103515624999998863e+02 5.717556468204499920e-01
6.104736328124998863e+02 5.712946821855482415e-01
6.105957031249998863e+02 5.708340449274815764e-01
6.107177734374998863e+02 5.703734356853807919e-01
6.108398437499998863e+02 5.699125787441624569e-01
6.109619140624998863e+02 5.694520479068394536e-01
6.110839843749998863e+02 5.689912601314031093e-01
6.112060546874998863e+02 5.685305102365987295e-01
6.113281249999998863e+02 5.680700851727875644e-01
6.114501953124998863e+02 5.676091198711740171e-01
6.115722656249998863e+02 5.671484763755256786e-01
6.116943359374998863e+02 5.666878763826702636e-01
6.118164062499998863e+02 5.662270146173539187e-01
6.119384765624998863e+02 5.657664768736164751e-01
6.120605468749998863e+02 5.653056994703409277e-01
6.121826171874998863e+02 5.648449440826071033e-01
6.123046874999998863e+02 5.643845114435486199e-01
6.124267578124998863e+02 5.639235576370122960e-01
6.125488281249998863e+02 5.634629079796024120e-01
6.126708984374998863e+02 5.630023171089389988e-01
6.127929687499998863e+02 5.625414505953443278e-01
6.129150390624998863e+02 5.620809060210126828e-01
6.130371093749998863e+02 5.616201388628445645e-01
6.131591796874998863e+02 5.611593780580013124e-01
6.132812499999998863e+02 5.606989379195157497e-01
6.134033203124998863e+02 5.602379954810028373e-01
6.135253906249998863e+02 5.597773397376514248e-01
6.136474609374998863e+02 5.593167578621266456e-01
6.137695312499998863e+02 5.588558866760737764e-01
6.138916015624998863e+02 5.583953353469680581e-01
6.140136718749998863e+02 5.579345783068537790e-01
6.141357421874998863e+02 5.574738121607212271e-01
6.142578124999998863e+02 5.570133645986284909e-01
6.143798828124998863e+02 5.565524334010858443e-01
6.145019531249998863e+02 5.560917716476131423e-01
6.146240234374998863e+02 5.556311986401732961e-01
6.147460937499998863e+02 5.551703228574821347e-01
6.148681640624998863e+02 5.547097648494223598e-01
6.149902343749998863e+02 5.542490178003082191e-01
6.151123046874998863e+02 5.537882463887064954e-01
6.152343749999998863e+02 5.533277914788267138e-01
6.153564453124998863e+02 5.528668713952007430e-01
6.154785156249998863e+02 5.524062037074266573e-01
6.156005859374998863e+02 5.519456394410185984e-01
6.157226562499998863e+02 5.514847591375091618e-01
6.158447265624998863e+02 5.510241945263153474e-01
6.159667968749998863e+02 5.505634573411481991e-01
6.160888671874998863e+02 5.501145083464573649e-01
6.162109374999998863e+02 5.496725014818446553e-01
6.163330078124998863e+02 5.492363581651251714e-01
6.164550781249998863e+02 5.488004503925583144e-01
6.165771484374998863e+02 5.483646605636236515e-01
6.166992187499998863e+02 5.479285415574106644e-01
6.168212890624998863e+02 5.474927362270454179e-01
6.169433593749998863e+02 5.470567745714867147e-01
6.170654296874998863e+02 5.466207780262178906e-01
6.171874999999998863e+02 5.461850663420225738e-01
6.173095703124998863e+02 5.457489845032830189e-01
6.174316406249998863e+02 5.453130668470701492e-01
6.175537109374998863e+02 5.448772483572476011e-01
6.176757812499998863e+02 5.444411733284822974e-01
6.177978515624998863e+02 5.440053320052230523e-01
6.179199218749998863e+02 5.435693854826627591e-01
6.180419921874998863e+02 5.431333872307474442e-01
6.181640624999998863e+02 5.426976217812575776e-01
6.182861328124998863e+02 5.422615479405017425e-01
6.184082031249998863e+02 5.418256260062276342e-01
6.185302734374998863e+02 5.413898138309255481e-01
6.186523437499998863e+02 5.409537355269060654e-01
6.187744140624998863e+02 5.405178894510762611e-01
6.188964843749998863e+02 5.400819500396980555e-01
6.190185546874998863e+02 5.396459480380210172e-01
6.191406249999998863e+02 5.392101773614512705e-01
6.192626953124998863e+02 5.387741114285400368e-01
6.193847656249998863e+02 5.383381852699957726e-01
6.195068359374998863e+02 5.379023793190751412e-01
6.196289062499998863e+02 5.374662977935924513e-01
6.197509765624998863e+02 5.370304470189836143e-01
6.198730468749998863e+02 5.365945146286482670e-01
6.199951171874998863e+02 5.361585089310004770e-01
6.201171874999998863e+02 5.357227330811420440e-01
6.202392578124998863e+02 5.352866749659361822e-01
6.203613281249998863e+02 5.348507446369129559e-01
6.204833984374998863e+02 5.344149448202347719e-01
6.206054687499998863e+02 5.339788601270800683e-01
6.207275390624998863e+02 5.335430047074831705e-01
6.208496093749998863e+02 5.331070792480513409e-01
6.209716796874998863e+02 5.326710699082242151e-01
6.210937499999998863e+02 5.322352889388684005e-01
6.212158203124998863e+02 5.317992385512284592e-01
6.213378906249998863e+02 5.313633041055175754e-01
6.214599609374998863e+02 5.309275103329426093e-01
6.215820312499998863e+02 5.304914225259068639e-01
6.217041015624998863e+02 5.300555625151133210e-01
6.218261718749998863e+02 5.296196438964458908e-01
6.219482421874998863e+02 5.291836309682306227e-01
6.220703124999998863e+02 5.287478449331686203e-01
6.221923828124998863e+02 5.283118021829557032e-01
6.223144531249998863e+02 5.278758636743481336e-01
6.224365234374998863e+02 5.274400758557372670e-01
6.225585937499998863e+02 5.270039849886115624e-01
6.226806640624998863e+02 5.265681204404125682e-01
6.228027343749998863e+02 5.261322085723705300e-01
6.229248046874998863e+02 5.256961921095579804e-01
6.230468749999998863e+02 5.252604010625809838e-01
6.231689453124998863e+02 5.248243658596556394e-01
6.232910156249998863e+02 5.243884233419429108e-01
6.234130859374998863e+02 5.239526413871569144e-01
6.235351562499998863e+02 5.235165475137324442e-01
6.236572265624998863e+02 5.230806784819193034e-01
6.237792968749998863e+02 5.226447732743632058e-01
6.239013671874998863e+02 5.222087533307446794e-01
6.240234374999998863e+02 5.217729573256441045e-01
6.241455078124998863e+02 5.213369295798671033e-01
6.242675781249998863e+02 5.209009831068402985e-01
6.243896484374998863e+02 5.204652069257402758e-01
6.245117187499998863e+02 5.200291100998080118e-01
6.246337890624998863e+02 5.195932366381718071e-01
6.247558593749998863e+02 5.191573380009626426e-01
6.248779296874998863e+02 5.187213146303292222e-01
6.249999999999998863e+02 5.182855137208962626e-01
6.251220703124998863e+02 5.178494933421283752e-01
6.252441406249998863e+02 5.174135429675786879e-01
6.253662109374998863e+02 5.169777724700255206e-01
6.254882812499998863e+02 5.165416727453765455e-01
6.256103515624998863e+02 5.161057949077085816e-01
6.257324218749998863e+02 5.156699027507071209e-01
6.258544921874998863e+02 5.152338760068501111e-01
6.259765624999998863e+02 5.148674857817777673e-01
6.260986328124998863e+02 5.148536032855062228e-01
6.262207031249998863e+02 5.148475980532692953e-01
6.263427734374998863e+02 5.148477634819612625e-01
6.264648437499998863e+02 5.148475902895131018e-01
6.265869140624998863e+02 5.148476379793895941e-01
6.267089843749998863e+02 5.148476824775861660e-01
6.268310546874998863e+02 5.148475815821527135e-01
6.269531249999998863e+02 5.148477015690553493e-01
6.270751953124998863e+02 5.148476251367504197e-01
6.271972656249998863e+02 5.148475965383457753e-01
6.273193359374998863e+02 5.148477686431570666e-01
6.274414062499998863e+02 5.148475914594619063e-01
6.275634765624998863e+02 5.148476351580900667e-01
6.276855468749998863e+02 5.148476863324067399e-01
6.278076171874998863e+02 5.148475814457253996e-01
6.279296874999998863e+02 5.148476974413801477e-01
6.280517578124998863e+02 5.148476276851954303e-01
6.281738281249998863e+02 5.148475950955423430e-01
6.282958984374998863e+02 5.148477738764730693e-01
6.284179687499998863e+02 5.148475927015310205e-01
6.285400390624998863e+02 5.148476324089106271e-01
6.286621093749998863e+02 5.148476902593476234e-01
6.287841796874998863e+02 5.148475813814183955e-01
6.289062499999998863e+02 5.148476933858252558e-01
6.290283203124998863e+02 5.148476303057606396e-01
6.291503906249998863e+02 5.148475937248591094e-01
6.292724609374998863e+02 5.148477780262776804e-01
6.293945312499998863e+02 5.148475940157201114e-01
6.295166015624998863e+02 5.148476297318513861e-01
6.296386718749998863e+02 5.148476942584085947e-01
6.297607421874998863e+02 5.148475813892313679e-01
6.298828124999998863e+02 5.148476894023902295e-01
6.300048828124998863e+02 5.148476329984460476e-01
6.301269531249998863e+02 5.148475924262958525e-01
6.302490234374998863e+02 5.148477727364677570e-01
6.303710937499998863e+02 5.148475954020295120e-01
6.304931640624998863e+02 5.148476271269121218e-01
6.306152343749998863e+02 5.148476983295896536e-01
6.307373046874998863e+02 5.148475814691645391e-01
6.308593749999998863e+02 5.148476854910755129e-01
6.309814453124998863e+02 5.148476357632514322e-01
6.311035156249998863e+02 5.148475911998529053e-01
6.312255859374998863e+02 5.148477675187778102e-01
6.313476562499998863e+02 5.148475968604590003e-01
6.314697265624998863e+02 5.148476245940930562e-01
6.315917968749998863e+02 5.148477024728908003e-01
6.317138671874998863e+02 5.148475816212177980e-01
6.318359374999998863e+02 5.148476816518807730e-01
6.319580078124998863e+02 5.148476386001770155e-01
6.320800781249998863e+02 5.148475900455299348e-01
6.322021484374998863e+02 5.148477623732078401e-01
6.323242187499998863e+02 5.148475983910085763e-01
6.324462890624998863e+02 5.148476221333941893e-01
6.325683593749998863e+02 5.148477066883120346e-01
6.326904296874998863e+02 5.148475818453912556e-01
6.328124999999998863e+02 5.148476778848061208e-01
6.329345703124998863e+02 5.148476415092226866e-01
6.330566406249998863e+02 5.148475889633271629e-01
6.331787109374998863e+02 5.148477572997581797e-01
6.333007812499998863e+02 5.148475999936783509e-01
6.334228515624998863e+02 5.148476197448152991e-01
6.335449218749998863e+02 5.148477109758532455e-01
6.336669921874998863e+02 5.148475821416848008e-01
6.337890624999998863e+02 5.148476741898515563e-01
6.339111328124998863e+02 5.148476444903884452e-01
6.340332031249998863e+02 5.148475879532444788e-01
6.341552734374998863e+02 5.148477522984283850e-01
6.342773437499998863e+02 5.148476016684682133e-01
6.343994140624998863e+02 5.148476174283566076e-01
6.345214843749998863e+02 5.148477153355147662e-01
6.346435546874998863e+02 5.148475825100985448e-01
6.347656249999998863e+02 5.148476705670171905e-01
6.348876953124998863e+02 5.148476475436742916e-01
6.350097656249998863e+02 5.148475870152819933e-01
6.351318359374998863e+02 5.148477473692186779e-01
6.352539062499998863e+02 5.148476034153781633e-01
6.353759765624998863e+02 5.148476151840181148e-01
6.354980468749998863e+02 5.148477197672961525e-01
6.356201171874998863e+02 5.148475829506323764e-01
6.357421874999998863e+02 5.148476670163029123e-01
6.358642578124998863e+02 5.148476506690803367e-01
6.359863281249998863e+02 5.148475861494397066e-01
6.361083984374998863e+02 5.148477425121291695e-01
6.362304687499998863e+02 5.148476052344083120e-01
6.363525390624998863e+02 5.148476130117997096e-01
6.364746093749998863e+02 5.148477242711977375e-01
6.365966796874998863e+02 5.148475834632864068e-01
6.367187499999998863e+02 5.148476635377086108e-01
6.368408203124998863e+02 5.148476538666064695e-01
6.369628906249998863e+02 5.148475853557175075e-01
6.370849609374998863e+02 5.148477377271595268e-01
6.372070312499998863e+02 5.148476071255586595e-01
6.373291015624998863e+02 5.148476109117013921e-01
6.374511718749998863e+02 5.148477288472192992e-01
6.375732421874998863e+02 5.148475840480605248e-01
6.376953124999998863e+02 5.148476601312345080e-01
6.378173828124998863e+02 5.148476571362528009e-01
6.379394531249998863e+02 5.148475846341153961e-01
6.380615234374998863e+02 5.148477330143101938e-01
6.381835937499998863e+02 5.148476090888290946e-01
6.383056640624998863e+02 5.148476088837231623e-01
6.384277343749998863e+02 5.148477334953610596e-01
6.385498046874998863e+02 5.148475847049548415e-01
6.386718749999998863e+02 5.148476567968804929e-01
6.387939453124998863e+02 5.148476604780191090e-01
6.389160156249998863e+02 5.148475839846334834e-01
6.390380859374998863e+02 5.148477283735807264e-01
6.391601562499998863e+02 5.148476111242195064e-01
6.392822265624998863e+02 5.148476069278651313e-01
6.394042968749998863e+02 5.148477382156227966e-01
6.395263671874998863e+02 5.148475854339692459e-01
6.396484374999998863e+02 5.148476535346465655e-01
6.397705078124998863e+02 5.148476638919056159e-01
6.398925781249998863e+02 5.148475834072716584e-01
6.400146484374998863e+02 5.148477238049714577e-01
6.401367187499998863e+02 5.148476132317302278e-01
6.402587890624998863e+02 5.148476050441272989e-01
6.403808593749998863e+02 5.148477430080047323e-01
6.405029296874998863e+02 5.148475862351038490e-01
6.406249999999998863e+02 5.148476503445328367e-01
6.407470703124998863e+02 5.148476673779120993e-01
6.408691406249998863e+02 5.148475829020300321e-01
6.409912109374998863e+02 5.148477193084822767e-01
6.411132812499998863e+02 5.148476154113610370e-01
6.412353515624998863e+02 5.148476032325094431e-01
6.413574218749998863e+02 5.148477478725066447e-01
6.414794921874998863e+02 5.148475871083584288e-01
6.416015624999998863e+02 5.148476472265391957e-01
6.417236328124998863e+02 5.148476709360387815e-01
6.418457031249998863e+02 5.148475824689084934e-01
6.419677734374998863e+02 5.148477148841130724e-01
6.420898437499998863e+02 5.148476176631118228e-01
6.422119140624998863e+02 5.148476014930117861e-01
6.423339843749998863e+02 5.148477528091286448e-01
6.424560546874998863e+02 5.148475880537333182e-01
6.425781249999998863e+02 5.148476441806655313e-01
6.427001953124998863e+02 5.148476745662855514e-01
6.428222656249998863e+02 5.148475821079071535e-01
6.429443359374998863e+02 5.148477105318640668e-01
6.430664062499998863e+02 5.148476199869829184e-01
6.431884765624998863e+02 5.148475998256342168e-01
6.433105468749998863e+02 5.148477578178707326e-01
6.434326171874998863e+02 5.148475890712282954e-01
6.435546874999998863e+02 5.148476412069121766e-01
6.436767578124998863e+02 5.148476782686524089e-01
6.437988281249998863e+02 5.148475818190260123e-01
6.439208984374998863e+02 5.148477062517351488e-01
6.440429687499998863e+02 5.148476223829741016e-01
6.441650390624998863e+02 5.148475982303768461e-01
6.442871093749998863e+02 5.148477628987329080e-01
6.444091796874998863e+02 5.148475901608433603e-01
6.445312499999998863e+02 5.148476383052787986e-01
6.446533203124998863e+02 5.148476820431394652e-01
6.447753906249998863e+02 5.148475816022649587e-01
6.448974609374998863e+02 5.148477020437263185e-01
6.450195312499998863e+02 5.148476248510853726e-01
6.451416015624998863e+02 5.148475967072396742e-01
6.452636718749998863e+02 5.148477680517151711e-01
6.453857421874998863e+02 5.148475913225786238e-01
6.455078124999998863e+02 5.148476354757656193e-01
6.456298828124998863e+02 5.148476858897464981e-01
6.457519531249998863e+02 5.148475814576238818e-01
6.458740234374998863e+02 5.148476979078374649e-01
6.459960937499998863e+02 5.148476273913168422e-01
6.461181640624998863e+02 5.148475952562224789e-01
6.462402343749998863e+02 5.148477732768174109e-01
6.463623046874998863e+02 5.148475925564339750e-01
6.464843749999998863e+02 5.148476327183725276e-01
6.466064453124998863e+02 5.148476898084736186e-01
6.467285156249998863e+02 5.148475813851031146e-01
6.468505859374998863e+02 5.148476938440688100e-01
6.469726562499998863e+02 5.148476300036682884e-01
6.470947265624998863e+02 5.148475938773254823e-01
6.472167968749998863e+02 5.148477785740397383e-01
6.473388671874998863e+02 5.148475938624095249e-01
6.474609374999998863e+02 5.148476300330995237e-01
6.475830078124998863e+02 5.148476937993209379e-01
6.477050781249998863e+02 5.148475813847024352e-01
6.478271484374998863e+02 5.148476898524201317e-01
6.479492187499998863e+02 5.148476326881399334e-01
6.480712890624998863e+02 5.148475925705485734e-01
6.481933593749998863e+02 5.148477733352792018e-01
6.483154296874998863e+02 5.148475952405051626e-01
6.484374999999998863e+02 5.148476274199466074e-01
6.485595703124998863e+02 5.148476978622882338e-01
6.486816406249998863e+02 5.148475814564219544e-01
6.488037109374998863e+02 5.148476859328916522e-01
6.489257812499998863e+02 5.148476354447316661e-01
6.490478515624998863e+02 5.148475913358919742e-01
6.491699218749998863e+02 5.148477681093756031e-01
6.492919921874998863e+02 5.148475966907209989e-01
6.494140624999998863e+02 5.148476248789138898e-01
6.495361328124998863e+02 5.148477019973757285e-01
6.496582031249998863e+02 5.148475816002615613e-01
6.497802734374998863e+02 5.148476820854832603e-01
6.499023437499998863e+02 5.148476382734434864e-01
6.500244140624998863e+02 5.148475901733552407e-01
6.501464843749998863e+02 5.148477629555919810e-01
6.502685546874998863e+02 5.148475982130568118e-01
6.503906249999998863e+02 5.148476224100013710e-01
6.505126953124998863e+02 5.148477062045833108e-01
6.506347656249998863e+02 5.148475818162212558e-01
6.507568359374998863e+02 5.148476783101949561e-01
6.508789062499998863e+02 5.148476411742755054e-01
6.510009765624998863e+02 5.148475890829388169e-01
6.511230468749998863e+02 5.148477578739285576e-01
6.512451171874998863e+02 5.148475998075129345e-01
6.513671874999998863e+02 5.148476200132089398e-01
6.514892578124998863e+02 5.148477104839108698e-01
6.516113281249998863e+02 5.148475821043011491e-01
6.517333984374998863e+02 5.148476746070267396e-01
6.518554687499998863e+02 5.148476441472276122e-01
6.519775390624998863e+02 5.148475880646425917e-01
6.520996093749998863e+02 5.148477528643851109e-01
6.522216796874998863e+02 5.148476014740891449e-01
6.523437499999998863e+02 5.148476176885364852e-01
6.524658203124998863e+02 5.148477148353586275e-01
6.525878906249998863e+02 5.148475824645012411e-01
6.527099609374998863e+02 5.148476709759787218e-01
6.528320312499998863e+02 5.148476471922999176e-01
6.529541015624998863e+02 5.148475871184664543e-01
6.530761718749998863e+02 5.148477479269618629e-01
6.531982421874998863e+02 5.148476032127855539e-01
6.533203124999998863e+02 5.148476154359842294e-01
6.534423828124998863e+02 5.148477192589263618e-01
6.535644531249998863e+02 5.148475828968213097e-01
6.536865234374998863e+02 5.148476674170506806e-01
6.538085937499998863e+02 5.148476503094921997e-01
6.539306640624998863e+02 5.148475862444104045e-01
6.540527343749998863e+02 5.148477430616585915e-01
6.541748046874998863e+02 5.148476050236020507e-01
6.542968749999998863e+02 5.148476132555521723e-01
6.544189453124998863e+02 5.148477237546141838e-01
6.545410156249998863e+02 5.148475834012617991e-01
6.546630859374998863e+02 5.148476639302427271e-01
6.547851562499998863e+02 5.148476534988046804e-01
6.549072265624998863e+02 5.148475854424745535e-01
6.550292968749998863e+02 5.148477382684754078e-01
6.551513671874998863e+02 5.148476069065384131e-01
6.552734374999998863e+02 5.148476111472400918e-01
6.553955078124998863e+02 5.148477283224222045e-01
6.555175781249998863e+02 5.148475839778221541e-01
6.556396484374998863e+02 5.148476605155549723e-01
6.557617187499998863e+02 5.148476567602372489e-01
6.558837890624998863e+02 5.148475847126587901e-01
6.560058593749998863e+02 5.148477335474122007e-01
6.561279296874998863e+02 5.148476088615951962e-01
6.562499999999998863e+02 5.148476091110483210e-01
6.563720703124998863e+02 5.148477329623502019e-01
6.564941406249998863e+02 5.148475846265027078e-01
6.566162109374998863e+02 5.148476571729873053e-01
6.567382812499998863e+02 5.148476600937899050e-01
6.568603515624998863e+02 5.148475840549631144e-01
6.569824218749998863e+02 5.148477288984690814e-01
6.571044921874998863e+02 5.148476108887720670e-01
6.572265624999998863e+02 5.148476071469764159e-01
6.573486328124998863e+02 5.148477376743982870e-01
6.574707031249998863e+02 5.148475853473034602e-01
6.575927734374998863e+02 5.148476539025397258e-01
6.577148437499998863e+02 5.148476634994627599e-01
6.578369140624998863e+02 5.148475834693877484e-01
6.579589843749998863e+02 5.148477243216461607e-01
6.580810546874998863e+02 5.148476129880690255e-01
6.582031249999998863e+02 5.148476052550249316e-01
6.583251953124998863e+02 5.148477424585665707e-01
6.584472656249998863e+02 5.148475861402243003e-01
6.585693359374998863e+02 5.148476507042122341e-01
6.586914062499998863e+02 5.148476669772555914e-01
6.588134765624998863e+02 5.148475829559323591e-01
6.589355468749998863e+02 5.148114261252593193e-01
6.590576171874998863e+02 5.145312175161346202e-01
6.591796874999998863e+02 5.142048293320219399e-01
6.593017578124998863e+02 5.138378464556606628e-01
6.594238281249998863e+02 5.134705600938221925e-01
6.595458984374998863e+02 5.131034942221185391e-01
6.596679687499998863e+02 5.127363905021050661e-01
6.597900390624998863e+02 5.116101686563471196e-01
6.599121093749998863e+02 5.110241696351739416e-01
6.600341796874998863e+02 5.091356481323515704e-01
6.601562499999998863e+02 5.085285173427799288e-01
6.602783203124998863e+02 5.104933240132100147e-01
6.604003906249998863e+02 5.075833411153296559e-01
6.605224609374998863e+02 5.080968503042893047e-01
6.606445312499998863e+02 5.081866040187089650e-01
6.607666015624998863e+02 5.063994019628714760e-01
6.608886718749998863e+02 5.080256146324458877e-01
6.610107421874998863e+02 5.062487242929012421e-01
6.611328124999998863e+02 5.055813383481151391e-01
6.612548828124998863e+02 5.076355381550640145e-01
6.613769531249998863e+02 5.046788262071890685e-01
6.614990234374998863e+02 5.068555846078699467e-01
6.616210937499998863e+02 5.065873455484941612e-01
6.617431640624998863e+02 5.064951419351669815e-01
6.618652343749998863e+02 5.061281461815534399e-01
6.619873046874998863e+02 5.057609311866905211e-01
6.621093749999998863e+02 5.053937802219626851e-01
6.622314453124998863e+02 5.050268247287161838e-01
6.623535156249998863e+02 5.046595186558703316e-01
6.624755859374998863e+02 5.042924430528172852e-01
6.625976562499998863e+02 5.039253612114392711e-01
6.627197265624998863e+02 5.035581308977573611e-01
6.628417968749998863e+02 5.031911302451980150e-01
6.629638671874998863e+02 5.028239226955276697e-01
6.630859374999998863e+02 5.024567677298135138e-01
6.632080078124998863e+02 5.020898181743133071e-01
6.633300781249998863e+02 5.017225089984385100e-01
6.634521484374998863e+02 5.013554289695031363e-01
6.635742187499998863e+02 5.009883537792367836e-01
6.636962890624998863e+02 5.006211199376310317e-01
6.638183593749998863e+02 5.002541144342931290e-01
6.639404296874998863e+02 4.998869142491005890e-01
6.640624999999998863e+02 4.995197553305671390e-01
6.641845703124998863e+02 4.991528116320984032e-01
6.643066406249998863e+02 4.987854994013617427e-01
6.644287109374998863e+02 4.984184149947111786e-01
6.645507812499998863e+02 4.980513463748418301e-01
6.646728515624998863e+02 4.976841090534793177e-01
6.647949218749998863e+02 4.973170987475297178e-01
6.649169921874998863e+02 4.969499058461006036e-01
6.650390624999998863e+02 4.965827430229149408e-01
6.651611328124998863e+02 4.962158051007631854e-01
6.652832031249998863e+02 4.958484898633314653e-01
6.654052734374998863e+02 4.954814011271326257e-01
6.655273437499998863e+02 4.951143389969456798e-01
6.656494140624998863e+02 4.947470982439934328e-01
6.657714843749998863e+02 4.943800831835992171e-01
6.658935546874998863e+02 4.940128974852187604e-01
6.660156249999998863e+02 4.936457308055478554e-01
6.661376953124998863e+02 4.932787890097843353e-01
6.662597656249998863e+02 4.929114803830387803e-01
6.663818359374998863e+02 4.925443873654588023e-01
6.665039062499998863e+02 4.921773316442396573e-01
6.666259765624998863e+02 4.918100875078644796e-01
6.667480468749998863e+02 4.914430677411927850e-01
6.668701171874998863e+02 4.910758891651463842e-01
6.669921874999998863e+02 4.907087186771572074e-01
6.671142578124998863e+02 4.903417717502196460e-01
6.672363281249998863e+02 4.899744709591749570e-01
6.673583984374998863e+02 4.896073737083806998e-01
6.674804687499998863e+02 4.892403243154148096e-01
6.676025390624998863e+02 4.888730768437838936e-01
6.677246093749998863e+02 4.885060524190017461e-01
6.678466796874998863e+02 4.881388808845746885e-01
6.679687499999998863e+02 4.877717066364342102e-01
6.680908203124998863e+02 4.874047546264895781e-01
6.682128906249998863e+02 4.870374615904310422e-01
6.683349609374998863e+02 4.866703601545897540e-01
6.684570312499998863e+02 4.863033170091625723e-01
6.685791015624998863e+02 4.859360662504426664e-01
6.687011718749998863e+02 4.855690372157170365e-01
6.688232421874998863e+02 4.852018726421946648e-01
6.689453124999998863e+02 4.848346946820700221e-01
6.690673828124998863e+02 4.844677376372855671e-01
6.691894531249998863e+02 4.841004522754985828e-01
6.693115234374998863e+02 4.837333467027769562e-01
6.694335937499998863e+02 4.833663097241738815e-01
6.695556640624998863e+02 4.829990557265321227e-01
6.696777343749998863e+02 4.826320221300300362e-01
6.697998046874998863e+02 4.822648644366979709e-01
6.699218749999998863e+02 4.819678324125821756e-01
6.700439453124998863e+02 4.817187403193913808e-01
6.701660156249998863e+02 4.816497343475630299e-01
6.702880859374998863e+02 4.815808963665594855e-01
6.704101562499998863e+02 4.815121375968983153e-01
6.705322265624998863e+02 4.814431518408835986e-01
6.706542968749998863e+02 4.813743857193697462e-01
6.707763671874998863e+02 4.813055066914015967e-01
6.708984374999998863e+02 4.812365928694172235e-01
6.710205078124998863e+02 4.811678985302629830e-01
6.711425781249998863e+02 4.810988993639923605e-01
6.712646484374998863e+02 4.810300573989284567e-01
6.713867187499998863e+02 4.809613051521035576e-01
6.715087890624998863e+02 4.808923155804415983e-01
6.716308593749998863e+02 4.808235453951785199e-01
6.717529296874998863e+02 4.807546730238388966e-01
6.718749999999998863e+02 4.806857553065173039e-01
6.719970703124998863e+02 4.806170568239254148e-01
6.721191406249998863e+02 4.805480644480745189e-01
6.722412109374998863e+02 4.804792185079840294e-01
6.723632812499998863e+02 4.804104727688575105e-01
6.724853515624998863e+02 4.803414793905819713e-01
6.726074218749998863e+02 4.802727051506032740e-01
6.727294921874998863e+02 4.802038394207541194e-01
6.728515624999998863e+02 4.801349178171290255e-01
6.729736328124998863e+02 4.800662152001333172e-01
6.730957031249998863e+02 4.799972295995642013e-01
6.732177734374998863e+02 4.799283796934806778e-01
6.733398437499998863e+02 4.798596404469143706e-01
6.734619140624998863e+02 4.797906432710591917e-01
6.735839843749998863e+02 4.797218649853987049e-01
6.737060546874998863e+02 4.796530058819020725e-01
6.738281249999998863e+02 4.795840804010070846e-01
6.739501953124998863e+02 4.795153736586411641e-01
6.740722656249998863e+02 4.794463948182159929e-01
6.741943359374998863e+02 4.793775409551732092e-01
6.743164062499998863e+02 4.793088081860290006e-01
6.744384765624998863e+02 4.792398072216278448e-01
6.745605468749998863e+02 4.791710248993191756e-01
6.746826171874998863e+02 4.791021724070369525e-01
6.748046874999998863e+02 4.790332430579061218e-01
6.749267578124998863e+02 4.789645321992035965e-01
6.750488281249998863e+02 4.788955601037842569e-01
6.751708984374998863e+02 4.788267022928160421e-01
6.752929687499998863e+02 4.787579759859559303e-01
6.754150390624998863e+02 4.786889712420426268e-01
6.755371093749998863e+02 4.786201848921194379e-01
6.756591796874998863e+02 4.785513389959136776e-01
6.757812499999998863e+02 4.784824057875806114e-01
6.759033203124998863e+02 4.784136908215751438e-01
6.760253906249998863e+02 4.783447254560236894e-01
6.761474609374998863e+02 4.782758637061636509e-01
6.762695312499998863e+02 4.782071438464495228e-01
6.763916015624998863e+02 4.781381353320578453e-01
6.765136718749998863e+02 4.780693449635539105e-01
6.766357421874998863e+02 4.780005056482865000e-01
6.767578124999998863e+02 4.779315685897849164e-01
6.768798828124998863e+02 4.778628495255102804e-01
6.770019531249998863e+02 4.777938908746886537e-01
6.771240234374998863e+02 4.777250251949705651e-01
6.772460937499998863e+02 4.776563117672644188e-01
6.773681640624998863e+02 4.775872994914281411e-01
6.774902343749998863e+02 4.775185051133770675e-01
6.776123046874998863e+02 4.774496723639101714e-01
6.777343749999998863e+02 4.773807314642738442e-01
6.778564453124998863e+02 4.773120083107635914e-01
6.779785156249998863e+02 4.772430563595339015e-01
6.781005859374998863e+02 4.771741867589914254e-01
6.782226562499998863e+02 4.771054797481550924e-01
6.783447265624998863e+02 4.770364637199080438e-01
6.784667968749998863e+02 4.769676653413436052e-01
6.785888671874998863e+02 4.768988391425389439e-01
6.787109374999998863e+02 4.768298944108017023e-01
6.788330078124998863e+02 4.767611671770895510e-01
6.789550781249998863e+02 4.766922219103137404e-01
6.790771484374998863e+02 4.766233483979807062e-01
6.791992187499998863e+02 4.765546477888761845e-01
6.793212890624998863e+02 4.764856280172520830e-01
6.794433593749998863e+02 4.764168256472079421e-01
6.795654296874998863e+02 4.763480059839276803e-01
6.796874999999998863e+02 4.762790574291231316e-01
6.798095703124998863e+02 4.762103261242426333e-01
6.799316406249998863e+02 4.761413875267828111e-01
6.800537109374998863e+02 4.760725101116929370e-01
6.801757812499998863e+02 4.760038158891821136e-01
6.802978515624998863e+02 4.759347923832147886e-01
6.804199218749998863e+02 4.758659860307246081e-01
6.805419921874998863e+02 4.757971728878305218e-01
6.806640624999998863e+02 4.757282205189925506e-01
6.807861328124998863e+02 4.756594851519775902e-01
6.809082031249998863e+02 4.755905532086957543e-01
6.810302734374998863e+02 4.755216718998827585e-01
6.811523437499998863e+02 4.754529840488274650e-01
6.812744140624998863e+02 4.753839568175506347e-01
6.813964843749998863e+02 4.753151464916481883e-01
6.815185546874998863e+02 4.752463398540023309e-01
6.816406249999998863e+02 4.751773836801648221e-01
6.817626953124998863e+02 4.751086442600488402e-01
6.818847656249998863e+02 4.750397189558069888e-01
6.820068359374998863e+02 4.749708337623045340e-01
6.821289062499998863e+02 4.749021522675667684e-01
6.822509765624998863e+02 4.748331213200143730e-01
6.823730468749998863e+02 4.747643070297333234e-01
6.824951171874998863e+02 4.746955068821976376e-01
6.826171874999998863e+02 4.746265469123940872e-01
6.827392578124998863e+02 4.745578034482110241e-01
6.828613281249998863e+02 4.744888847678710997e-01
6.829833984374998863e+02 4.744199956987129596e-01
6.831054687499998863e+02 4.743513205451544978e-01
6.832275390624998863e+02 4.742822858903602001e-01
6.833496093749998863e+02 4.742134676447343766e-01
6.834716796874998863e+02 4.741446739721708048e-01
6.835937499999998863e+02 4.740757102154351532e-01
6.837158203124998863e+02 4.740069627162183941e-01
6.838378906249998863e+02 4.739380506446424501e-01
6.839599609374998863e+02 4.738691577088625095e-01
6.840820312499998863e+02 4.738004808789224587e-01
6.842041015624998863e+02 4.737314505283430344e-01
6.843261718749998863e+02 4.736626283364058776e-01
6.844482421874998863e+02 4.735938411236765289e-01
6.845703124999998863e+02 4.735248735890424943e-01
6.846923828124998863e+02 4.734561220638258128e-01
6.848144531249998863e+02 4.733872165858758474e-01
6.849365234374998863e+02 4.733183197925077135e-01
6.850585937499998863e+02 4.732496388568795953e-01
6.851806640624998863e+02 4.731806152337171278e-01
6.853027343749998863e+02 4.731117891045025781e-01
6.854248046874998863e+02 4.730430083364691174e-01
6.855468749999998863e+02 4.729740370329704735e-01
6.856689453124998863e+02 4.729052814907876989e-01
6.857910156249998863e+02 4.728363825913256546e-01
6.859130859374998863e+02 4.727674819494029901e-01
6.860351562499998863e+02 4.726987969171205783e-01
6.861572265624998863e+02 4.726297800062370658e-01
6.862792968749998863e+02 4.725609499487788412e-01
6.864013671874998863e+02 4.724921756103032111e-01
6.865234374999998863e+02 4.724232005469737872e-01
6.866455078124998863e+02 4.723544409968585822e-01
6.867675781249998863e+02 4.722855486607465125e-01
6.868896484374998863e+02 4.722166441793030911e-01
6.870117187499998863e+02 4.721479550593998820e-01
6.871337890624998863e+02 4.720789448456573778e-01
6.872558593749998863e+02 4.720101108689891412e-01
6.873779296874998863e+02 4.719413429449335062e-01
6.874999999999998863e+02 4.718723641308069094e-01
6.876220703124998863e+02 4.718036005817928813e-01
6.877441406249998863e+02 4.717347147938927843e-01
6.878662109374998863e+02 4.716658064819624907e-01
6.879882812499998863e+02 4.715971132834721469e-01
6.881103515624998863e+02 4.715281097517328712e-01
6.882324218749998863e+02 4.714592718648882297e-01
6.883544921874998863e+02 4.713905103401144214e-01
6.884765624999998863e+02 4.713215277842245921e-01
6.885986328124998863e+02 4.712612529387948945e-01
6.887207031249998863e+02 4.712252943994345578e-01
6.888427734374998863e+02 4.712130241606950487e-01
6.889648437499998863e+02 4.712131815355836140e-01
6.890869140624998863e+02 4.712130392276896451e-01
6.892089843749998863e+02 4.712130520073542495e-01
6.893310546874998863e+02 4.712131515624251588e-01
6.894531249999998863e+02 4.712130197468579751e-01
6.895751953124998863e+02 4.712131028821070489e-01
6.896972656249998863e+02 4.712130847541145529e-01
6.898193359374998863e+02 4.712130232941244556e-01
6.899414062499998863e+02 4.712131767849457864e-01
6.900634765624998863e+02 4.712130409738926606e-01
6.901855468749998863e+02 4.712130498694887537e-01
6.903076171874998863e+02 4.712131559214007281e-01
6.904296874999998863e+02 4.712130202217659214e-01
6.905517578124998863e+02 4.712130994729467059e-01
6.906738281249998863e+02 4.712130878417958302e-01
6.907958984374998863e+02 4.712130224977373882e-01
6.909179687499998863e+02 4.712131721044914290e-01
6.910400390624998863e+02 4.712130427902792018e-01
6.911621093749998863e+02 4.712130478018065616e-01
6.912841796874998863e+02 4.712131603505596567e-01
6.914062499999998863e+02 4.712130207668573378e-01
6.915283203124998863e+02 4.712130961339698887e-01
6.916503906249998863e+02 4.712130909996604111e-01
6.917724609374998863e+02 4.712130217715336244e-01
6.918945312499998863e+02 4.712131674942203752e-01
6.920166015624998863e+02 4.712130446768491021e-01
6.921386718749998863e+02 4.712130458043078951e-01
6.922607421874998863e+02 4.712131648499019998e-01
6.923828124999998863e+02 4.712130213821322799e-01
6.925048828124998863e+02 4.712130928651764861e-01
6.926269531249998863e+02 4.712130942277085732e-01
6.927490234374998863e+02 4.712130211155133308e-01
6.928710937499998863e+02 4.712131629541326805e-01
6.929931640624998863e+02 4.712130466336023615e-01
6.931152343749998863e+02 4.712130438769926433e-01
6.932373046874998863e+02 4.712131694194277021e-01
6.933593749999998863e+02 4.712130220675905257e-01
6.934814453124998863e+02 4.712130896665664426e-01
6.936035156249998863e+02 4.712130975259400389e-01
6.937255859374998863e+02 4.712130205296766183e-01
6.938476562499998863e+02 4.712131584842284004e-01
6.939697265624998863e+02 4.712130486605391466e-01
6.940917968749998863e+02 4.712130420198606950e-01
6.942138671874998863e+02 4.712131740591367635e-01
6.943359374999998863e+02 4.712130228232322415e-01
6.944580078124998863e+02 4.712130865381398692e-01
6.945800781249998863e+02 4.712131008943548638e-01
6.947021484374998863e+02 4.712130200140230984e-01
6.948242187499998863e+02 4.712131540845074240e-01
6.949462890624998863e+02 4.712130507576593463e-01
6.950683593749998863e+02 4.712130402329122725e-01
6.951904296874998863e+02 4.712131787690292950e-01
6.953124999999998863e+02 4.712130236490574275e-01
6.954345703124998863e+02 4.712130834798967105e-01
6.955566406249998863e+02 4.712131043329532143e-01
6.956787109374998863e+02 4.712130195685532708e-01
6.958007812499998863e+02 4.712131497549699732e-01
6.959228515624998863e+02 4.712130529249629607e-01
6.960449218749998863e+02 4.712130385161473201e-01
6.961669921874998863e+02 4.712131835491051302e-01
6.962890624999998863e+02 4.712130245450661392e-01
6.964111328124998863e+02 4.712130804918369109e-01
6.965332031249998863e+02 4.712131078417349239e-01
6.966552734374998863e+02 4.712130191932668577e-01
6.967773437499998863e+02 4.712131454956158261e-01
6.968994140624998863e+02 4.712130551624500452e-01
6.970214843749998863e+02 4.712130368695657823e-01
6.971435546874998863e+02 4.712131883993643244e-01
6.972656249999998863e+02 4.712130255112582100e-01
6.973876953124998863e+02 4.712130775739605260e-01
6.975097656249998863e+02 4.712131114207000482e-01
6.976318359374998863e+02 4.712130188881637483e-01
6.977539062499998863e+02 4.712131413064450380e-01
6.978759765624998863e+02 4.712130574701204888e-01
6.979980468749998863e+02 4.712130352931677146e-01
6.981201171874998863e+02 4.712131933198068778e-01
6.982421874999998863e+02 4.712130265476336954e-01
6.983642578124998863e+02 4.712130747262676111e-01
6.984863281249998863e+02 4.712131150698484761e-01
6.986083984374998863e+02 4.712130186532442200e-01
6.987304687499998863e+02 4.712131371874576646e-01
6.988525390624998863e+02 4.712130598479744026e-01
6.989746093749998863e+02 4.712130337869530616e-01
6.990966796874998863e+02 4.712131983104327348e-01
6.992187499999998863e+02 4.712130276541927065e-01
6.993408203124998863e+02 4.712130719487580555e-01
6.994628906249998863e+02 4.712131187891804296e-01
6.995849609374998863e+02 4.712130184885080508e-01
6.997070312499998863e+02 4.712131331386536504e-01
6.998291015624998863e+02 4.712130622960117310e-01
6.999511718749998863e+02 4.712130323509217678e-01
7.000732421874998863e+02 4.712132033712420620e-01
7.001953124999998863e+02 4.712130288309351323e-01
7.003173828124998863e+02 4.712130692414319699e-01
7.004394531249998863e+02 4.712131225786957422e-01
7.005615234374998863e+02 4.712130183939554073e-01
7.006835937499998863e+02 4.712131291600330507e-01
7.008056640624998863e+02 4.712130648142325295e-01
7.009277343749998863e+02 4.712130309850739440e-01
7.010498046874998863e+02 4.712132085022348038e-01
7.011718749999998863e+02 4.712130300778609171e-01
7.012939453124998863e+02 4.712130666042892435e-01
7.014160156249998863e+02 4.712131264383945251e-01
7.015380859374998863e+02 4.712130183695861230e-01
7.016601562499998863e+02 4.712131252515958657e-01
7.017822265624998863e+02 4.712130674026367427e-01
7.019042968749998863e+02 4.712130296894096460e-01
7.020263671874998863e+02 4.712132069269853174e-01
7.021484374999998863e+02 4.712130313949702831e-01
7.022705078124998863e+02 4.712130640373300983e-01
7.023925781249998863e+02 4.712131303682765560e-01
7.025146484374998863e+02 4.712130184154002532e-01
7.026367187499998863e+02 4.712131214133420953e-01
7.027587890624998863e+02 4.712130700612243150e-01
7.028808593749998863e+02 4.712130284639287070e-01
7.030029296874998863e+02 4.712132018174375325e-01
7.031249999999998863e+02 4.712130327822629527e-01
7.032470703124998863e+02 4.712130570070436897e-01
7.033691406249998863e+02 4.712131320542873869e-01
7.034912109374998863e+02 4.712129964516884595e-01
7.036132812499998863e+02 4.712131069772478309e-01
7.037353515624998863e+02 4.712130569574646266e-01
7.038574218749998863e+02 4.712130062395072927e-01
7.039794921874998863e+02 4.712131952211698338e-01
7.041015624999998863e+02 4.712130139686429020e-01
7.042236328124998863e+02 4.712130417068119415e-01
7.043457031249998863e+02 4.712131301646494408e-01
7.044677734374998863e+02 4.712129966593059383e-01
7.045898437499998863e+02 4.712131028535969102e-01
7.047119140624998863e+02 4.712130600786825774e-01
7.048339843749998863e+02 4.712130050294562889e-01
7.049560546874998863e+02 4.712131896798518182e-01
7.050781249999998863e+02 4.712130156721928698e-01
7.052001953124998863e+02 4.712130390790928991e-01
7.053222656249998863e+02 4.712131347817991589e-01
7.054443359374998863e+02 4.712129969451875344e-01
7.055664062499998863e+02 4.712130988082099403e-01
7.056884765624998863e+02 4.712130632781647566e-01
7.058105468749998863e+02 4.712130038976695134e-01
7.059326171874998863e+02 4.712131842167978646e-01
7.060546874999998863e+02 4.712130174540069549e-01
7.061767578124998863e+02 4.712130365296379186e-01
7.062988281249998863e+02 4.712131394772128279e-01
7.064208984374998863e+02 4.712129973093332480e-01
7.065429687499998863e+02 4.712130948410871989e-01
7.066650390624998863e+02 4.712130665559109977e-01
7.067871093749998863e+02 4.712130028441469110e-01
7.069091796874998863e+02 4.712131788320079173e-01
7.070312499999998863e+02 4.712130193140852685e-01
7.071533203124998863e+02 4.712130340584470556e-01
7.072753906249998863e+02 4.712131442508907253e-01
7.073974609374998863e+02 4.712129977517431345e-01
7.075195312499998863e+02 4.712130909522285749e-01
7.076416015624998863e+02 4.712130699119213562e-01
7.077636718749998863e+02 4.712130018688884814e-01
7.078857421874998863e+02 4.712131735254821430e-01
7.080078124999998863e+02 4.712130212524275885e-01
7.081298828124998863e+02 4.712130316655203655e-01
7.082519531249998863e+02 4.712131491028326291e-01
7.083740234374998863e+02 4.712129982724173050e-01
7.084960937499998863e+02 4.711705590651182329e-01
7.086181640624998863e+02 4.710177584797764494e-01
7.087402343749998863e+02 4.708599877112205068e-01
7.088623046874998863e+02 4.707001503536422660e-01
7.089843749999998863e+02 4.705400009150009222e-01
7.091064453124998863e+02 4.703800025488209524e-01
7.092285156249998863e+02 4.702201223894755810e-01
7.093505859374998863e+02 4.700599630647528393e-01
7.094726562499998863e+02 4.699000429200947959e-01
7.095947265624998863e+02 4.697400317693387062e-01
7.097167968749998863e+02 4.695799508593073157e-01
7.098388671874998863e+02 4.694201087363215064e-01
7.099609374999998863e+02 4.692599669051212841e-01
7.100830078124998863e+02 4.690999642099492051e-01
7.102050781249998863e+02 4.689400909254113903e-01
7.103271484374998863e+02 4.687799277081141636e-01
7.104492187499998863e+02 4.686200030279608075e-01
7.105712890624998863e+02 4.684599990987154405e-01
7.106933593749998863e+02 4.682999140896054180e-01
7.108154296874998863e+02 4.681400672246217032e-01
7.109374999999998863e+02 4.679799329616344261e-01
7.110595703124998863e+02 4.678199259608800120e-01
7.111816406249998863e+02 4.676600595119215220e-01
7.113037109374998863e+02 4.674998924254594179e-01
7.114257812499998863e+02 4.673399632332204678e-01
7.115478515624998863e+02 4.671799664862575918e-01
7.116699218749998863e+02 4.670198774014785448e-01
7.117919921874998863e+02 4.668600258179065321e-01
7.119140624999998863e+02 4.666998990839043571e-01
7.120361328124998863e+02 4.665398878009771044e-01
7.121582031249998863e+02 4.663800281483699850e-01
7.122802734374998863e+02 4.662198572161526666e-01
7.124023437499998863e+02 4.660599235352375636e-01
7.125244140624998863e+02 4.658999339313293908e-01
7.126464843749998863e+02 4.657398407942908714e-01
7.127685546874998863e+02 4.655799845155400019e-01
7.128906249999998863e+02 4.654198652712949191e-01
7.130126953124998863e+02 4.652598497296044355e-01
7.131347656249998863e+02 4.650999968341205659e-01
7.132568359374998863e+02 4.649398220795576409e-01
7.133789062499998863e+02 4.647798839333763254e-01
7.135009765624998863e+02 4.646199014332945687e-01
7.136230468749998863e+02 4.644598042674061844e-01
7.137451171874998863e+02 4.642999433168861212e-01
7.138671874999998863e+02 4.641398315231700100e-01
7.139892578124998863e+02 4.639798117461260141e-01
7.141113281249998863e+02 4.638199655685372180e-01
7.142333984374998863e+02 4.636597870150384604e-01
7.143554687499998863e+02 4.634998444270002627e-01
7.144775390624998863e+02 4.633398689915169122e-01
7.145996093749998863e+02 4.631797678201884927e-01
7.147216796874998863e+02 4.630199022213086213e-01
7.148437499999998863e+02 4.628597978388935830e-01
7.149658203124998863e+02 4.626997738499057378e-01
7.150878906249998863e+02 4.625399343509838945e-01
7.152099609374998863e+02 4.623797520219589119e-01
7.153320312499998863e+02 4.622198050154733839e-01
7.154541015624998863e+02 4.620598366053604300e-01
7.155761718749998863e+02 4.618997314520015274e-01
7.156982421874998863e+02 4.617398612281716219e-01
7.158203124999998863e+02 4.615797642178294802e-01
7.159423828124998863e+02 4.614197360403073933e-01
7.160644531249998863e+02 4.612599031808245487e-01
7.161865234374998863e+02 4.610997170996829486e-01
7.163085937499998863e+02 4.609397656981596980e-01
7.164306640624998863e+02 4.607798042741890754e-01
7.165527343749998863e+02 4.606196951622094637e-01
7.166748046874998863e+02 4.604598203368390763e-01
7.167968749999998863e+02 4.602997306593418214e-01
7.169189453124998863e+02 4.601396983166950450e-01
7.170410156249998863e+02 4.599798720574229116e-01
7.171630859374998863e+02 4.598196822475745238e-01
7.172851562499998863e+02 4.596597264744233247e-01
7.174072265624998863e+02 4.594997719973668016e-01
7.175292968749998863e+02 4.593396589501759220e-01
7.176513671874998863e+02 4.591797795466747156e-01
7.177734374999998863e+02 4.590196971627942824e-01
7.178955078124998863e+02 4.588596606784325349e-01
7.180175781249998863e+02 4.586998409801430476e-01
7.181396484374998863e+02 4.585396474649974796e-01
7.182617187499998863e+02 4.583796873436278285e-01
7.183837890624998863e+02 4.582197397742574507e-01
7.185058593749998863e+02 4.580596228152651328e-01
7.186279296874998863e+02 4.578997388570425486e-01
7.187499999999998863e+02 4.577396637275508717e-01
7.188720703124998863e+02 4.575796231248838164e-01
7.189941406249998863e+02 4.574198099483489099e-01
7.191162109374998863e+02 4.572596127513157138e-01
7.192382812499998863e+02 4.570996483051373294e-01
7.193603515624998863e+02 4.569397076042248651e-01
7.194824218749998863e+02 4.567795867568408275e-01
7.196044921874998863e+02 4.566196982673063065e-01
7.197265624999998863e+02 4.564596303529756538e-01
7.198486328124998863e+02 4.562995856554128427e-01
7.199707031249998863e+02 4.561397729226696618e-01
7.200927734374998863e+02 4.559795781058932351e-01
7.202148437499998863e+02 4.558196093583155584e-01
7.203369140624998863e+02 4.556596754866331644e-01
7.204589843749998863e+02 4.554995507742669036e-01
7.205810546874998863e+02 4.553396577768302755e-01
7.207031249999998863e+02 4.551795970384323597e-01
7.208251953124998863e+02 4.550195482693834559e-01
7.209472656249998863e+02 4.548597308222355196e-01
7.210693359374998863e+02 4.546995435280939413e-01
7.211914062499998863e+02 4.545395705025266908e-01
7.213134765624998863e+02 4.543796434208460244e-01
7.214355468749998863e+02 4.542195148669073701e-01
7.215576171874998863e+02 4.540596173849781314e-01
7.216796874999998863e+02 4.538995637832848873e-01
7.218017578124998863e+02 4.537395109661595538e-01
7.219238281249998863e+02 4.535796888280165806e-01
7.220458984374998863e+02 4.534195090172816744e-01
7.221679687499998863e+02 4.532595317371344579e-01
7.222900390624998863e+02 4.530996114062276203e-01
7.224121093749998863e+02 4.529394790341260690e-01
7.225341796874998863e+02 4.527795770911138273e-01
7.226562499999998863e+02 4.526195305868972452e-01
7.227783203124998863e+02 4.524594737451050896e-01
7.229003906249998863e+02 4.522996469393764651e-01
7.230224609374998863e+02 4.521394745728203324e-01
7.231445312499998863e+02 4.519794930615028683e-01
7.232666015624998863e+02 4.518195794421416833e-01
7.233886718749998863e+02 4.516594432752869537e-01
7.235107421874998863e+02 4.514995368946013166e-01
7.236328124999998863e+02 4.513394974486332201e-01
7.237548828124998863e+02 4.511794366055839611e-01
7.238769531249998863e+02 4.510196051556793484e-01
7.239990234374998863e+02 4.508594401940739793e-01
7.241210937499998863e+02 4.506994544749957088e-01
7.242431640624998863e+02 4.505395475279521111e-01
7.243652343749998863e+02 4.503794075897539217e-01
7.244873046874998863e+02 4.502194967948044413e-01
7.246093749999998863e+02 4.500594643678568763e-01
7.247314453124998863e+02 4.498993995469600660e-01
7.248535156249998863e+02 4.497395634762889616e-01
7.249755859374998863e+02 4.495794058804065130e-01
7.250976562499998863e+02 4.494194159769771546e-01
7.252197265624998863e+02 4.492595156630229125e-01
7.253417968749998863e+02 4.490993719768908154e-01
7.254638671874998863e+02 4.489394567910870992e-01
7.255859374999998863e+02 4.487794313439320559e-01
7.257080078124998863e+02 4.486193625685974684e-01
7.258300781249998863e+02 4.484595219005694799e-01
7.259521484374998863e+02 4.482993716311816645e-01
7.260742187499998863e+02 4.481393775668108814e-01
7.261962890624998863e+02 4.479794838467180962e-01
7.263183593749998863e+02 4.478193364360618101e-01
7.264404296874998863e+02 4.476594168828133546e-01
7.265624999999998863e+02 4.474993983762227678e-01
7.266845703124998863e+02 4.473393256698598996e-01
7.268066406249998863e+02 4.471794804278845237e-01
7.269287109374998863e+02 4.470193374457634983e-01
7.270507812499998863e+02 4.468593392438608425e-01
7.271728515624998863e+02 4.466994520784013933e-01
7.272949218749998863e+02 4.465393009666305812e-01
7.274169921874998863e+02 4.463793770693469942e-01
7.275390624999998863e+02 4.462193654640927432e-01
7.276611328124998863e+02 4.460592888501113129e-01
7.277832031249998863e+02 4.458994390575982680e-01
7.279052734374998863e+02 4.457393033235159119e-01
7.280273437499998863e+02 4.455793010074909910e-01
7.281494140624998863e+02 4.454194203574365907e-01
7.282714843749998863e+02 4.452592655679609712e-01
7.283935546874998863e+02 4.450993373500520822e-01
7.285156249999998863e+02 4.449393326069059906e-01
7.286376953124998863e+02 4.447792521087157724e-01
7.287597656249998863e+02 4.446193977890744997e-01
7.288818359374998863e+02 4.444592692638028586e-01
7.290039062499998863e+02 4.442992628570653357e-01
7.291259765624998863e+02 4.441393886831879190e-01
7.292480468749998863e+02 4.439792302394170997e-01
7.293701171874998863e+02 4.438192977242923498e-01
7.294921874999998863e+02 4.436592998040265190e-01
7.296142578124998863e+02 4.434992154450369539e-01
7.297363281249998863e+02 4.433393566216770609e-01
7.298583984374998863e+02 4.431792352659880696e-01
7.299804687499998863e+02 4.430192247919476078e-01
7.301025390624998863e+02 4.428593570550192204e-01
7.302246093749998863e+02 4.426991949803629200e-01
7.303466796874998863e+02 4.425392581914318058e-01
7.304687499999998863e+02 4.423792670548181705e-01
7.305908203124998863e+02 4.422191788584389771e-01
7.307128906249998863e+02 4.420593155547699604e-01
7.308349609374998863e+02 4.418992013294357202e-01
7.309570312499998863e+02 4.417391868115019271e-01
7.310791015624998863e+02 4.415793254722942818e-01
7.312011718749998863e+02 4.414191597901620523e-01
7.313232421874998863e+02 4.412592187508343478e-01
7.314453124999998863e+02 4.410992343586448983e-01
7.315673828124998863e+02 4.409461592729876922e-01
7.316894531249998863e+02 4.407971003277657562e-01
7.318115234374998863e+02 4.406557148643296951e-01
7.319335937499998863e+02 4.405144179821776085e-01
7.320556640624998863e+02 4.403732846985052851e-01
7.321777343749998863e+02 4.402318370705818329e-01
7.322998046874998863e+02 4.400906134771724876e-01
7.324218749999998863e+02 4.399493574763304604e-01
7.325439453124998863e+02 4.398079833077112033e-01
7.326660156249998863e+02 4.396668328265802561e-01
7.327880859374998863e+02 4.395254543831458860e-01
7.329101562499998863e+02 4.393841534973841889e-01
7.330322265624998863e+02 4.392430265868030870e-01
7.331542968749998863e+02 4.391015753406238287e-01
7.332763671874998863e+02 4.389603475612638972e-01
7.333984374999998863e+02 4.388190982396496520e-01
7.335205078124998863e+02 4.386777202704329470e-01
7.336425781249998863e+02 4.385365654210108821e-01
7.337646484374998863e+02 4.383951939629403549e-01
7.338867187499998863e+02 4.382538890942395127e-01
7.340087890624998863e+02 4.381127685221114509e-01
7.341308593749998863e+02 4.379713136783469629e-01
7.342529296874998863e+02 4.378300817337070772e-01
7.343749999999998863e+02 4.376888390566824882e-01
7.344970703124998863e+02 4.375474573075387452e-01
7.346191406249998863e+02 4.374062981104961945e-01
7.347412109374998863e+02 4.372649336031512735e-01
7.348632812499998863e+02 4.371236247721819734e-01
7.349853515624998863e+02 4.369825105038686042e-01
7.351074218749998863e+02 4.368410520831896293e-01
7.352294921874998863e+02 4.366998159939401991e-01
7.353515624999998863e+02 4.365585799268673073e-01
7.354736328124998863e+02 4.364171944184669916e-01
7.355957031249998863e+02 4.362760308944743648e-01
7.357177734374998863e+02 4.361346733032170353e-01
7.358398437499998863e+02 4.359933605306498539e-01
7.359619140624998863e+02 4.358522525315131624e-01
7.360839843749998863e+02 4.357107905545901660e-01
7.362060546874998863e+02 4.355695503414017677e-01
7.363281249999998863e+02 4.354283208496422808e-01
7.364501953124998863e+02 4.352869316026560798e-01
7.365722656249998863e+02 4.351457637723838423e-01
7.366943359374998863e+02 4.350044130625760896e-01
7.368164062499998863e+02 4.348630963690813256e-01
7.369384765624998863e+02 4.347219946044832417e-01
7.370605468749998863e+02 4.345805290919868558e-01
7.371826171874998863e+02 4.344392847755298992e-01
7.373046874999998863e+02 4.342980618244456914e-01
7.374267578124998863e+02 4.341566688595442369e-01
7.375488281249998863e+02 4.340154967436630207e-01
7.376708984374998863e+02 4.338741528806665526e-01
7.377929687499998863e+02 4.337328322869150043e-01
7.379150390624998863e+02 4.335917321951392456e-01
7.380371093749998863e+02 4.334502676948180921e-01
7.381591796874998863e+02 4.333090192957631537e-01
7.382812499999998863e+02 4.331678028507161549e-01
7.384033203124998863e+02 4.330264061885699123e-01
7.385253906249998863e+02 4.328852298077501826e-01
7.386474609374998863e+02 4.327438927569270399e-01
7.387695312499998863e+02 4.326025682835890618e-01
7.388916015624998863e+02 4.324614637445345910e-01
7.390136718749998863e+02 4.323200063625221023e-01
7.391357421874998863e+02 4.321787539015398139e-01
7.392578124999998863e+02 4.320375439278918983e-01
7.393798828124998863e+02 4.318961435891713885e-01
7.395019531249998863e+02 4.317549629640835551e-01
7.396240234374998863e+02 4.316136326907956677e-01
7.397460937499998863e+02 4.314723043585419471e-01
7.398681640624998863e+02 4.313311953928792852e-01
7.399902343749998863e+02 4.311897450945373911e-01
7.401123046874998863e+02 4.310484885922981624e-01
7.402343749999998863e+02 4.309072850554112044e-01
7.403564453124998863e+02 4.307658810607871147e-01
7.404785156249998863e+02 4.306246962121016431e-01
7.406005859374998863e+02 4.304833726817108297e-01
7.407226562499998863e+02 4.303420405112119429e-01
7.408447265624998863e+02 4.302009271396115553e-01
7.409667968749998863e+02 4.300594838903021855e-01
7.410888671874998863e+02 4.299182233674765374e-01
7.412109374999998863e+02 4.297770262327124113e-01
7.413330078124998863e+02 4.296356186028552626e-01
7.414550781249998863e+02 4.294944295512427290e-01
7.415771484374998863e+02 4.293531127291109750e-01
7.416992187499998863e+02 4.292117767410374429e-01
7.418212890624998863e+02 4.290706589841697949e-01
7.419433593749998863e+02 4.289292227492549348e-01
7.420654296874998863e+02 4.287879582265133882e-01
7.421874999999998863e+02 4.286467674592340238e-01
7.423095703124998863e+02 4.285053562148142814e-01
7.424316406249998863e+02 4.283641629809451512e-01
7.425537109374998863e+02 4.282228528324343864e-01
7.426757812499998863e+02 4.280815130474567298e-01
7.427978515624998863e+02 4.279403909259921757e-01
7.429199218749998863e+02 4.277989616708338660e-01
7.430419921874998863e+02 4.276576931688469974e-01
7.431640624999998863e+02 4.275165087344141024e-01
7.432861328124998863e+02 4.273750938961025092e-01
7.434082031249998863e+02 4.272338965006473033e-01
7.435302734374998863e+02 4.270925929911193464e-01
7.436523437499998863e+02 4.269512494299081418e-01
7.437744140624998863e+02 4.268101229645172578e-01
7.438964843749998863e+02 4.266687006544773730e-01
7.440185546874998863e+02 4.265274281939156475e-01
7.441406249999998863e+02 4.263862500576912629e-01
7.442626953124998863e+02 4.262448316461583397e-01
7.443847656249998863e+02 4.261036301097874679e-01
7.445068359374998863e+02 4.259623332046043043e-01
7.446289062499998863e+02 4.258209858878300724e-01
7.447509765624998863e+02 4.256798550991832686e-01
7.448730468749998863e+02 4.255384396996237939e-01
7.449951171874998863e+02 4.253971633011578435e-01
7.451171874999998863e+02 4.252559914285036213e-01
7.452392578124998863e+02 4.251145694644199446e-01
7.453613281249998863e+02 4.249733638078039277e-01
7.454833984374998863e+02 4.248320734723274872e-01
7.456054687499998863e+02 4.246907224206608600e-01
7.457275390624998863e+02 4.245495873294286016e-01
7.458496093749998863e+02 4.244081788057114113e-01
7.459716796874998863e+02 4.242668984900117013e-01
7.460937499999998863e+02 4.241257328462897380e-01
7.462158203124998863e+02 4.239843073503257731e-01
7.463378906249998863e+02 4.238430975941352985e-01
7.464599609374998863e+02 4.237018137937274553e-01
7.465820312499998863e+02 4.235604590278388426e-01
7.467041015624998863e+02 4.234193196546915949e-01
7.468261718749998863e+02 4.232779179721787299e-01
7.469482421874998863e+02 4.231366337599158367e-01
7.470703124999998863e+02 4.229954743104877846e-01
7.471923828124998863e+02 4.228540453033142743e-01
7.473144531249998863e+02 4.227128314682195853e-01
7.474365234374998863e+02 4.225715541682422138e-01
7.475585937499998863e+02 4.224301957088022474e-01
7.476806640624998863e+02 4.222890520744105314e-01
7.478027343749998863e+02 4.221476571984638659e-01
7.479248046874998863e+02 4.220063691103083103e-01
7.480468749999998863e+02 4.218652158205360991e-01
7.481689453124998863e+02 4.218414686029070548e-01
7.482910156249998863e+02 4.218327246769605909e-01
7.484130859374998863e+02 4.218327367925142068e-01
7.485351562499998863e+02 4.218326573762832266e-01
7.486572265624998863e+02 4.218327925405776502e-01
7.487792968749998863e+02 4.218326871757986374e-01
7.489013671874998863e+02 4.218326779939529092e-01
7.490234374999998863e+02 4.218328140754861177e-01
7.491455078124998863e+02 4.218326605475066216e-01
7.492675781249998863e+02 4.218327216000477553e-01
7.493896484374998863e+02 4.218327402012508887e-01
7.495117187499998863e+02 4.218326569076427113e-01
7.496337890624998863e+02 4.218327881945606039e-01
7.497558593749998863e+02 4.218326893154306090e-01
7.498779296874998863e+02 4.218326762562073506e-01
7.499999999999998863e+02 4.218328188233894105e-01
7.501220703124998863e+02 4.218326614180336609e-01
7.502441406249998863e+02 4.218327185931973755e-01
7.503662109374998863e+02 4.218327436800500263e-01
7.504882812499998863e+02 4.218326565090646518e-01
7.506103515624998863e+02 4.218327839186059580e-01
7.507324218749998863e+02 4.218326915251252029e-01
7.508544921874998863e+02 4.218326745885242479e-01
7.509765624999998863e+02 4.218328236413549925e-01
7.510986328124998863e+02 4.218326623586233226e-01
7.512207031249998863e+02 4.218327156564095626e-01
7.513427734374998863e+02 4.218327472289117308e-01
7.514648437499998863e+02 4.218326561805491037e-01
7.515869140624998863e+02 4.218327797127138790e-01
7.517089843749998863e+02 4.218326938048823638e-01
7.518310546874998863e+02 4.218326729909037121e-01
7.519531249999998863e+02 4.218328285293830859e-01
7.520751953124998863e+02 4.218326633692754402e-01
7.521972656249998863e+02 4.218327127896841500e-01
7.523193359374998863e+02 4.218327508478358912e-01
7.524414062499998863e+02 4.218326559220962335e-01
7.525634765624998863e+02 4.218327755768841447e-01
7.526855468749998863e+02 4.218326961547019249e-01
7.528076171874998863e+02 4.218326714633457430e-01
7.529296874999998863e+02 4.218328334874736907e-01
7.530517578124998863e+02 4.218326644499901801e-01
7.531738281249998863e+02 4.218327099930214152e-01
7.532958984374998863e+02 4.218327545368225628e-01
7.534179687499998863e+02 4.218326557337058746e-01
7.535400390624998863e+02 4.218327715111170328e-01
7.536621093749998863e+02 4.218326985745841085e-01
7.537841796874998863e+02 4.218326700058502299e-01
7.539062499999998863e+02 4.218328385156267513e-01
7.540283203124998863e+02 4.218326656007674869e-01
7.541503906249998863e+02 4.218327072664211363e-01
7.542724609374998863e+02 4.218327582958717459e-01
7.543945312499998863e+02 4.218326556153779716e-01
7.545166015624998863e+02 4.218327675154123213e-01
7.546386718749998863e+02 4.218327010645287478e-01
7.547607421874998863e+02 4.218326686184172836e-01
7.548828124999998863e+02 4.218328436138421567e-01
7.550048828124998863e+02 4.218326668216072495e-01
7.551269531249998863e+02 4.218327046098833688e-01
7.552490234374998863e+02 4.218327621249833848e-01
7.553710937499998863e+02 4.218326555671126910e-01
7.554931640624998863e+02 4.218327635897701766e-01
7.556152343749998863e+02 4.218327036245360095e-01
7.557373046874998863e+02 4.218326673010469596e-01
7.558593749999998863e+02 4.218328455580682146e-01
7.559814453124998863e+02 4.218326681125095790e-01
7.561035156249998863e+02 4.218327020234081126e-01
7.562255859374998863e+02 4.218327660241575350e-01
7.563476562499998863e+02 4.218326555889098661e-01
7.564697265624998863e+02 4.218327597341904878e-01
7.565917968749998863e+02 4.218327062546056716e-01
7.567138671874998863e+02 4.218326660537390360e-01
7.568359374999998863e+02 4.218328404333846482e-01
7.569580078124998863e+02 4.218326694734744753e-01
7.570800781249998863e+02 4.218326995069954233e-01
7.572021484374998863e+02 4.218327699933940855e-01
7.573242187499998863e+02 4.218326556807696637e-01
7.574462890624998863e+02 4.218327559486732548e-01
7.575683593749998863e+02 4.218327089547379005e-01
7.576904296874998863e+02 4.218326648764937348e-01
7.578124999999998863e+02 4.218328353787636487e-01
7.579345703124998863e+02 4.218326709045017719e-01
7.580566406249998863e+02 4.218326970606451343e-01
7.581787109374998863e+02 4.218327740326932029e-01
7.583007812499998863e+02 4.218326558426920281e-01
7.584228515624998863e+02 4.218327522332186441e-01
7.585449218749998863e+02 4.218327117249326408e-01
7.586669921874998863e+02 4.218326637693110559e-01
7.587890624999998863e+02 4.218328303942050495e-01
7.589111328124998863e+02 4.218326724055918020e-01
7.590332031249998863e+02 4.218326946843574121e-01
7.591552734374998863e+02 4.218327781420548317e-01
7.592773437499998863e+02 4.218326560746769593e-01
7.593994140624998863e+02 4.218327485878263228e-01
7.595214843749998863e+02 4.218327145651899479e-01
7.596435546874998863e+02 4.218326627321907774e-01
7.597656249999998863e+02 4.218328253474071254e-01
7.598876953124998863e+02 4.218326729201969383e-01
7.600097656249998863e+02 4.218326779872863530e-01
7.601318359374998863e+02 4.218327762927551738e-01
7.602539062499998863e+02 4.218326386387911686e-01
7.603759765624998863e+02 4.218327355151200719e-01
7.604980468749998863e+02 4.218327054179920599e-01
7.606201171874998863e+02 4.218326445281657677e-01
7.607421874999998863e+02 4.218328181686225586e-01
7.608642578124998863e+02 4.218326596689031538e-01
7.609863281249998863e+02 4.218326755432255104e-01
7.611083984374998863e+02 4.218327809373207393e-01
7.612304687499998863e+02 4.218326390454965602e-01
7.613525390624998863e+02 4.218327316839646790e-01
7.614746093749998863e+02 4.218327086754634636e-01
7.615966796874998863e+02 4.218326435477761094e-01
7.617187499999998863e+02 4.218328129503733370e-01
7.618408203124998863e+02 4.218326615392798407e-01
7.619628906249998863e+02 4.218326731757408576e-01
7.620849609374998863e+02 4.218327856584624391e-01
7.622070312499998863e+02 4.218326395287782526e-01
7.623291015624998863e+02 4.218327279293854759e-01
7.624511718749998863e+02 4.218327120095111682e-01
7.625732421874998863e+02 4.218326426439626964e-01
7.626953124999998863e+02 4.218328078087004163e-01
7.628173828124998863e+02 4.218326634862328839e-01
7.629394531249998863e+02 4.218326708848325612e-01
7.630615234374998863e+02 4.218327904561804398e-01
7.631835937499998863e+02 4.218326400886363570e-01
7.633056640624998863e+02 4.218327242513827402e-01
7.634277343749998863e+02 4.218327154201351181e-01
7.635498046874998863e+02 4.218326418167256953e-01
7.636718749999998863e+02 4.218328027436037408e-01
7.637939453124998863e+02 4.218326655097622280e-01
7.639160156249998863e+02 4.218326686705005102e-01
7.640380859374998863e+02 4.218327953304746858e-01
7.641601562499998863e+02 4.218326407250707621e-01
7.642822265624998863e+02 4.218327206499561388e-01
7.644042968749998863e+02 4.218327189073354244e-01
7.645263671874998863e+02 4.218326410660649395e-01
7.646484374999998863e+02 4.218327977550833108e-01
7.647705078124998863e+02 4.218326676098679284e-01
7.648925781249998863e+02 4.218326665327448155e-01
7.650146484374998863e+02 4.218328002813451771e-01
7.651367187499998863e+02 4.218326414380813572e-01
7.652587890624998863e+02 4.218327171251059493e-01
7.653808593749998863e+02 4.218327224711119761e-01
7.655029296874998863e+02 4.218326403919805401e-01
7.656249999999998863e+02 4.218327928431390705e-01
7.657470703124998863e+02 4.218326697865499297e-01
7.658691406249998863e+02 4.218326644715654217e-01
7.659912109374998863e+02 4.218328053087919138e-01
7.661132812499998863e+02 4.218326422276684751e-01
7.662353515624998863e+02 4.218327136768319496e-01
7.663574218749998863e+02 4.218327261114647175e-01
7.664794921874998863e+02 4.218326397944723860e-01
7.666015624999998863e+02 4.218327880077710201e-01
7.667236328124998863e+02 4.218326720398081764e-01
7.668457031249998863e+02 4.218326624869623842e-01
7.669677734374998863e+02 4.218328104128148404e-01
7.670898437499998863e+02 4.218326430938318383e-01
7.672119140624998863e+02 4.218327103051341953e-01
7.673339843749998863e+02 4.218327298283939264e-01
7.674560546874998863e+02 4.218326392735406993e-01
7.675781249999998863e+02 4.218327832489793816e-01
7.677001953124998863e+02 4.218326743696428904e-01
7.678222656249998863e+02 4.218326605789356476e-01
7.679443359374998863e+02 4.218328155934140122e-01
7.680664062499998863e+02 4.218326440365714469e-01
7.681884765624998863e+02 4.218327070100128529e-01
7.683105468749998863e+02 4.218327336218993251e-01
7.684326171874998863e+02 4.218326388291852580e-01
7.685546874999998863e+02 4.218327785667638774e-01
7.686767578124998863e+02 4.218326767760536833e-01
7.687988281249998863e+02 4.218326587474852118e-01
7.689208984374998863e+02 4.218328208505894295e-01
7.690429687499998863e+02 4.217610058978702448e-01
7.691650390624998863e+02 4.216764636500169861e-01
7.692871093749998863e+02 4.215751251611833950e-01
7.694091796874998863e+02 4.214736541317327667e-01
7.695312499999998863e+02 4.213724174084926277e-01
7.696533203124998863e+02 4.212709506555002981e-01
7.697753906249998863e+02 4.211695563720219138e-01
7.698974609374998863e+02 4.210683531298100024e-01
7.700195312499998863e+02 4.209668013207735204e-01
7.701416015624998863e+02 4.208654836448893488e-01
7.702636718749998863e+02 4.207641521632709547e-01
7.703857421874998863e+02 4.206626770955766981e-01
7.705078124999998863e+02 4.205614358888968285e-01
7.706298828124998863e+02 4.204599763831973203e-01
7.707519531249998863e+02 4.203585779184794702e-01
7.708740234374998863e+02 4.202573814162400279e-01
7.709960937499998863e+02 4.201558257281668984e-01
7.711181640624998863e+02 4.200545037280477012e-01
7.712402343749998863e+02 4.199531792264806218e-01
7.713623046874998863e+02 4.198517001367531032e-01
7.714843749999998863e+02 4.197504544628436474e-01
7.716064453124998863e+02 4.196490021772732448e-01
7.717285156249998863e+02 4.195475995475260178e-01
7.718505859374998863e+02 4.194464097580951623e-01
7.719726562499998863e+02 4.193448502071955297e-01
7.720947265624998863e+02 4.192435238990517288e-01
7.722167968749998863e+02 4.191422063503720818e-01
7.723388671874998863e+02 4.190407232548215011e-01
7.724609374999998863e+02 4.189394731298927144e-01
7.725830078124998863e+02 4.188380280372874243e-01
7.727050781249998863e+02 4.187366212587211867e-01
7.728271484374998863e+02 4.186354381549348136e-01
7.729492187499998863e+02 4.185338747574192109e-01
7.730712890624998863e+02 4.184325441574610061e-01
7.731933593749998863e+02 4.183312335345047428e-01
7.733154296874998863e+02 4.182297464493413552e-01
7.734374999999998863e+02 4.181284918896033820e-01
7.735595703124998863e+02 4.180270539627994886e-01
7.736816406249998863e+02 4.179256430516244958e-01
7.738037109374998863e+02 4.178244643937074621e-01
7.739257812499998863e+02 4.177228993783973499e-01
7.740478515624998863e+02 4.176215645028348300e-01
7.741699218749998863e+02 4.175202607784381792e-01
7.742919921874998863e+02 4.174187697198724067e-01
7.744140624999998863e+02 4.173175107415354468e-01
7.745361328124998863e+02 4.172160799533690123e-01
7.746582031249998863e+02 4.171146649257954087e-01
7.747802734374998863e+02 4.170134817062853272e-01
7.749023437499998863e+02 4.169119240696894102e-01
7.750244140624998863e+02 4.168105849347329972e-01
7.751464843749998863e+02 4.167092880817319656e-01
7.752685546874998863e+02 4.166077930659740081e-01
7.753906249999998863e+02 4.165065296852482613e-01
7.755126953124998863e+02 4.164051060085553480e-01
7.756347656249998863e+02 4.163036868807933888e-01
7.757568359374998863e+02 4.162024991159003484e-01
7.758789062499998863e+02 4.161009488308551330e-01
7.760009765624998863e+02 4.159996054527148601e-01
7.761230468749998863e+02 4.158983154439456209e-01
7.762451171874998863e+02 4.157968164872057337e-01
7.763671874999998863e+02 4.156955487203012889e-01
7.764892578124998863e+02 4.155941321279182921e-01
7.766113281249998863e+02 4.154927089161783993e-01
7.767333984374998863e+02 4.153915166221124333e-01
7.768554687499998863e+02 4.152899736614538706e-01
7.769775390624998863e+02 4.151886260563400488e-01
7.770996093749998863e+02 4.150873428646386643e-01
7.772216796874998863e+02 4.149858399831272138e-01
7.773437499999998863e+02 4.148845678462542153e-01
7.774658203124998863e+02 4.147831583110171416e-01
7.775878906249998863e+02 4.146817310315094596e-01
7.777099609374998863e+02 4.145805342244808789e-01
7.778320312499998863e+02 4.144789985610452532e-01
7.779541015624998863e+02 4.143776467451680268e-01
7.780761718749998863e+02 4.142763703433705591e-01
7.781982421874998863e+02 4.141748635532978562e-01
7.783203124999998863e+02 4.140735870626666704e-01
7.784423828124998863e+02 4.139721845574116377e-01
7.785644531249998863e+02 4.138707532263463662e-01
7.786865234374998863e+02 4.137695519225651486e-01
7.788085937499998863e+02 4.136680235291887442e-01
7.789306640624998863e+02 4.135666675187584795e-01
7.790527343749998863e+02 4.134653978797009355e-01
7.791748046874998863e+02 4.133638871972772355e-01
7.792968749999998863e+02 4.132626063690978957e-01
7.794189453124998863e+02 4.131612108666610772e-01
7.795410156249998863e+02 4.130597755002485827e-01
7.796630859374998863e+02 4.129585697159250945e-01
7.797851562499998863e+02 4.128570485654439737e-01
7.799072265624998863e+02 4.127556883766707041e-01
7.800292968749998863e+02 4.126544254731893679e-01
7.801513671874998863e+02 4.125529109146248707e-01
7.802734374999998863e+02 4.124516257651076323e-01
7.803955078124998863e+02 4.123502372383252568e-01
7.805175781249998863e+02 4.122487978527757391e-01
7.806396484374998863e+02 4.121475876041199027e-01
7.807617187499998863e+02 4.120460736693703496e-01
7.808837890624998863e+02 4.119447093184645525e-01
7.810058593749998863e+02 4.118434531233953200e-01
7.811279296874998863e+02 4.117419347049004474e-01
7.812499999999998863e+02 4.116406452502555657e-01
7.813720703124998863e+02 4.115392636719635289e-01
7.814941406249998863e+02 4.114378202834872988e-01
7.816162109374998863e+02 4.113366055867094806e-01
7.817382812499998863e+02 4.112350988405276131e-01
7.818603515624998863e+02 4.111337303436993218e-01
7.819824218749998863e+02 4.110324808298783106e-01
7.821044921874998863e+02 4.109309585676633181e-01
7.822265624999998863e+02 4.108296648241008264e-01
7.823486328124998863e+02 4.107282901671355235e-01
7.824707031249998863e+02 4.106268427919428921e-01
7.825927734374998863e+02 4.105256236632530142e-01
7.827148437499998863e+02 4.104241240784751166e-01
7.828369140624998863e+02 4.103227514519345864e-01
7.829589843749998863e+02 4.102215085921978588e-01
7.830810546874998863e+02 4.101199825024730572e-01
7.832031249999998863e+02 4.100186844862033220e-01
7.833251953124998863e+02 4.099173167234006487e-01
7.834472656249998863e+02 4.098158653777018157e-01
7.835693359374998863e+02 4.097146418333101336e-01
7.836914062499998863e+02 4.096131493827724346e-01
7.838134765624998863e+02 4.095117726427299210e-01
7.839355468749998863e+02 4.094105364099135946e-01
7.840576171874998863e+02 4.093090065088892948e-01
7.841796874999998863e+02 4.092077042361224604e-01
7.843017578124998863e+02 4.091063433403186456e-01
7.844238281249998863e+02 4.090048880403238662e-01
7.845458984374998863e+02 4.089036600964406354e-01
7.846679687499998863e+02 4.088021747529790861e-01
7.847900390624998863e+02 4.087007939156448999e-01
7.849121093749998863e+02 4.085995642825850926e-01
7.850341796874998863e+02 4.084980305864714389e-01
7.851562499999998863e+02 4.083967240734177051e-01
7.852783203124998863e+02 4.082953700174488110e-01
7.854003906249998863e+02 4.081939107793684518e-01
7.855224609374998863e+02 4.080926784522037609e-01
7.856445312499998863e+02 4.079912001886547013e-01
7.857666015624998863e+02 4.078898152702390978e-01
7.858886718749998863e+02 4.077885922097716498e-01
7.860107421874998863e+02 4.076870547347792306e-01
7.861328124999998863e+02 4.075857439976486862e-01
7.862548828124998863e+02 4.074843967543509415e-01
7.863769531249998863e+02 4.073829335943951468e-01
7.864990234374998863e+02 4.072816969001591958e-01
7.866210937499998863e+02 4.071802256893587990e-01
7.867431640624998863e+02 4.070788367060718671e-01
7.868652343749998863e+02 4.069776201910330071e-01
7.869873046874998863e+02 4.068760789533719113e-01
7.871093749999998863e+02 4.067747640083749783e-01
7.872314453124998863e+02 4.066734235505843342e-01
7.873535156249998863e+02 4.065719564849634704e-01
7.874755859374998863e+02 4.064707154398664035e-01
7.875976562499998863e+02 4.063692512546507873e-01
7.877197265624998863e+02 4.062678582227029489e-01
7.878417968749998863e+02 4.061666482259286282e-01
7.879638671874998863e+02 4.060651032418092776e-01
7.880859374999998863e+02 4.059637841051560447e-01
7.882080078124998863e+02 4.058624504057086746e-01
7.883300781249998863e+02 4.057609794506329970e-01
7.884521484374998863e+02 4.056597340708849586e-01
7.885742187499998863e+02 4.055582768840902963e-01
7.886962890624998863e+02 4.054568798196916957e-01
7.888183593749998863e+02 4.053556763140180319e-01
7.889404296874998863e+02 4.052541275996506820e-01
7.890624999999998863e+02 4.051528042875513491e-01
7.891845703124998863e+02 4.050514773192833706e-01
7.893066406249998863e+02 4.049500024909632456e-01
7.894287109374998863e+02 4.048487527927743801e-01
7.895507812499998863e+02 4.047473025772369004e-01
7.896728515624998863e+02 4.046459014965977929e-01
7.897949218749998863e+02 4.045447044548609039e-01
7.899169921874998863e+02 4.044431520264557545e-01
7.900390624999998863e+02 4.043418245551206325e-01
7.901611328124998863e+02 4.042405042908681634e-01
7.902832031249998863e+02 4.041390256055137353e-01
7.904052734374998863e+02 4.040377716050942425e-01
7.905273437499998863e+02 4.039363283336500632e-01
7.906494140624998863e+02 4.038349232529807042e-01
7.907714843749998863e+02 4.037337326480165967e-01
7.908935546874998863e+02 4.036321765217840696e-01
7.910156249999998863e+02 4.032398530375277401e-01
7.911376953124998863e+02 4.023967004893338473e-01
7.912597656249998863e+02 4.015167185105536496e-01
7.913818359374998863e+02 4.006274723752032974e-01
7.915039062499998863e+02 3.997380485856033006e-01
7.916259765624998863e+02 3.988486528738229842e-01
7.917480468749998863e+02 3.979594779879104260e-01
7.918701171874998863e+02 3.970699338939718825e-01
7.919921874999998863e+02 3.961806106048827991e-01
7.921142578124998863e+02 3.952913146330416794e-01
7.922363281249998863e+02 3.944018432452339185e-01
7.923583984374998863e+02 3.935125911648562624e-01
7.924804687499998863e+02 3.926231751059180985e-01
7.926025390624998863e+02 3.917337761004079932e-01
7.927246093749998863e+02 3.908445940149203324e-01
7.928466796874998863e+02 3.899550597579189981e-01
7.929687499999998863e+02 3.890657319205633735e-01
7.930908203124998863e+02 3.881764413348053888e-01
7.932128906249998863e+02 3.872869680500100054e-01
7.933349609374998863e+02 3.863977101668218950e-01
7.934570312499998863e+02 3.855083016002298635e-01
7.935791015624998863e+02 3.846188994432064856e-01
7.937011718749998863e+02 3.837297103003601828e-01
7.938232421874998863e+02 3.828401856419803018e-01
7.939453124999998863e+02 3.819508533985749299e-01
7.940673828124998863e+02 3.810615679605849349e-01
7.941894531249998863e+02 3.801720929210178346e-01
7.943115234374998863e+02 3.792828293772358972e-01
7.944335937499998863e+02 3.783934280646742976e-01
7.945556640624998863e+02 3.775040228983541635e-01
7.946777343749998863e+02 3.766148268403656796e-01
7.947998046874998863e+02 3.757253115422914957e-01
7.949218749999998863e+02 3.748359750350533370e-01
7.950439453124998863e+02 3.739466945065161307e-01
7.951660156249998863e+02 3.730572178543929973e-01
7.952880859374998863e+02 3.721679487922340268e-01
7.954101562499998863e+02 3.712785544953870476e-01
7.955322265624998863e+02 3.703891464619867291e-01
7.956542968749998863e+02 3.694999436310724694e-01
7.957763671874998863e+02 3.686104374549883378e-01
7.958984374999998863e+02 3.677210968261340196e-01
7.960205078124998863e+02 3.668318209687345677e-01
7.961425781249998863e+02 3.659423428462714178e-01
7.962646484374998863e+02 3.650530684079520416e-01
7.963867187499998863e+02 3.641636808885039822e-01
7.965087890624998863e+02 3.632742701302401067e-01
7.966308593749998863e+02 3.623850606686165876e-01
7.967529296874998863e+02 3.614955633762064746e-01
7.968749999999998863e+02 3.606062187679529574e-01
7.969970703124998863e+02 3.597169473433761144e-01
7.971191406249998863e+02 3.588274678927885208e-01
7.972412109374998863e+02 3.579381882205257548e-01
7.973632812499998863e+02 3.570488072401606927e-01
7.974853515624998863e+02 3.561593938992498320e-01
7.976074218749998863e+02 3.552701779491334033e-01
7.977294921874998863e+02 3.543806893020816640e-01
7.978515624999998863e+02 3.534913408566458526e-01
7.979736328124998863e+02 3.526020736265765843e-01
7.980957031249998863e+02 3.517125929900802306e-01
7.982177734374998863e+02 3.508233082260907021e-01
7.983398437499998863e+02 3.499339335464929923e-01
7.984619140624998863e+02 3.490445177651516073e-01
7.985839843749998863e+02 3.481552954687588408e-01
7.987060546874998863e+02 3.472658152287497746e-01
7.988281249999998863e+02 3.463764630883485185e-01
7.989501953124998863e+02 3.454871998144716239e-01
7.990722656249998863e+02 3.445977181342821383e-01
7.991943359374998863e+02 3.437084284207827523e-01
7.993164062499998863e+02 3.428190598036365833e-01
7.994384765624998863e+02 3.419296417240813568e-01
7.995605468749998863e+02 3.410404132236287689e-01
7.996826171874998863e+02 3.401509411523461202e-01
7.998046874999998863e+02 3.392615854591965463e-01
7.999267578124998863e+02 3.383723259031971020e-01
8.000488281249998863e+02 3.374828433215300572e-01
8.001708984374998863e+02 3.365935488007378296e-01
8.002929687499998863e+02 3.357041860077271678e-01
8.004150390624998863e+02 3.348147657721746162e-01
8.005371093749998863e+02 3.339255312098787232e-01
8.006591796874998863e+02 3.330360670690067915e-01
8.007812499999998863e+02 3.321467079653258048e-01
8.009033203124998863e+02 3.312574518888888320e-01
8.010253906249998863e+02 3.303679685479596895e-01
8.011474609374998863e+02 3.294786693620914697e-01
8.012695312499998863e+02 3.285893121549005036e-01
8.013916015624998863e+02 3.276998899055673098e-01
8.015136718749998863e+02 3.268106494236446280e-01
8.016357421874998863e+02 3.259211929748673797e-01
8.017578124999998863e+02 3.250318306028719406e-01
8.018798828124998863e+02 3.241425777676825160e-01
8.020019531249998863e+02 3.235082195323261134e-01
8.021240234374998863e+02 3.229733401019727057e-01
8.022460937499998863e+02 3.226013378061280967e-01
8.023681640624998863e+02 3.222292623927052180e-01
8.024902343749998863e+02 3.218573659746867266e-01
8.026123046874998863e+02 3.214852657821276050e-01
8.027343749999998863e+02 3.211132491259363619e-01
8.028564453124998863e+02 3.207413499345621033e-01
8.029785156249998863e+02 3.203692131674016896e-01
8.031005859374998863e+02 3.199972547606129702e-01
8.032226562499998863e+02 3.196252577633323377e-01
8.033447265624998863e+02 3.192531797365023571e-01
8.034667968749998863e+02 3.188812845009030283e-01
8.035888671874998863e+02 3.185092000524070155e-01
8.037109374999998863e+02 3.181371844175464592e-01
8.038330078124998863e+02 3.177652737650200621e-01
8.039550781249998863e+02 3.173931524872439236e-01
8.040771484374998863e+02 3.170211838113811686e-01
8.041992187499998863e+02 3.166491894650509398e-01
8.043212890624998863e+02 3.162771184559253212e-01
8.044433593749998863e+02 3.159051991863128239e-01
8.045654296874998863e+02 3.155331218285289951e-01
8.046874999999998863e+02 3.151611006495214085e-01
8.048095703124998863e+02 3.147891936393483192e-01
8.049316406249998863e+02 3.144170706607728460e-01
8.050537109374998863e+02 3.140450988733745064e-01
8.051757812499998863e+02 3.136731089301548758e-01
8.052978515624998863e+02 3.133010357671084378e-01
8.054199218749998863e+02 3.129291129328344856e-01
8.055419921874998863e+02 3.125570407389210992e-01
8.056640624999998863e+02 3.121850169528695984e-01
8.057861328124998863e+02 3.118131134989730602e-01
8.059082031249998863e+02 3.114409888709650520e-01
8.060302734374998863e+02 3.110690140233979828e-01
8.061523437499998863e+02 3.106970283972120828e-01
8.062744140624998863e+02 3.103249531316120136e-01
8.063964843749998863e+02 3.099530267840436282e-01
8.065185546874998863e+02 3.095809596679237607e-01
8.066406249999998863e+02 3.092089333261952011e-01
8.067626953124998863e+02 3.088370333424985126e-01
8.068847656249998863e+02 3.084649071164247691e-01
8.070068359374998863e+02 3.080929292600561031e-01
8.071289062499998863e+02 3.077209478648272323e-01
8.072509765624998863e+02 3.073488705480401095e-01
8.073730468749998863e+02 3.069769407385444793e-01
8.074951171874998863e+02 3.066048786141410409e-01
8.076171874999998863e+02 3.062328497681025552e-01
8.077392578124998863e+02 3.058609531685290706e-01
8.078613281249998863e+02 3.054888253957562250e-01
8.079833984374998863e+02 3.051168445819530950e-01
8.081054687499998863e+02 3.047448673316042189e-01
8.082275390624998863e+02 3.043727880149971199e-01
8.083496093749998863e+02 3.040008547949412665e-01
8.084716796874998863e+02 3.036287975761772784e-01
8.085937499999998863e+02 3.032567662771958883e-01
8.087158203124998863e+02 3.028848729756688507e-01
8.088378906249998863e+02 3.025127437075638137e-01
8.089599609374998863e+02 3.021407599876932415e-01
8.090820312499998863e+02 3.017687867961474923e-01
8.092041015624998863e+02 3.013967055310872722e-01
8.093261718749998863e+02 3.010247689518383285e-01
8.094482421874998863e+02 3.006527165526368672e-01
8.095703124999998863e+02 3.002806828520795390e-01
8.096923828124998863e+02 2.999087927625222472e-01
8.098144531249998863e+02 2.995366620504516519e-01
8.099365234374998863e+02 2.991646754758807703e-01
8.100585937499998863e+02 2.987927062570612247e-01
8.101806640624998863e+02 2.984206230949148497e-01
8.103027343749998863e+02 2.980486832078398374e-01
8.104248046874998863e+02 2.976766355421238686e-01
8.105468749999998863e+02 2.973045994913576240e-01
8.106689453124998863e+02 2.969327058533148267e-01
8.107910156249998863e+02 2.965605804230240783e-01
8.109130859374998863e+02 2.961885910451199089e-01
8.110351562499998863e+02 2.958166257129497545e-01
8.111572265624998863e+02 2.954445407050840799e-01
8.112792968749998863e+02 2.950725975615501318e-01
8.114013671874998863e+02 2.947005545432427320e-01
8.115234374999998863e+02 2.943285161936345373e-01
8.116455078124998863e+02 2.939566188460063234e-01
8.117675781249998863e+02 2.935844988238853204e-01
8.118896484374998863e+02 2.932125066940148850e-01
8.120117187499998863e+02 2.928405451624173095e-01
8.121337890624998863e+02 2.924684583601991905e-01
8.122558593749998863e+02 2.920965120115734392e-01
8.123779296874998863e+02 2.917244735545975187e-01
8.124999999999998863e+02 2.913524329575144511e-01
8.126220703124998863e+02 2.909805319516678423e-01
8.127441406249998863e+02 2.906084172516396613e-01
8.128662109374998863e+02 2.902364224211700927e-01
8.129882812499998863e+02 2.898644646040681727e-01
8.131103515624998863e+02 2.894923760588645201e-01
8.132324218749998863e+02 2.891204265565140985e-01
8.133544921874998863e+02 2.887483925747926228e-01
8.134765624999998863e+02 2.883763497816017041e-01
8.135986328124998863e+02 2.880044451689037777e-01
8.137207031249998863e+02 2.876323357048913287e-01
8.138427734374998863e+02 2.872603382251897597e-01
8.139648437499998863e+02 2.868883840365066829e-01
8.140869140624998863e+02 2.865162937996842962e-01
8.142089843749998863e+02 2.861443411949762261e-01
8.143310546874998863e+02 2.857723116024323273e-01
8.144531249999998863e+02 2.854002666645004682e-01
8.145751953124998863e+02 2.850283584963183570e-01
8.146972656249998863e+02 2.846562541822446057e-01
8.148193359374998863e+02 2.842842541046780025e-01
8.149414062499998863e+02 2.839123034583369565e-01
8.150634765624998863e+02 2.835402115812627466e-01
8.151855468749998863e+02 2.831719755007467976e-01
8.153076171874998863e+02 2.828142472146263908e-01
8.154296874999998863e+02 2.824580665093819332e-01
8.155517578124998863e+02 2.821028212879219121e-01
8.156738281249998863e+02 2.817473884602453293e-01
8.157958984374998863e+02 2.813920522645881883e-01
8.159179687499998863e+02 2.810367715378829234e-01
8.160400390624998863e+02 2.806813444729755469e-01
8.161621093749998863e+02 2.803260522697711976e-01
8.162841796874998863e+02 2.799706976361294175e-01
8.164062499999998863e+02 2.796153149685860484e-01
8.165283203124998863e+02 2.792600663390064630e-01
8.166503906249998863e+02 2.789046384501950304e-01
8.167724609374998863e+02 2.785492997611347943e-01
8.168945312499998863e+02 2.781940224377206228e-01
8.170166015624998863e+02 2.778385937941208472e-01
8.171386718749998863e+02 2.774832986646884603e-01
8.172607421874998863e+02 2.771279481610133266e-01
8.173828124999998863e+02 2.767725634819559466e-01
8.175048828124998863e+02 2.764173114933224373e-01
8.176269531249998863e+02 2.760618884611556467e-01
8.177490234374998863e+02 2.757065473277580669e-01
8.178710937499998863e+02 2.753512733254144806e-01
8.179931640624998863e+02 2.749958431521878910e-01
8.181152343749998863e+02 2.746405451455932734e-01
8.182373046874998863e+02 2.742851986896641669e-01
8.183593749999998863e+02 2.739298120481585275e-01
8.184814453124998863e+02 2.735745567495370123e-01
8.186035156249998863e+02 2.732191384917939669e-01
8.187255859374998863e+02 2.728637949631246840e-01
8.188476562499998863e+02 2.725085241996312857e-01
8.189697265624998863e+02 2.721530925458433003e-01
8.190917968749998863e+02 2.717977917111523145e-01
8.192138671874998863e+02 2.714424492207486717e-01
8.193359374999998863e+02 2.710870606658603577e-01
8.194580078124998863e+02 2.707318021063165880e-01
8.195800781249998863e+02 2.703763885407766687e-01
8.197021484374998863e+02 2.700210426659015450e-01
8.198242187499998863e+02 2.696657750590379377e-01
8.199462890624998863e+02 2.693103419737541415e-01
8.200683593749998863e+02 2.689550383600325389e-01
8.201904296874998863e+02 2.685996997529336849e-01
8.203124999999998863e+02 2.682443093337283369e-01
8.204345703124998863e+02 2.678890475623281198e-01
8.205566406249998863e+02 2.675336386067706518e-01
8.206787109374998863e+02 2.671782904347554388e-01
8.208007812499998863e+02 2.668230259023011697e-01
8.209228515624998863e+02 2.664675914345870367e-01
8.210449218749998863e+02 2.661122850909006798e-01
8.211669921874998863e+02 2.657569502848858845e-01
8.212890624999998863e+02 2.654015580504292537e-01
8.214111328124998863e+02 2.650462931162384517e-01
8.215332031249998863e+02 2.646908886884427048e-01
8.216552734374998863e+02 2.643355382683530985e-01
8.217773437499998863e+02 2.639802767280876594e-01
8.218994140624998863e+02 2.636248409270087745e-01
8.220214843749998863e+02 2.632695319024233593e-01
8.221435546874998863e+02 2.629142008152722809e-01
8.222656249999998863e+02 2.625588068146299525e-01
8.223876953124998863e+02 2.622035387667143169e-01
8.225097656249998863e+02 2.618481387844596719e-01
8.226318359374998863e+02 2.614927861653614238e-01
8.227539062499998863e+02 2.611375275350643066e-01
8.228759765624998863e+02 2.607820904496861436e-01
8.229980468749998863e+02 2.604267787932675882e-01
8.231201171874998863e+02 2.600714513427594965e-01
8.232421874999998863e+02 2.597160556249971664e-01
8.233642578124998863e+02 2.593607845124225042e-01
8.234863281249998863e+02 2.590053888934881754e-01
8.236083984374998863e+02 2.586500341244470924e-01
8.237304687499998863e+02 2.582947783218980664e-01
8.238525390624998863e+02 2.579393400012859883e-01
8.239746093749998863e+02 2.575840257621000995e-01
8.240966796874998863e+02 2.572287018660143199e-01
8.242187499999998863e+02 2.568733044801975729e-01
8.243408203124998863e+02 2.565180303520298022e-01
8.244628906249998863e+02 2.561626390141951148e-01
8.245849609374998863e+02 2.558072821442769484e-01
8.247070312499998863e+02 2.554520290872555610e-01
8.248291015624998863e+02 2.550965895804750971e-01
8.249511718749998863e+02 2.547412728075876265e-01
8.250732421874998863e+02 2.543859523837036507e-01
8.251953124999998863e+02 2.540305533788981829e-01
8.253173828124998863e+02 2.536752762842030551e-01
8.254394531249998863e+02 2.533198891452472790e-01
8.255615234374998863e+02 2.529645302235177806e-01
8.256835937499998863e+02 2.526092798298036346e-01
8.258056640624998863e+02 2.522538391859201479e-01
8.259277343749998863e+02 2.518985199283969023e-01
8.260498046874998863e+02 2.515432028944942777e-01
8.261718749999998863e+02 2.511878023197656185e-01
8.262939453124998863e+02 2.508325223076089960e-01
8.264160156249998863e+02 2.504771392853114009e-01
8.265380859374998863e+02 2.501217783608363221e-01
8.266601562499998863e+02 2.497665305482090758e-01
8.267822265624998863e+02 2.494110888162881234e-01
8.269042968749998863e+02 2.490557671231949932e-01
8.270263671874998863e+02 2.487004533970529341e-01
8.271484374999998863e+02 2.483450513014668071e-01
8.272705078124998863e+02 2.480018336429954118e-01
8.273925781249998863e+02 2.477086086370230422e-01
8.275146484374998863e+02 2.474237836353001263e-01
8.276367187499998863e+02 2.471447528371807645e-01
8.277587890624998863e+02 2.468655244044920261e-01
8.278808593749998863e+02 2.465864147376132243e-01
8.280029296874998863e+02 2.463073187557739963e-01
8.281249999999998863e+02 2.460281294749145087e-01
8.282470703124998863e+02 2.457490583127665551e-01
8.283691406249998863e+02 2.454698976592021298e-01
8.284912109374998863e+02 2.451907472011250200e-01
8.286132812499998863e+02 2.449117142147125559e-01
8.287353515624998863e+02 2.446324894013895968e-01
8.288574218749998863e+02 2.443533774370643674e-01
8.289794921874998863e+02 2.440742846960477497e-01
8.291015624999998863e+02 2.437950938362657138e-01
8.292236328124998863e+02 2.435160200366790761e-01
8.293457031249998863e+02 2.432368631947555426e-01
8.294677734374998863e+02 2.429577108177654876e-01
8.295898437499998863e+02 2.426786748539215000e-01
8.297119140624998863e+02 2.423994544230589632e-01
8.298339843749998863e+02 2.421203401998294757e-01
8.299560546874998863e+02 2.418412506350497426e-01
8.300781249999998863e+02 2.415620582348871059e-01
8.302001953124998863e+02 2.412829818364038981e-01
8.303222656249998863e+02 2.410038287415353087e-01
8.304443359374998863e+02 2.407246744841744501e-01
8.305664062499998863e+02 2.404456355814409974e-01
8.306884765624998863e+02 2.401664194684529352e-01
8.308105468749998863e+02 2.398873030248612481e-01
8.309326171874998863e+02 2.396082165717325352e-01
8.310546874999998863e+02 2.393290226697313006e-01
8.311767578124998863e+02 2.390499437108936642e-01
8.312988281249998863e+02 2.387707942984941267e-01
8.314208984374998863e+02 2.384916381993045231e-01
8.315429687499998863e+02 2.382125963962238024e-01
8.316650390624998863e+02 2.379333845365242672e-01
8.317871093749998863e+02 2.376542659111124389e-01
8.319091796874998863e+02 2.373751825050489928e-01
8.320312499999998863e+02 2.370959871397511076e-01
8.321533203124998863e+02 2.368169056591011845e-01
8.322753906249998863e+02 2.365377598645848067e-01
8.323974609374998863e+02 2.362586019621084332e-01
8.325195312499998863e+02 2.359795572972225586e-01
8.326416015624998863e+02 2.357003496262256581e-01
8.327636718749998863e+02 2.354212288575358580e-01
8.328857421874998863e+02 2.351421484339518142e-01
8.330078124999998863e+02 2.348629516438992537e-01
8.331298828124998863e+02 2.345838676799791300e-01
8.332519531249998863e+02 2.343047254387600753e-01
8.333740234374998863e+02 2.340255657715390181e-01
8.334960937499998863e+02 2.337465182833900201e-01
8.336181640624998863e+02 2.334673147365098900e-01
8.337402343749998863e+02 2.331881918630841766e-01
8.338623046874998863e+02 2.329091143573938094e-01
8.339843749999998863e+02 2.326299161811284655e-01
8.341064453124998863e+02 2.323508297724802274e-01
8.342285156249998863e+02 2.320716910199725758e-01
8.343505859374998863e+02 2.317925296265488933e-01
8.344726562499998863e+02 2.315134793536789970e-01
8.345947265624998863e+02 2.312342798663295784e-01
8.347167968749998863e+02 2.309551549267101211e-01
8.348388671874998863e+02 2.306760802743276773e-01
8.349609374999998863e+02 2.303968807503915250e-01
8.350830078124998863e+02 2.301177919355573420e-01
8.352050781249998863e+02 2.298386566071752013e-01
8.353271484374998863e+02 2.295594935260909242e-01
8.354492187499998863e+02 2.292804405070421603e-01
8.355712890624998863e+02 2.290012450146376444e-01
8.356933593749998863e+02 2.287221180473664739e-01
8.358154296874998863e+02 2.284430461837060888e-01
8.359374999999998863e+02 2.281638453506411035e-01
8.360595703124998863e+02 2.278847541681630617e-01
8.361816406249998863e+02 2.276056221993205675e-01
8.363037109374998863e+02 2.273264574691176987e-01
8.364257812499998863e+02 2.270474017424322644e-01
8.365478515624998863e+02 2.267682101803866479e-01
8.366699218749998863e+02 2.264890812240058782e-01
8.367919921874998863e+02 2.262100120844819373e-01
8.369140624999998863e+02 2.259308099808299553e-01
8.370361328124998863e+02 2.256517164692502797e-01
8.371582031249998863e+02 2.253725877953615397e-01
8.372802734374998863e+02 2.250934214545821099e-01
8.374023437499998863e+02 2.248143630588020914e-01
8.375244140624998863e+02 2.245351753625295099e-01
8.376464843749998863e+02 2.242560444555812271e-01
8.377685546874998863e+02 2.239769779756078105e-01
8.378906249999998863e+02 2.236977746399108347e-01
8.380126953124998863e+02 2.234186788377715560e-01
8.381347656249998863e+02 2.231395533942507337e-01
8.382568359374998863e+02 2.228603854814368013e-01
8.383789062499998863e+02 2.225813244551043957e-01
8.385009765624998863e+02 2.223021405600188183e-01
8.386230468749998863e+02 2.220230077410450809e-01
8.387451171874998863e+02 2.217439438560366294e-01
8.388671874999998863e+02 2.214647393268365239e-01
8.389892578124998863e+02 2.211856412726797561e-01
8.391113281249998863e+02 2.209065189949409869e-01
8.392333984374998863e+02 2.206273495486346103e-01
8.393554687499998863e+02 2.203482859302918206e-01
8.394775390624998863e+02 2.200691057718074106e-01
8.395996093749998863e+02 2.197899710793502770e-01
8.397216796874998863e+02 2.195109097247208985e-01
8.398437499999998863e+02 2.192317040405596384e-01
8.399658203124998863e+02 2.189526037729275787e-01
8.400878906249998863e+02 2.186734845963850538e-01
8.402099609374998863e+02 2.183943136551280972e-01
8.403320312499998863e+02 2.181152474833171484e-01
8.404541015624998863e+02 2.178360709968479580e-01
8.405761718749998863e+02 2.175569344694496254e-01
8.406982421874998863e+02 2.172778755806136497e-01
8.408203124999998863e+02 2.169986687800330161e-01
8.409423828124998863e+02 2.167195663374677783e-01
8.410644531249998863e+02 2.164404501975355499e-01
8.411865234374998863e+02 2.161612777998701274e-01
8.413085937499998863e+02 2.158822091131331611e-01
8.414306640624998863e+02 2.156030362340932149e-01
8.415527343749998863e+02 2.153238979102956863e-01
8.416748046874998863e+02 2.150448414226674432e-01
8.417968749999998863e+02 2.147656335442094111e-01
8.419189453124998863e+02 2.144865289652530815e-01
8.420410156249998863e+02 2.142074157973453408e-01
8.421630859374998863e+02 2.139282419818134551e-01
8.422851562499998863e+02 2.136491708186925853e-01
8.424072265624998863e+02 2.133700014824959357e-01
8.425292968749998863e+02 2.130908614008413804e-01
8.426513671874998863e+02 2.128118072498351165e-01
8.427734374999998863e+02 2.125325983320414946e-01
8.428955078124998863e+02 2.122534916552362427e-01
8.430175781249998863e+02 2.119743813947670974e-01
8.431396484374998863e+02 2.116952061999107237e-01
8.432617187499998863e+02 2.114161325989480644e-01
8.433837890624998863e+02 2.111369667410089024e-01
8.435058593749998863e+02 2.108578249400393234e-01
8.436279296874998863e+02 2.105787730610693131e-01
8.437499999999998863e+02 2.102995631424820211e-01
8.438720703124998863e+02 2.100204544063699330e-01
8.439941406249998863e+02 2.097413469887536019e-01
8.441162109374998863e+02 2.094621704531147710e-01
8.442382812499998863e+02 2.091830944528524916e-01
8.443603515624998863e+02 2.089039320085847862e-01
8.444824218749998863e+02 2.086247885268423530e-01
8.446044921874998863e+02 2.083457388553229261e-01
8.447265624999998863e+02 2.080665279744837726e-01
8.448486328124998863e+02 2.077975055849156372e-01
8.449707031249998863e+02 2.075443639763578652e-01
8.450927734374998863e+02 2.073064485904095033e-01
8.452148437499998863e+02 2.070726818383187562e-01
8.453369140624998863e+02 2.068388343402993990e-01
8.454589843749998863e+02 2.066050007741138117e-01
8.455810546874998863e+02 2.063712649455551884e-01
8.457031249999998863e+02 2.061373646342892496e-01
8.458251953124998863e+02 2.059035634940830639e-01
8.459472656249998863e+02 2.056697732366391529e-01
8.460693359374998863e+02 2.054359056178030329e-01
8.461914062499998863e+02 2.052021366279730419e-01
8.463134765624998863e+02 2.049682923705255788e-01
8.464355468749998863e+02 2.047344571684870662e-01
8.465576171874998863e+02 2.045007200534444680e-01
8.466796874999998863e+02 2.042668222248513465e-01
8.468017578124998863e+02 2.040330191639921631e-01
8.469238281249998863e+02 2.037992316148623528e-01
8.470458984374998863e+02 2.035653626772578051e-01
8.471679687499998863e+02 2.033315914819740777e-01
8.472900390624998863e+02 2.030977504109969523e-01
8.474121093749998863e+02 2.028639136053909109e-01
8.475341796874998863e+02 2.026301740000934215e-01
8.476562499999998863e+02 2.023962798361280124e-01
8.477783203124998863e+02 2.021624748869013111e-01
8.479003906249998863e+02 2.019286899919841560e-01
8.480224609374998863e+02 2.016948197678965493e-01
8.481445312499998863e+02 2.014610463994445932e-01
8.482666015624998863e+02 2.012272084608362488e-01
8.483886718749998863e+02 2.009933700839482140e-01
8.485107421874998863e+02 2.007596280206812578e-01
8.486328124999998863e+02 2.005257374672420323e-01
8.487548828124998863e+02 2.002919306619333484e-01
8.488769531249998863e+02 2.000581483671272920e-01
8.489990234374998863e+02 1.998242768888420506e-01
8.491210937499998863e+02 1.995905013795073735e-01
8.492431640624998863e+02 1.993566665191663090e-01
8.493652343749998863e+02 1.991228266032816219e-01
8.494873046874998863e+02 1.988890821143307341e-01
8.496093749999998863e+02 1.986551951173161357e-01
8.497314453124998863e+02 1.984213864882109213e-01
8.498535156249998863e+02 1.981876067394145458e-01
8.499755859374998863e+02 1.979532636129487655e-01
8.500976562499998863e+02 1.977171286495309765e-01
8.502197265624998863e+02 1.974754477120043150e-01
8.503417968749998863e+02 1.972277669871975447e-01
8.504638671874998863e+02 1.969764720618675524e-01
8.505859374999998863e+02 1.967163366600461760e-01
8.507080078124998863e+02 1.964521407502767270e-01
8.508300781249998863e+02 1.961829943385338670e-01
8.509521484374998863e+02 1.959060007976816953e-01
8.510742187499998863e+02 1.956254733876939822e-01
8.511962890624998863e+02 1.953382161789573856e-01
8.513183593749998863e+02 1.950450462520627037e-01
8.514404296874998863e+02 1.947483785660467925e-01
8.515624999999998863e+02 1.944432535142960050e-01
8.516845703124998863e+02 1.941341048016095305e-01
8.518066406249998863e+02 1.938202704745584370e-01
8.519287109374998863e+02 1.934987559925951395e-01
8.520507812499998863e+02 1.931738333672461949e-01
8.521728515624998863e+02 1.928425143551160958e-01
8.522949218749998863e+02 1.925053980268974785e-01
8.524169921874998863e+02 1.921649134913441526e-01
8.525390624999998863e+02 1.918163784203514854e-01
8.526611328124998863e+02 1.914638782651947313e-01
8.527832031249998863e+02 1.911069674502124116e-01
8.529052734374998863e+02 1.907425781660076203e-01
8.530273437499998863e+02 1.903749190487126763e-01
8.531494140624998863e+02 1.900012125987504685e-01
8.532714843749998863e+02 1.896218523802130074e-01
8.533935546874998863e+02 1.892392658588880061e-01
8.535156249999998863e+02 1.888490565409481903e-01
8.536376953124998863e+02 1.884549625822130592e-01
8.537597656249998863e+02 1.880567409452534866e-01
8.538818359374998863e+02 1.876512765616209499e-01
8.540039062499998863e+02 1.872426924504440593e-01
8.541259765624998863e+02 1.868284232771976472e-01
8.542480468749998863e+02 1.864086716825979484e-01
8.543701171874998863e+02 1.859858472403220220e-01
8.544921874999998863e+02 1.855558458217927420e-01
8.546142578124998863e+02 1.851220620730421318e-01
8.547363281249998863e+02 1.846844396454187243e-01
8.548583984374998863e+02 1.842398433766918586e-01
8.549804687499998863e+02 1.837922884501585752e-01
8.551025390624998863e+02 1.833394215369386071e-01
8.552246093749998863e+02 1.828812708461738656e-01
8.553466796874998863e+02 1.824202114706772182e-01
8.554687499999998863e+02 1.819524361927643274e-01
8.555908203124998863e+02 1.814810026259583708e-01
8.557128906249998863e+02 1.810060234294075532e-01
8.558349609374998863e+02 1.805243714507268615e-01
8.559570312499998863e+02 1.800399319794878661e-01
8.560791015624998863e+02 1.795505620166417127e-01
8.562011718749998863e+02 1.790561335578783331e-01
8.563232421874998863e+02 1.785589704060744076e-01
8.564453124999998863e+02 1.780555648645944233e-01
8.565673828124998863e+02 1.775486465327929808e-01
8.566894531249998863e+02 1.770384777537934440e-01
8.568115234374998863e+02 1.765219682040375937e-01
8.569335937499998863e+02 1.760028515204429822e-01
8.570556640624998863e+02 1.754791919137279332e-01
8.571777343749998863e+02 1.749507249187614855e-01
8.572998046874998863e+02 1.744197061400530324e-01
8.574218749999998863e+02 1.738829281363643287e-01
8.575439453124998863e+02 1.733428038884251843e-01
8.576660156249998863e+02 1.727997246542411769e-01
8.577880859374998863e+02 1.722506662460105420e-01
8.579101562499998863e+02 1.716991893251108015e-01
8.580322265624998863e+02 1.711435608271686670e-01
8.581542968749998863e+02 1.705834009133937734e-01
8.582763671874998863e+02 1.700208801039919670e-01
8.583984374999998863e+02 1.694530901405887635e-01
8.585205078124998863e+02 1.688821409821798236e-01
8.586425781249998863e+02 1.683085307923538054e-01
8.587646484374998863e+02 1.677293310836434348e-01
8.588867187499998863e+02 1.671479087903426364e-01
8.590087890624998863e+02 1.665627278094333197e-01
8.591308593749998863e+02 1.659733151434423515e-01
8.592529296874998863e+02 1.653817394867989621e-01
8.593749999999998863e+02 1.647853889621218038e-01
8.594970703124998863e+02 1.641860861184142317e-01
8.596191406249998863e+02 1.635844129864416630e-01
8.597412109374998863e+02 1.629775663696212684e-01
8.598632812499998863e+02 1.623686994276657969e-01
8.599853515624998863e+02 1.617564660687290379e-01
8.601074218749998863e+02 1.611403232674470110e-01
8.602294921874998863e+02 1.605222214167678352e-01
8.603515624999998863e+02 1.598998405745933882e-01
8.604736328124998863e+02 1.592747333108013585e-01
8.605957031249998863e+02 1.586475416714837605e-01
8.607177734374998863e+02 1.580156171359273776e-01
8.608398437499998863e+02 1.573818798751208670e-01
8.609619140624998863e+02 1.567451657688965494e-01
8.610839843749998863e+02 1.561048855947937963e-01
8.612060546874998863e+02 1.554628553542158897e-01
8.613281249999998863e+02 1.548170410435530941e-01
8.614501953124998863e+02 1.541687443000278601e-01
8.615722656249998863e+02 1.535186427385105967e-01
8.616943359374998863e+02 1.528642714636927469e-01
8.618164062499998863e+02 1.522082994021787816e-01
8.619384765624998863e+02 1.515497353785286438e-01
8.620605468749998863e+02 1.508879682858351168e-01
8.621826171874998863e+02 1.502246641472105848e-01
8.623046874999998863e+02 1.495580674489397355e-01
8.624267578124998863e+02 1.489140270510097008e-01
8.625488281249998863e+02 1.482861751566443009e-01
8.626708984374998863e+02 1.477386995698507233e-01
8.627929687499998863e+02 1.471905857973053178e-01
8.629150390624998863e+02 1.466394375603678746e-01
8.630371093749998863e+02 1.460843906300872408e-01
8.631591796874998863e+02 1.455274703020725813e-01
8.632812499999998863e+02 1.449666223781937713e-01
8.634033203124998863e+02 1.444029932804078153e-01
8.635253906249998863e+02 1.438375221344224408e-01
8.636474609374998863e+02 1.432673408965946804e-01
8.637695312499998863e+02 1.426954080775776068e-01
8.638916015624998863e+02 1.421207574432775400e-01
8.640136718749998863e+02 1.415425017652255368e-01
8.641357421874998863e+02 1.409625469234484230e-01
8.642578124999998863e+02 1.403790703361896264e-01
8.643798828124998863e+02 1.397930246093757323e-01
8.645019531249998863e+02 1.392053325564493182e-01
8.646240234374998863e+02 1.386133879182714634e-01
8.647460937499998863e+02 1.380198395181879978e-01
8.648681640624998863e+02 1.374238887387742025e-01
8.649902343749998863e+02 1.368246473837099741e-01
8.651123046874998863e+02 1.362238865287600242e-01
8.652343749999998863e+02 1.356200106981927667e-01
8.653564453124998863e+02 1.350137954969537479e-01
8.654785156249998863e+02 1.344061151064037674e-01
8.656005859374998863e+02 1.337946819911828567e-01
8.657226562499998863e+02 1.331817880702726997e-01
8.658447265624998863e+02 1.325668044689346237e-01
8.659667968749998863e+02 1.319488645266034266e-01
8.660888671874998863e+02 1.313295894379682416e-01
8.662109374999998863e+02 1.307076051880062262e-01
8.663330078124998863e+02 1.300835283509421680e-01
8.664550781249998863e+02 1.294581719275111065e-01
8.665771484374998863e+02 1.288295631716631640e-01
8.666992187499998863e+02 1.281996511173341402e-01
8.668212890624998863e+02 1.275679578811061421e-01
8.669433593749998863e+02 1.269336611446461316e-01
8.670654296874998863e+02 1.262982175520056538e-01
8.671874999999998863e+02 1.256604678382224616e-01
8.673095703124998863e+02 1.250208885152239435e-01
8.674316406249998863e+02 1.243802189184238238e-01
8.675537109374998863e+02 1.237367957359463977e-01
8.676757812499998863e+02 1.230922408378077731e-01
8.677978515624998863e+02 1.224462076592658932e-01
8.679199218749998863e+02 1.217979411629030034e-01
8.680419921874998863e+02 1.211487192737709939e-01
8.681640624999998863e+02 1.204975897750048680e-01
8.682861328124998863e+02 1.198449089215147534e-01
8.684082031249998863e+02 1.191913300507563972e-01
8.685302734374998863e+02 1.185354925807798193e-01
8.686523437499998863e+02 1.178787084863596180e-01
8.687744140624998863e+02 1.172207420916323295e-01
8.688964843749998863e+02 1.165609285397240791e-01
8.690185546874998863e+02 1.159003534615170306e-01
8.691406249999998863e+02 1.152382630728823326e-01
8.692626953124998863e+02 1.145749138492682812e-01
8.693847656249998863e+02 1.139108610371835639e-01
8.695068359374998863e+02 1.132450388080433329e-01
8.696289062499998863e+02 1.125784678973932446e-01
8.697509765624998863e+02 1.119110024982061385e-01
8.698730468749998863e+02 1.112420906238724000e-01
8.699951171874998863e+02 1.105726127186516250e-01
8.701171874999998863e+02 1.099020039837141915e-01
8.702392578124998863e+02 1.092304420980151208e-01
8.703613281249998863e+02 1.085583724502389019e-01
8.704833984374998863e+02 1.078850147978404339e-01
8.706054687499998863e+02 1.072111185152979929e-01
8.707275390624998863e+02 1.065366062228210176e-01
8.708496093749998863e+02 1.058610611144230468e-01
8.709716796874998863e+02 1.051851463245659507e-01
8.710937499999998863e+02 1.045084758444287387e-01
8.712158203124998863e+02 1.038311698767083041e-01
8.713378906249998863e+02 1.031535525963441918e-01
8.714599609374998863e+02 1.024751190745198520e-01
8.715820312499998863e+02 1.017963682558121891e-01
8.717041015624998863e+02 1.011172694939773548e-01
8.718261718749998863e+02 1.004375629275798543e-01
8.719482421874998863e+02 9.975768311049747206e-02
8.720703124999998863e+02 9.907741196738260869e-02
8.721923828124998863e+02 9.839683371374034759e-02
8.723144531249998863e+02 9.771614044854028125e-02
8.724365234374998863e+02 9.703509126887997771e-02
8.725585937499998863e+02 9.635395650151795666e-02
8.726806640624998863e+02 9.567273045722719804e-02
8.728027343749998863e+02 9.499133127289938194e-02
8.729248046874998863e+02 9.430995458262733666e-02
8.730468749999998863e+02 9.362853881523437727e-02
8.731689453124998863e+02 9.294715368919483078e-02
8.732910156249998863e+02 9.226584893913922225e-02
8.734130859374998863e+02 9.158463547741027555e-02
8.735351562499998863e+02 9.090357753193706314e-02
8.736572265624998863e+02 9.022267267918632205e-02
8.737792968749998863e+02 8.954203723857347141e-02
8.739013671874998863e+02 8.886161859162626520e-02
8.740234374999998863e+02 8.818149975909410354e-02
8.741455078124998863e+02 8.750175728761480642e-02
8.742675781249998863e+02 8.682228891008987592e-02
8.743896484374998863e+02 8.614334431585340957e-02
8.745117187499998863e+02 8.546480468498111882e-02
8.746337890624998863e+02 8.478664941938855726e-02
8.747558593749998863e+02 8.410921218141402533e-02
8.748779296874998863e+02 8.343218384370930385e-02
8.749999999999998863e+02 8.275577971441547276e-02
8.751220703124998863e+02 8.208010416513321361e-02
8.752441406249998863e+02 8.140489401426818927e-02
8.753662109374998863e+02 8.073062395964811233e-02
8.754882812499998863e+02 8.005701554164186551e-02
8.756103515624998863e+02 7.938400896119109096e-02
8.757324218749998863e+02 7.871217321203533013e-02
8.758544921874998863e+02 7.804093554297107660e-02
8.759765624999998863e+02 7.737063094366897209e-02
8.760986328124998863e+02 7.670141211923926783e-02
8.762207031249998863e+02 7.603284685519065556e-02
8.763427734374998863e+02 7.536562045796416087e-02
8.764648437499998863e+02 7.469931841981972132e-02
8.765869140624998863e+02 7.403382128681366969e-02
8.767089843749998863e+02 7.336995005946528314e-02
8.768310546874998863e+02 7.270686244836870038e-02
8.769531249999998863e+02 7.204500030829470714e-02
8.770751953124998863e+02 7.138458454277872567e-02
8.771972656249998863e+02 7.072500664583725172e-02
8.773193359374998863e+02 7.006714760109448992e-02
8.774414062499998863e+02 6.941048045610621886e-02
8.775634765624998863e+02 6.875480637437951514e-02
8.776855468749998863e+02 6.810121359206677827e-02
8.778076171874998863e+02 6.744858562123788592e-02
8.779296874999998863e+02 6.679745824482077876e-02
8.780517578124998863e+02 6.614813963604057601e-02
8.781738281249998863e+02 6.549983865939251748e-02
8.782958984374998863e+02 6.485361661296167035e-02
8.784179687499998863e+02 6.420885754619728991e-02
8.785400390624998863e+02 6.356526438655984990e-02
8.786621093749998863e+02 6.292420626325530286e-02
8.787841796874998863e+02 6.228428913070109540e-02
8.789062499999998863e+02 6.164612973138084567e-02
8.790283203124998863e+02 6.099161454585218939e-02
8.791503906249998863e+02 6.033127677977428299e-02
8.792724609374998863e+02 5.966658293030858290e-02
8.793945312499998863e+02 5.900422618582407130e-02
8.795166015624998863e+02 5.834364391776003522e-02
8.796386718749998863e+02 5.768706529692690238e-02
8.797607421874998863e+02 5.703221673307353606e-02
8.798828124999998863e+02 5.638001442849395473e-02
8.800048828124998863e+02 5.573114859110617214e-02
8.801269531249998863e+02 5.508405821801006658e-02
8.802490234374998863e+02 5.444054640038953341e-02
8.803710937499998863e+02 5.379963878390119775e-02
8.804931640624998863e+02 5.316062234511664125e-02
8.806152343749998863e+02 5.252603280793504553e-02
8.807373046874998863e+02 5.189332342767497691e-02
8.808593749999998863e+02 5.126344722643608187e-02
8.809814453124998863e+02 5.063724794520687439e-02
8.811035156249998863e+02 5.001297129834183369e-02
8.812255859374998863e+02 4.939252642008722105e-02
8.813476562499998863e+02 4.877494707734476159e-02
8.814697265624998863e+02 4.815935722801004820e-02
8.815917968749998863e+02 4.754860152024228959e-02
8.817138671874998863e+02 4.693986610447425240e-02
8.818359374999998863e+02 4.633412749808190484e-02
8.819580078124998863e+02 4.573239451919288573e-02
8.820800781249998863e+02 4.513272123821733539e-02
8.822021484374998863e+02 4.453710456864301559e-02
8.823242187499998863e+02 4.394460749338855582e-02
8.824462890624998863e+02 4.335420869092571072e-02
8.825683593749998863e+02 4.276897623738809551e-02
8.826904296874998863e+02 4.218592230229693818e-02
8.828124999999998863e+02 4.160600565818123320e-02
8.829345703124998863e+02 4.103040987376826293e-02
8.830566406249998863e+02 4.045700030020570742e-02
8.831787109374998863e+02 3.988784377711228346e-02
8.833007812499998863e+02 3.932205214057226533e-02
8.834228515624998863e+02 3.875848206107937455e-02
8.835449218749998863e+02 3.820032637713336593e-02
8.836669921874998863e+02 3.764452872864514771e-02
8.837890624999998863e+02 3.709198596727006358e-02
8.839111328124998863e+02 3.654406414603337400e-02
8.840332031249998863e+02 3.599844410484313167e-02
8.841552734374998863e+02 3.545724526231273238e-02
8.842773437499998863e+02 3.491964637257463644e-02
8.843994140624998863e+02 3.438438127331563260e-02
8.845214843749998863e+02 3.385474479399101094e-02
8.846435546874998863e+02 3.332764071782721993e-02
8.847656249999998863e+02 3.280388662028739521e-02
8.848876953124998863e+02 3.228503677788514825e-02
8.850097656249998863e+02 3.176859299997340097e-02
8.851318359374998863e+02 3.125671053235291180e-02
8.852539062499998863e+02 3.074865143856364905e-02
8.853759765624998863e+02 3.024302699265197722e-02
8.854980468749998863e+02 2.974321171690923193e-02
8.856201171874998863e+02 2.924609681812451872e-02
8.857421874999998863e+02 2.875240497759025057e-02
8.858642578124998863e+02 2.826388239988132309e-02
8.859863281249998863e+02 2.777785859838033389e-02
8.861083984374998863e+02 2.729650857265508712e-02
8.862304687499998863e+02 2.681919232604639686e-02
8.863525390624998863e+02 2.634439993673494754e-02
8.864746093749998863e+02 2.587556390226141215e-02
8.865966796874998863e+02 2.540958860520679818e-02
8.867187499999998863e+02 2.494708803267735309e-02
8.868408203124998863e+02 2.449000196192871112e-02
8.869628906249998863e+02 2.403549557211959176e-02
8.870849609374998863e+02 2.358574829796904193e-02
8.872070312499998863e+02 2.314023087875688445e-02
8.873291015624998863e+02 2.269731466020828703e-02
8.874511718749998863e+02 2.226046907880025252e-02
8.875732421874998863e+02 2.182663579548822091e-02
8.876953124999998863e+02 2.139630818739067172e-02
8.878173828124998863e+02 2.097161917859458047e-02
8.879394531249998863e+02 2.054957876837794004e-02
8.880615234374998863e+02 2.013235633227702243e-02
8.881835937499998863e+02 1.971954424850756726e-02
8.883056640624998863e+02 1.930939867887672065e-02
8.884277343749998863e+02 1.890540573759680321e-02
8.885498046874998863e+02 1.850456670946804341e-02
8.886718749999998863e+02 1.810724438170748310e-02
8.887939453124998863e+02 1.771576233317717977e-02
8.889160156249998863e+02 1.732698568801916902e-02
8.890380859374998863e+02 1.694306015481750541e-02
8.891601562499998863e+02 1.656370871625655397e-02
8.892822265624998863e+02 1.618707696594129039e-02
8.894042968749998863e+02 1.581664829631117264e-02
8.895263671874998863e+02 1.544950411142936679e-02
8.896484374999998863e+02 1.508586860156879879e-02
8.897705078124998863e+02 1.472825146101027112e-02
8.898925781249998863e+02 1.437338434432191940e-02
8.900146484374998863e+02 1.402337662681062136e-02
8.901367187499998863e+02 1.367808889400774081e-02
8.902587890624998863e+02 1.333556182895967272e-02
8.903808593749998863e+02 1.299925764353304647e-02
8.905029296874998863e+02 1.266635642827579344e-02
8.906249999999998863e+02 1.233693776461291212e-02
8.907470703124998863e+02 1.201369090891878794e-02
8.908691406249998863e+02 1.169322649587693601e-02
8.909912109374998863e+02 1.137760588995195138e-02
8.911132812499998863e+02 1.107049258116859190e-02
8.912353515624998863e+02 1.076792261219791831e-02
8.913574218749998863e+02 1.047322246645356232e-02
8.914794921874998863e+02 1.018170964305580711e-02
8.916015624999998863e+02 9.893321399504995117e-03
8.917236328124998863e+02 9.610674200746608178e-03
8.918457031249998863e+02 9.330588324008891668e-03
8.919677734374998863e+02 9.054896473829204817e-03
8.920898437499998863e+02 8.783749710864400748e-03
8.922119140624998863e+02 8.515180111695466042e-03
8.923339843749998863e+02 8.252293615995930434e-03
8.924560546874998863e+02 7.992731681492884141e-03
8.925781249999998863e+02 7.736291455072890136e-03
8.927001953124998863e+02 7.485781553126034937e-03
8.928222656249998863e+02 7.237883078408041855e-03
8.929443359374998863e+02 6.994395595356935232e-03
8.930664062499998863e+02 6.755609230213246129e-03
8.931884765624998863e+02 6.519447063194395292e-03
8.933105468749998863e+02 6.289000707257220990e-03
8.934326171874998863e+02 6.062005732733717102e-03
8.935546874999998863e+02 5.838114506561936645e-03
8.936767578124998863e+02 5.620321768219221047e-03
8.937988281249998863e+02 5.405180219778826095e-03
8.939208984374998863e+02 5.194446568677954686e-03
8.940429687499998863e+02 4.988553787127164400e-03
8.941650390624998863e+02 4.785321867718877152e-03
8.942871093749998863e+02 4.587813407826041648e-03
8.944091796874998863e+02 4.393871755877119291e-03
8.945312499999998863e+02 4.203001545449275636e-03
8.946533203124998863e+02 4.018375813283484206e-03
8.947753906249998863e+02 3.836430611482769849e-03
8.948974609374998863e+02 3.658870876518672578e-03
8.950195312499998863e+02 3.486274498330531064e-03
8.951416015624998863e+02 3.316365208706241897e-03
8.952636718749998863e+02 3.152162689322604225e-03
8.953857421874998863e+02 2.991630080778233825e-03
8.955078124999998863e+02 2.834123057018929966e-03
8.956298828124998863e+02 2.682983360329107159e-03
8.957519531249998863e+02 2.534543073996611134e-03
8.958740234374998863e+02 2.390447285977884140e-03
8.959960937499998863e+02 2.251419161450771318e-03
8.961181640624998863e+02 2.115093888420238166e-03
8.962402343749998863e+02 1.984435173519317509e-03
8.963623046874998863e+02 1.857536269404649323e-03
8.964843749999998863e+02 1.733604391248654919e-03
8.966064453124998863e+02 1.616138671923663230e-03
8.967285156249998863e+02 1.501380785498955669e-03
8.968505859374998863e+02 1.390908758059058396e-03
8.969726562499998863e+02 1.285589678804377467e-03
8.970947265624998863e+02 1.182978765807846284e-03
8.972167968749998863e+02 1.085971578238963901e-03
8.973388671874998863e+02 9.928000750651845997e-04
8.974609374999998863e+02 9.025252295075748875e-04
8.975830078124998863e+02 8.187905803408583897e-04
8.977050781249998863e+02 7.377617731698782452e-04
8.978271484374998863e+02 6.609434450612896791e-04
8.979492187499998863e+02 5.893435658493814417e-04
8.980712890624998863e+02 5.204467756690370683e-04
8.981933593749998863e+02 4.570692409230142292e-04
8.983154296874998863e+02 3.975884753912495751e-04
8.984374999999998863e+02 3.409231209728301980e-04
8.985595703124998863e+02 2.908465319634456650e-04
8.986816406249998863e+02 2.434634651049180632e-04
8.988037109374998863e+02 2.001997437775814611e-04
8.989257812499998863e+02 1.621995102523824165e-04
8.990478515624998863e+02 1.268869930966380372e-04
8.991699218749998863e+02 9.698868190223538881e-05
8.992919921874998863e+02 7.103273906163644130e-05
8.994140624999998863e+02 4.780104685087982979e-05
8.995361328124998863e+02 3.118065307018135792e-05
8.996582031249998863e+02 1.723125681557397942e-05
8.997802734374998863e+02 7.295356867411284455e-06
8.999023437499998863e+02 2.646930770808437507e-06
9.000244140624998863e+02 0.000000000000000000e+00
9.001464843749998863e+02 0.000000000000000000e+00
9.002685546874998863e+02 0.000000000000000000e+00
9.003906249999998863e+02 0.000000000000000000e+00
9.005126953124998863e+02 0.000000000000000000e+00
9.006347656249998863e+02 0.000000000000000000e+00
9.007568359374998863e+02 0.000000000000000000e+00
9.008789062499998863e+02 0.000000000000000000e+00
9.010009765624998863e+02 0.000000000000000000e+00
9.011230468749998863e+02 0.000000000000000000e+00
9.012451171874998863e+02 0.000000000000000000e+00
9.013671874999998863e+02 0.000000000000000000e+00
9.014892578124998863e+02 0.000000000000000000e+00
9.016113281249998863e+02 0.000000000000000000e+00
9.017333984374998863e+02 0.000000000000000000e+00
9.018554687499998863e+02 0.000000000000000000e+00
9.019775390624998863e+02 0.000000000000000000e+00
9.020996093749998863e+02 0.000000000000000000e+00
9.022216796874998863e+02 0.000000000000000000e+00
9.023437499999998863e+02 0.000000000000000000e+00
9.024658203124998863e+02 0.000000000000000000e+00
9.025878906249998863e+02 0.000000000000000000e+00
9.027099609374998863e+02 0.000000000000000000e+00
9.028320312499998863e+02 0.000000000000000000e+00
9.029541015624998863e+02 0.000000000000000000e+00
9.030761718749998863e+02 0.000000000000000000e+00
9.031982421874998863e+02 0.000000000000000000e+00
9.033203124999998863e+02 0.000000000000000000e+00
9.034423828124998863e+02 0.000000000000000000e+00
9.035644531249998863e+02 0.000000000000000000e+00
9.036865234374998863e+02 0.000000000000000000e+00
9.038085937499998863e+02 0.000000000000000000e+00
9.039306640624998863e+02 0.000000000000000000e+00
9.040527343749998863e+02 0.000000000000000000e+00
9.041748046874998863e+02 0.000000000000000000e+00
9.042968749999998863e+02 0.000000000000000000e+00
9.044189453124998863e+02 0.000000000000000000e+00
9.045410156249998863e+02 0.000000000000000000e+00
9.046630859374998863e+02 0.000000000000000000e+00
9.047851562499998863e+02 0.000000000000000000e+00
9.049072265624998863e+02 0.000000000000000000e+00
9.050292968749998863e+02 0.000000000000000000e+00
9.051513671874998863e+02 0.000000000000000000e+00
9.052734374999998863e+02 0.000000000000000000e+00
9.053955078124998863e+02 0.000000000000000000e+00
9.055175781249998863e+02 0.000000000000000000e+00
9.056396484374998863e+02 0.000000000000000000e+00
9.057617187499998863e+02 0.000000000000000000e+00
9.058837890624998863e+02 0.000000000000000000e+00
9.060058593749998863e+02 0.000000000000000000e+00
9.061279296874998863e+02 0.000000000000000000e+00
9.062499999999998863e+02 0.000000000000000000e+00
9.063720703124998863e+02 0.000000000000000000e+00
9.064941406249998863e+02 0.000000000000000000e+00
9.066162109374998863e+02 0.000000000000000000e+00
9.067382812499998863e+02 0.000000000000000000e+00
9.068603515624998863e+02 0.000000000000000000e+00
9.069824218749998863e+02 0.000000000000000000e+00
9.071044921874998863e+02 0.000000000000000000e+00
9.072265624999998863e+02 0.000000000000000000e+00
9.073486328124998863e+02 0.000000000000000000e+00
9.074707031249998863e+02 0.000000000000000000e+00
9.075927734374998863e+02 0.000000000000000000e+00
9.077148437499998863e+02 0.000000000000000000e+00
9.078369140624998863e+02 0.000000000000000000e+00
9.079589843749998863e+02 0.000000000000000000e+00
9.080810546874998863e+02 0.000000000000000000e+00
9.082031249999998863e+02 0.000000000000000000e+00
9.083251953124998863e+02 0.000000000000000000e+00
9.084472656249998863e+02 0.000000000000000000e+00
9.085693359374998863e+02 0.000000000000000000e+00
9.086914062499998863e+02 0.000000000000000000e+00
9.088134765624998863e+02 0.000000000000000000e+00
9.089355468749998863e+02 0.000000000000000000e+00
9.090576171874998863e+02 0.000000000000000000e+00
9.091796874999998863e+02 0.000000000000000000e+00
9.093017578124998863e+02 0.000000000000000000e+00
9.094238281249998863e+02 0.000000000000000000e+00
9.095458984374998863e+02 0.000000000000000000e+00
9.096679687499998863e+02 0.000000000000000000e+00
9.097900390624998863e+02 0.000000000000000000e+00
9.099121093749998863e+02 0.000000000000000000e+00
9.100341796874998863e+02 0.000000000000000000e+00
9.101562499999998863e+02 0.000000000000000000e+00
9.102783203124998863e+02 0.000000000000000000e+00
9.104003906249998863e+02 0.000000000000000000e+00
9.105224609374998863e+02 0.000000000000000000e+00
9.106445312499998863e+02 0.000000000000000000e+00
9.107666015624998863e+02 0.000000000000000000e+00
9.108886718749998863e+02 0.000000000000000000e+00
9.110107421874998863e+02 0.000000000000000000e+00
9.111328124999998863e+02 0.000000000000000000e+00
9.112548828124998863e+02 0.000000000000000000e+00
9.113769531249998863e+02 0.000000000000000000e+00
9.114990234374998863e+02 0.000000000000000000e+00
9.116210937499998863e+02 0.000000000000000000e+00
9.117431640624998863e+02 0.000000000000000000e+00
9.118652343749998863e+02 0.000000000000000000e+00
9.119873046874998863e+02 0.000000000000000000e+00
9.121093749999998863e+02 0.000000000000000000e+00
9.122314453124998863e+02 0.000000000000000000e+00
9.123535156249998863e+02 0.000000000000000000e+00
9.124755859374998863e+02 0.000000000000000000e+00
9.125976562499998863e+02 0.000000000000000000e+00
9.127197265624998863e+02 0.000000000000000000e+00
9.128417968749998863e+02 0.000000000000000000e+00
9.129638671874998863e+02 0.000000000000000000e+00
9.130859374999998863e+02 0.000000000000000000e+00
9.132080078124998863e+02 0.000000000000000000e+00
9.133300781249998863e+02 0.000000000000000000e+00
9.134521484374998863e+02 0.000000000000000000e+00
9.135742187499998863e+02 0.000000000000000000e+00
9.136962890624998863e+02 0.000000000000000000e+00
9.138183593749998863e+02 0.000000000000000000e+00
9.139404296874998863e+02 0.000000000000000000e+00
9.140624999999998863e+02 0.000000000000000000e+00
9.141845703124998863e+02 0.000000000000000000e+00
9.143066406249998863e+02 0.000000000000000000e+00
9.144287109374998863e+02 0.000000000000000000e+00
9.145507812499998863e+02 0.000000000000000000e+00
9.146728515624998863e+02 0.000000000000000000e+00
9.147949218749998863e+02 0.000000000000000000e+00
9.149169921874998863e+02 0.000000000000000000e+00
9.150390624999998863e+02 0.000000000000000000e+00
9.151611328124998863e+02 0.000000000000000000e+00
9.152832031249998863e+02 0.000000000000000000e+00
9.154052734374998863e+02 0.000000000000000000e+00
9.155273437499998863e+02 0.000000000000000000e+00
9.156494140624998863e+02 0.000000000000000000e+00
9.157714843749998863e+02 0.000000000000000000e+00
9.158935546874998863e+02 0.000000000000000000e+00
9.160156249999998863e+02 0.000000000000000000e+00
9.161376953124998863e+02 0.000000000000000000e+00
9.162597656249998863e+02 0.000000000000000000e+00
9.163818359374998863e+02 0.000000000000000000e+00
9.165039062499998863e+02 0.000000000000000000e+00
9.166259765624998863e+02 0.000000000000000000e+00
9.167480468749998863e+02 0.000000000000000000e+00
9.168701171874998863e+02 0.000000000000000000e+00
9.169921874999998863e+02 0.000000000000000000e+00
9.171142578124998863e+02 0.000000000000000000e+00
9.172363281249998863e+02 0.000000000000000000e+00
9.173583984374998863e+02 0.000000000000000000e+00
9.174804687499998863e+02 0.000000000000000000e+00
9.176025390624998863e+02 0.000000000000000000e+00
9.177246093749998863e+02 0.000000000000000000e+00
9.178466796874998863e+02 0.000000000000000000e+00
9.179687499999998863e+02 0.000000000000000000e+00
9.180908203124998863e+02 0.000000000000000000e+00
9.182128906249998863e+02 0.000000000000000000e+00
9.183349609374998863e+02 0.000000000000000000e+00
9.184570312499998863e+02 0.000000000000000000e+00
9.185791015624998863e+02 0.000000000000000000e+00
9.187011718749998863e+02 0.000000000000000000e+00
9.188232421874998863e+02 0.000000000000000000e+00
9.189453124999998863e+02 0.000000000000000000e+00
9.190673828124998863e+02 0.000000000000000000e+00
9.191894531249998863e+02 0.000000000000000000e+00
9.193115234374998863e+02 0.000000000000000000e+00
9.194335937499998863e+02 0.000000000000000000e+00
9.195556640624998863e+02 0.000000000000000000e+00
9.196777343749998863e+02 0.000000000000000000e+00
9.197998046874998863e+02 0.000000000000000000e+00
9.199218749999998863e+02 0.000000000000000000e+00
9.200439453124998863e+02 0.000000000000000000e+00
9.201660156249998863e+02 0.000000000000000000e+00
9.202880859374998863e+02 0.000000000000000000e+00
9.204101562499998863e+02 0.000000000000000000e+00
9.205322265624998863e+02 0.000000000000000000e+00
9.206542968749998863e+02 0.000000000000000000e+00
9.207763671874998863e+02 0.000000000000000000e+00
9.208984374999998863e+02 0.000000000000000000e+00
9.210205078124998863e+02 0.000000000000000000e+00
9.211425781249998863e+02 0.000000000000000000e+00
9.212646484374998863e+02 0.000000000000000000e+00
9.213867187499998863e+02 0.000000000000000000e+00
9.215087890624998863e+02 0.000000000000000000e+00
9.216308593749998863e+02 0.000000000000000000e+00
9.217529296874998863e+02 0.000000000000000000e+00
9.218749999999998863e+02 0.000000000000000000e+00
9.219970703124998863e+02 0.000000000000000000e+00
9.221191406249998863e+02 0.000000000000000000e+00
9.222412109374998863e+02 0.000000000000000000e+00
9.223632812499998863e+02 0.000000000000000000e+00
9.224853515624998863e+02 0.000000000000000000e+00
9.226074218749998863e+02 0.000000000000000000e+00
9.227294921874998863e+02 0.000000000000000000e+00
9.228515624999998863e+02 0.000000000000000000e+00
9.229736328124998863e+02 0.000000000000000000e+00
9.230957031249998863e+02 0.000000000000000000e+00
9.232177734374998863e+02 0.000000000000000000e+00
9.233398437499998863e+02 0.000000000000000000e+00
9.234619140624998863e+02 0.000000000000000000e+00
9.235839843749998863e+02 0.000000000000000000e+00
9.237060546874998863e+02 0.000000000000000000e+00
9.238281249999998863e+02 0.000000000000000000e+00
9.239501953124998863e+02 0.000000000000000000e+00
9.240722656249998863e+02 0.000000000000000000e+00
9.241943359374998863e+02 0.000000000000000000e+00
9.243164062499998863e+02 0.000000000000000000e+00
9.244384765624998863e+02 0.000000000000000000e+00
9.245605468749998863e+02 0.000000000000000000e+00
9.246826171874998863e+02 0.000000000000000000e+00
9.248046874999998863e+02 0.000000000000000000e+00
9.249267578124998863e+02 0.000000000000000000e+00
9.250488281249998863e+02 0.000000000000000000e+00
9.251708984374998863e+02 0.000000000000000000e+00
9.252929687499998863e+02 0.000000000000000000e+00
9.254150390624998863e+02 0.000000000000000000e+00
9.255371093749998863e+02 0.000000000000000000e+00
9.256591796874998863e+02 0.000000000000000000e+00
9.257812499999998863e+02 0.000000000000000000e+00
9.259033203124998863e+02 0.000000000000000000e+00
9.260253906249998863e+02 0.000000000000000000e+00
9.261474609374998863e+02 0.000000000000000000e+00
9.262695312499998863e+02 0.000000000000000000e+00
9.263916015624998863e+02 0.000000000000000000e+00
9.265136718749998863e+02 0.000000000000000000e+00
9.266357421874998863e+02 0.000000000000000000e+00
9.267578124999998863e+02 0.000000000000000000e+00
9.268798828124998863e+02 0.000000000000000000e+00
9.270019531249998863e+02 0.000000000000000000e+00
9.271240234374998863e+02 0.000000000000000000e+00
9.272460937499998863e+02 0.000000000000000000e+00
9.273681640624998863e+02 0.000000000000000000e+00
9.274902343749998863e+02 0.000000000000000000e+00
9.276123046874998863e+02 0.000000000000000000e+00
9.277343749999998863e+02 0.000000000000000000e+00
9.278564453124998863e+02 0.000000000000000000e+00
9.279785156249998863e+02 0.000000000000000000e+00
9.281005859374998863e+02 0.000000000000000000e+00
9.282226562499998863e+02 0.000000000000000000e+00
9.283447265624998863e+02 0.000000000000000000e+00
9.284667968749998863e+02 0.000000000000000000e+00
9.285888671874998863e+02 0.000000000000000000e+00
9.287109374999998863e+02 0.000000000000000000e+00
9.288330078124998863e+02 0.000000000000000000e+00
9.289550781249998863e+02 0.000000000000000000e+00
9.290771484374998863e+02 0.000000000000000000e+00
9.291992187499998863e+02 0.000000000000000000e+00
9.293212890624998863e+02 0.000000000000000000e+00
9.294433593749998863e+02 0.000000000000000000e+00
9.295654296874998863e+02 0.000000000000000000e+00
9.296874999999998863e+02 0.000000000000000000e+00
9.298095703124998863e+02 0.000000000000000000e+00
9.299316406249998863e+02 0.000000000000000000e+00
9.300537109374998863e+02 0.000000000000000000e+00
9.301757812499998863e+02 0.000000000000000000e+00
9.302978515624998863e+02 0.000000000000000000e+00
9.304199218749998863e+02 0.000000000000000000e+00
9.305419921874998863e+02 0.000000000000000000e+00
9.306640624999998863e+02 0.000000000000000000e+00
9.307861328124998863e+02 0.000000000000000000e+00
9.309082031249998863e+02 0.000000000000000000e+00
9.310302734374998863e+02 0.000000000000000000e+00
9.311523437499998863e+02 0.000000000000000000e+00
9.312744140624998863e+02 0.000000000000000000e+00
9.313964843749998863e+02 0.000000000000000000e+00
9.315185546874998863e+02 0.000000000000000000e+00
9.316406249999998863e+02 0.000000000000000000e+00
9.317626953124998863e+02 0.000000000000000000e+00
9.318847656249998863e+02 0.000000000000000000e+00
9.320068359374998863e+02 0.000000000000000000e+00
9.321289062499998863e+02 0.000000000000000000e+00
9.322509765624998863e+02 0.000000000000000000e+00
9.323730468749998863e+02 0.000000000000000000e+00
9.324951171874998863e+02 0.000000000000000000e+00
9.326171874999998863e+02 0.000000000000000000e+00
9.327392578124998863e+02 0.000000000000000000e+00
9.328613281249998863e+02 0.000000000000000000e+00
9.329833984374998863e+02 0.000000000000000000e+00
9.331054687499998863e+02 0.000000000000000000e+00
9.332275390624998863e+02 0.000000000000000000e+00
9.333496093749998863e+02 0.000000000000000000e+00
9.334716796874998863e+02 0.000000000000000000e+00
9.335937499999998863e+02 0.000000000000000000e+00
9.337158203124998863e+02 0.000000000000000000e+00
9.338378906249998863e+02 0.000000000000000000e+00
9.339599609374998863e+02 0.000000000000000000e+00
9.340820312499998863e+02 0.000000000000000000e+00
9.342041015624998863e+02 0.000000000000000000e+00
9.343261718749998863e+02 0.000000000000000000e+00
9.344482421874998863e+02 0.000000000000000000e+00
9.345703124999998863e+02 0.000000000000000000e+00
9.346923828124998863e+02 0.000000000000000000e+00
9.348144531249998863e+02 0.000000000000000000e+00
9.349365234374998863e+02 0.000000000000000000e+00
9.350585937499998863e+02 0.000000000000000000e+00
9.351806640624998863e+02 0.000000000000000000e+00
9.353027343749998863e+02 0.000000000000000000e+00
9.354248046874998863e+02 0.000000000000000000e+00
9.355468749999998863e+02 0.000000000000000000e+00
9.356689453124998863e+02 0.000000000000000000e+00
9.357910156249998863e+02 0.000000000000000000e+00
9.359130859374998863e+02 0.000000000000000000e+00
9.360351562499998863e+02 0.000000000000000000e+00
9.361572265624998863e+02 0.000000000000000000e+00
9.362792968749998863e+02 0.000000000000000000e+00
9.364013671874998863e+02 0.000000000000000000e+00
9.365234374999998863e+02 0.000000000000000000e+00
9.366455078124998863e+02 0.000000000000000000e+00
9.367675781249998863e+02 0.000000000000000000e+00
9.368896484374998863e+02 0.000000000000000000e+00
9.370117187499998863e+02 0.000000000000000000e+00
9.371337890624998863e+02 0.000000000000000000e+00
9.372558593749998863e+02 0.000000000000000000e+00
9.373779296874998863e+02 0.000000000000000000e+00
9.374999999999998863e+02 0.000000000000000000e+00
9.376220703124998863e+02 0.000000000000000000e+00
9.377441406249998863e+02 0.000000000000000000e+00
9.378662109374998863e+02 0.000000000000000000e+00
9.379882812499998863e+02 0.000000000000000000e+00
9.381103515624998863e+02 0.000000000000000000e+00
9.382324218749998863e+02 0.000000000000000000e+00
9.383544921874998863e+02 0.000000000000000000e+00
9.384765624999998863e+02 0.000000000000000000e+00
9.385986328124998863e+02 0.000000000000000000e+00
9.387207031249998863e+02 0.000000000000000000e+00
9.388427734374998863e+02 0.000000000000000000e+00
9.389648437499998863e+02 0.000000000000000000e+00
9.390869140624998863e+02 0.000000000000000000e+00
9.392089843749998863e+02 0.000000000000000000e+00
9.393310546874998863e+02 0.000000000000000000e+00
9.394531249999998863e+02 0.000000000000000000e+00
9.395751953124998863e+02 0.000000000000000000e+00
9.396972656249998863e+02 0.000000000000000000e+00
9.398193359374998863e+02 0.000000000000000000e+00
9.399414062499998863e+02 0.000000000000000000e+00
9.400634765624998863e+02 0.000000000000000000e+00
9.401855468749998863e+02 0.000000000000000000e+00
9.403076171874998863e+02 0.000000000000000000e+00
9.404296874999998863e+02 0.000000000000000000e+00
9.405517578124998863e+02 0.000000000000000000e+00
9.406738281249998863e+02 0.000000000000000000e+00
9.407958984374998863e+02 0.000000000000000000e+00
9.409179687499998863e+02 0.000000000000000000e+00
9.410400390624998863e+02 0.000000000000000000e+00
9.411621093749998863e+02 0.000000000000000000e+00
9.412841796874998863e+02 0.000000000000000000e+00
9.414062499999998863e+02 0.000000000000000000e+00
9.415283203124998863e+02 0.000000000000000000e+00
9.416503906249998863e+02 0.000000000000000000e+00
9.417724609374998863e+02 0.000000000000000000e+00
9.418945312499998863e+02 0.000000000000000000e+00
9.420166015624998863e+02 0.000000000000000000e+00
9.421386718749998863e+02 0.000000000000000000e+00
9.422607421874998863e+02 0.000000000000000000e+00
9.423828124999998863e+02 0.000000000000000000e+00
9.425048828124998863e+02 0.000000000000000000e+00
9.426269531249998863e+02 0.000000000000000000e+00
9.427490234374998863e+02 0.000000000000000000e+00
9.428710937499998863e+02 0.000000000000000000e+00
9.429931640624998863e+02 0.000000000000000000e+00
9.431152343749998863e+02 0.000000000000000000e+00
9.432373046874998863e+02 0.000000000000000000e+00
9.433593749999998863e+02 0.000000000000000000e+00
9.434814453124998863e+02 0.000000000000000000e+00
9.436035156249998863e+02 0.000000000000000000e+00
9.437255859374998863e+02 0.000000000000000000e+00
9.438476562499998863e+02 0.000000000000000000e+00
9.439697265624998863e+02 0.000000000000000000e+00
9.440917968749998863e+02 0.000000000000000000e+00
9.442138671874998863e+02 0.000000000000000000e+00
9.443359374999998863e+02 0.000000000000000000e+00
9.444580078124998863e+02 0.000000000000000000e+00
9.445800781249998863e+02 0.000000000000000000e+00
9.447021484374998863e+02 0.000000000000000000e+00
9.448242187499998863e+02 0.000000000000000000e+00
9.449462890624998863e+02 0.000000000000000000e+00
9.450683593749998863e+02 0.000000000000000000e+00
9.451904296874998863e+02 0.000000000000000000e+00
9.453124999999998863e+02 0.000000000000000000e+00
9.454345703124998863e+02 0.000000000000000000e+00
9.455566406249998863e+02 0.000000000000000000e+00
9.456787109374998863e+02 0.000000000000000000e+00
9.458007812499998863e+02 0.000000000000000000e+00
9.459228515624998863e+02 0.000000000000000000e+00
9.460449218749998863e+02 0.000000000000000000e+00
9.461669921874998863e+02 0.000000000000000000e+00
9.462890624999998863e+02 0.000000000000000000e+00
9.464111328124998863e+02 0.000000000000000000e+00
9.465332031249998863e+02 0.000000000000000000e+00
9.466552734374998863e+02 0.000000000000000000e+00
9.467773437499998863e+02 0.000000000000000000e+00
9.468994140624998863e+02 0.000000000000000000e+00
9.470214843749998863e+02 0.000000000000000000e+00
9.471435546874998863e+02 0.000000000000000000e+00
9.472656249999998863e+02 0.000000000000000000e+00
9.473876953124998863e+02 0.000000000000000000e+00
9.475097656249998863e+02 0.000000000000000000e+00
9.476318359374998863e+02 0.000000000000000000e+00
9.477539062499998863e+02 0.000000000000000000e+00
9.478759765624998863e+02 0.000000000000000000e+00
9.479980468749998863e+02 0.000000000000000000e+00
9.481201171874998863e+02 0.000000000000000000e+00
9.482421874999998863e+02 0.000000000000000000e+00
9.483642578124998863e+02 0.000000000000000000e+00
9.484863281249998863e+02 0.000000000000000000e+00
9.486083984374998863e+02 0.000000000000000000e+00
9.487304687499998863e+02 0.000000000000000000e+00
9.488525390624998863e+02 0.000000000000000000e+00
9.489746093749998863e+02 0.000000000000000000e+00
9.490966796874998863e+02 0.000000000000000000e+00
9.492187499999998863e+02 0.000000000000000000e+00
9.493408203124998863e+02 0.000000000000000000e+00
9.494628906249998863e+02 0.000000000000000000e+00
9.495849609374998863e+02 0.000000000000000000e+00
9.497070312499998863e+02 0.000000000000000000e+00
9.498291015624998863e+02 0.000000000000000000e+00
9.499511718749998863e+02 0.000000000000000000e+00
9.500732421874998863e+02 0.000000000000000000e+00
9.501953124999998863e+02 0.000000000000000000e+00
9.503173828124998863e+02 0.000000000000000000e+00
9.504394531249998863e+02 0.000000000000000000e+00
9.505615234374998863e+02 0.000000000000000000e+00
9.506835937499998863e+02 0.000000000000000000e+00
9.508056640624998863e+02 0.000000000000000000e+00
9.509277343749998863e+02 0.000000000000000000e+00
9.510498046874998863e+02 0.000000000000000000e+00
9.511718749999998863e+02 0.000000000000000000e+00
9.512939453124998863e+02 0.000000000000000000e+00
9.514160156249998863e+02 0.000000000000000000e+00
9.515380859374998863e+02 0.000000000000000000e+00
9.516601562499998863e+02 0.000000000000000000e+00
9.517822265624998863e+02 0.000000000000000000e+00
9.519042968749998863e+02 0.000000000000000000e+00
9.520263671874998863e+02 0.000000000000000000e+00
9.521484374999998863e+02 0.000000000000000000e+00
9.522705078124998863e+02 0.000000000000000000e+00
9.523925781249998863e+02 0.000000000000000000e+00
9.525146484374998863e+02 0.000000000000000000e+00
9.526367187499998863e+02 0.000000000000000000e+00
9.527587890624998863e+02 0.000000000000000000e+00
9.528808593749998863e+02 0.000000000000000000e+00
9.530029296874998863e+02 0.000000000000000000e+00
9.531249999999998863e+02 0.000000000000000000e+00
9.532470703124998863e+02 0.000000000000000000e+00
9.533691406249998863e+02 0.000000000000000000e+00
9.534912109374998863e+02 0.000000000000000000e+00
9.536132812499998863e+02 0.000000000000000000e+00
9.537353515624998863e+02 0.000000000000000000e+00
9.538574218749998863e+02 0.000000000000000000e+00
9.539794921874998863e+02 0.000000000000000000e+00
9.541015624999998863e+02 0.000000000000000000e+00
9.542236328124998863e+02 0.000000000000000000e+00
9.543457031249998863e+02 0.000000000000000000e+00
9.544677734374998863e+02 0.000000000000000000e+00
9.545898437499998863e+02 0.000000000000000000e+00
9.547119140624998863e+02 0.000000000000000000e+00
9.548339843749998863e+02 0.000000000000000000e+00
9.549560546874998863e+02 0.000000000000000000e+00
9.550781249999998863e+02 0.000000000000000000e+00
9.552001953124998863e+02 0.000000000000000000e+00
9.553222656249998863e+02 0.000000000000000000e+00
9.554443359374998863e+02 0.000000000000000000e+00
9.555664062499998863e+02 0.000000000000000000e+00
9.556884765624998863e+02 0.000000000000000000e+00
9.558105468749998863e+02 0.000000000000000000e+00
9.559326171874998863e+02 0.000000000000000000e+00
9.560546874999998863e+02 0.000000000000000000e+00
9.561767578124998863e+02 0.000000000000000000e+00
9.562988281249998863e+02 0.000000000000000000e+00
9.564208984374998863e+02 0.000000000000000000e+00
9.565429687499998863e+02 0.000000000000000000e+00
9.566650390624998863e+02 0.000000000000000000e+00
9.567871093749998863e+02 0.000000000000000000e+00
9.569091796874998863e+02 0.000000000000000000e+00
9.570312499999998863e+02 0.000000000000000000e+00
9.571533203124998863e+02 0.000000000000000000e+00
9.572753906249998863e+02 0.000000000000000000e+00
9.573974609374998863e+02 0.000000000000000000e+00
9.575195312499998863e+02 0.000000000000000000e+00
9.576416015624998863e+02 0.000000000000000000e+00
9.577636718749998863e+02 0.000000000000000000e+00
9.578857421874998863e+02 0.000000000000000000e+00
9.580078124999998863e+02 0.000000000000000000e+00
9.581298828124998863e+02 0.000000000000000000e+00
9.582519531249998863e+02 0.000000000000000000e+00
9.583740234374998863e+02 0.000000000000000000e+00
9.584960937499998863e+02 0.000000000000000000e+00
9.586181640624998863e+02 0.000000000000000000e+00
9.587402343749998863e+02 0.000000000000000000e+00
9.588623046874998863e+02 0.000000000000000000e+00
9.589843749999998863e+02 0.000000000000000000e+00
9.591064453124998863e+02 0.000000000000000000e+00
9.592285156249998863e+02 0.000000000000000000e+00
9.593505859374998863e+02 0.000000000000000000e+00
9.594726562499998863e+02 0.000000000000000000e+00
9.595947265624998863e+02 0.000000000000000000e+00
9.597167968749998863e+02 0.000000000000000000e+00
9.598388671874998863e+02 0.000000000000000000e+00
9.599609374999998863e+02 0.000000000000000000e+00
9.600830078124998863e+02 0.000000000000000000e+00
9.602050781249998863e+02 0.000000000000000000e+00
9.603271484374998863e+02 0.000000000000000000e+00
9.604492187499998863e+02 0.000000000000000000e+00
9.605712890624998863e+02 0.000000000000000000e+00
9.606933593749998863e+02 0.000000000000000000e+00
9.608154296874998863e+02 0.000000000000000000e+00
9.609374999999998863e+02 0.000000000000000000e+00
9.610595703124998863e+02 0.000000000000000000e+00
9.611816406249998863e+02 0.000000000000000000e+00
9.613037109374998863e+02 0.000000000000000000e+00
9.614257812499998863e+02 0.000000000000000000e+00
9.615478515624998863e+02 0.000000000000000000e+00
9.616699218749998863e+02 0.000000000000000000e+00
9.617919921874998863e+02 0.000000000000000000e+00
9.619140624999998863e+02 0.000000000000000000e+00
9.620361328124998863e+02 0.000000000000000000e+00
9.621582031249998863e+02 0.000000000000000000e+00
9.622802734374998863e+02 0.000000000000000000e+00
9.624023437499998863e+02 0.000000000000000000e+00
9.625244140624998863e+02 0.000000000000000000e+00
9.626464843749998863e+02 0.000000000000000000e+00
9.627685546874998863e+02 0.000000000000000000e+00
9.628906249999998863e+02 0.000000000000000000e+00
9.630126953124998863e+02 0.000000000000000000e+00
9.631347656249998863e+02 0.000000000000000000e+00
9.632568359374998863e+02 0.000000000000000000e+00
9.633789062499998863e+02 0.000000000000000000e+00
9.635009765624998863e+02 0.000000000000000000e+00
9.636230468749998863e+02 0.000000000000000000e+00
9.637451171874998863e+02 0.000000000000000000e+00
9.638671874999998863e+02 0.000000000000000000e+00
9.639892578124998863e+02 0.000000000000000000e+00
9.641113281249998863e+02 0.000000000000000000e+00
9.642333984374998863e+02 0.000000000000000000e+00
9.643554687499998863e+02 0.000000000000000000e+00
9.644775390624998863e+02 0.000000000000000000e+00
9.645996093749998863e+02 0.000000000000000000e+00
9.647216796874998863e+02 0.000000000000000000e+00
9.648437499999998863e+02 0.000000000000000000e+00
9.649658203124998863e+02 0.000000000000000000e+00
9.650878906249998863e+02 0.000000000000000000e+00
9.652099609374998863e+02 0.000000000000000000e+00
9.653320312499998863e+02 0.000000000000000000e+00
9.654541015624998863e+02 0.000000000000000000e+00
9.655761718749998863e+02 0.000000000000000000e+00
9.656982421874998863e+02 0.000000000000000000e+00
9.658203124999998863e+02 0.000000000000000000e+00
9.659423828124998863e+02 0.000000000000000000e+00
9.660644531249998863e+02 0.000000000000000000e+00
9.661865234374998863e+02 0.000000000000000000e+00
9.663085937499998863e+02 0.000000000000000000e+00
9.664306640624998863e+02 0.000000000000000000e+00
9.665527343749998863e+02 0.000000000000000000e+00
9.666748046874998863e+02 0.000000000000000000e+00
9.667968749999998863e+02 0.000000000000000000e+00
9.669189453124998863e+02 0.000000000000000000e+00
9.670410156249998863e+02 0.000000000000000000e+00
9.671630859374998863e+02 0.000000000000000000e+00
9.672851562499998863e+02 0.000000000000000000e+00
9.674072265624998863e+02 0.000000000000000000e+00
9.675292968749998863e+02 0.000000000000000000e+00
9.676513671874998863e+02 0.000000000000000000e+00
9.677734374999998863e+02 0.000000000000000000e+00
9.678955078124998863e+02 0.000000000000000000e+00
9.680175781249998863e+02 0.000000000000000000e+00
9.681396484374998863e+02 0.000000000000000000e+00
9.682617187499998863e+02 0.000000000000000000e+00
9.683837890624998863e+02 0.000000000000000000e+00
9.685058593749998863e+02 0.000000000000000000e+00
9.686279296874998863e+02 0.000000000000000000e+00
9.687499999999998863e+02 0.000000000000000000e+00
9.688720703124998863e+02 0.000000000000000000e+00
9.689941406249998863e+02 0.000000000000000000e+00
9.691162109374998863e+02 0.000000000000000000e+00
9.692382812499998863e+02 0.000000000000000000e+00
9.693603515624998863e+02 0.000000000000000000e+00
9.694824218749998863e+02 0.000000000000000000e+00
9.696044921874998863e+02 0.000000000000000000e+00
9.697265624999998863e+02 0.000000000000000000e+00
9.698486328124998863e+02 0.000000000000000000e+00
9.699707031249998863e+02 0.000000000000000000e+00
9.700927734374998863e+02 0.000000000000000000e+00
9.702148437499998863e+02 0.000000000000000000e+00
9.703369140624998863e+02 0.000000000000000000e+00
9.704589843749998863e+02 0.000000000000000000e+00
9.705810546874998863e+02 0.000000000000000000e+00
9.707031249999998863e+02 0.000000000000000000e+00
9.708251953124998863e+02 0.000000000000000000e+00
9.709472656249998863e+02 0.000000000000000000e+00
9.710693359374998863e+02 0.000000000000000000e+00
9.711914062499998863e+02 0.000000000000000000e+00
9.713134765624998863e+02 0.000000000000000000e+00
9.714355468749998863e+02 0.000000000000000000e+00
9.715576171874998863e+02 0.000000000000000000e+00
9.716796874999998863e+02 0.000000000000000000e+00
9.718017578124998863e+02 0.000000000000000000e+00
9.719238281249998863e+02 0.000000000000000000e+00
9.720458984374998863e+02 0.000000000000000000e+00
9.721679687499998863e+02 0.000000000000000000e+00
9.722900390624998863e+02 0.000000000000000000e+00
9.724121093749998863e+02 0.000000000000000000e+00
9.725341796874998863e+02 0.000000000000000000e+00
9.726562499999998863e+02 0.000000000000000000e+00
9.727783203124998863e+02 0.000000000000000000e+00
9.729003906249998863e+02 0.000000000000000000e+00
9.730224609374998863e+02 0.000000000000000000e+00
9.731445312499998863e+02 0.000000000000000000e+00
9.732666015624998863e+02 0.000000000000000000e+00
9.733886718749998863e+02 0.000000000000000000e+00
9.735107421874998863e+02 0.000000000000000000e+00
9.736328124999998863e+02 0.000000000000000000e+00
9.737548828124998863e+02 0.000000000000000000e+00
9.738769531249998863e+02 0.000000000000000000e+00
9.739990234374998863e+02 0.000000000000000000e+00
9.741210937499998863e+02 0.000000000000000000e+00
9.742431640624998863e+02 0.000000000000000000e+00
9.743652343749998863e+02 0.000000000000000000e+00
9.744873046874998863e+02 0.000000000000000000e+00
9.746093749999998863e+02 0.000000000000000000e+00
9.747314453124998863e+02 0.000000000000000000e+00
9.748535156249998863e+02 0.000000000000000000e+00
9.749755859374998863e+02 0.000000000000000000e+00
9.750976562499998863e+02 0.000000000000000000e+00
9.752197265624998863e+02 0.000000000000000000e+00
9.753417968749998863e+02 0.000000000000000000e+00
9.754638671874998863e+02 0.000000000000000000e+00
9.755859374999998863e+02 0.000000000000000000e+00
9.757080078124998863e+02 0.000000000000000000e+00
9.758300781249998863e+02 0.000000000000000000e+00
9.759521484374998863e+02 0.000000000000000000e+00
9.760742187499998863e+02 0.000000000000000000e+00
9.761962890624998863e+02 0.000000000000000000e+00
9.763183593749998863e+02 0.000000000000000000e+00
9.764404296874998863e+02 0.000000000000000000e+00
9.765624999999998863e+02 0.000000000000000000e+00
9.766845703124998863e+02 0.000000000000000000e+00
9.768066406249998863e+02 0.000000000000000000e+00
9.769287109374998863e+02 0.000000000000000000e+00
9.770507812499998863e+02 0.000000000000000000e+00
9.771728515624998863e+02 0.000000000000000000e+00
9.772949218749998863e+02 0.000000000000000000e+00
9.774169921874998863e+02 0.000000000000000000e+00
9.775390624999998863e+02 0.000000000000000000e+00
9.776611328124998863e+02 0.000000000000000000e+00
9.777832031249998863e+02 0.000000000000000000e+00
9.779052734374998863e+02 0.000000000000000000e+00
9.780273437499998863e+02 0.000000000000000000e+00
9.781494140624998863e+02 0.000000000000000000e+00
9.782714843749998863e+02 0.000000000000000000e+00
9.783935546874998863e+02 0.000000000000000000e+00
9.785156249999998863e+02 0.000000000000000000e+00
9.786376953124998863e+02 0.000000000000000000e+00
9.787597656249998863e+02 0.000000000000000000e+00
9.788818359374998863e+02 0.000000000000000000e+00
9.790039062499998863e+02 0.000000000000000000e+00
9.791259765624998863e+02 0.000000000000000000e+00
9.792480468749998863e+02 0.000000000000000000e+00
9.793701171874998863e+02 0.000000000000000000e+00
9.794921874999998863e+02 0.000000000000000000e+00
9.796142578124998863e+02 0.000000000000000000e+00
9.797363281249998863e+02 0.000000000000000000e+00
9.798583984374998863e+02 0.000000000000000000e+00
9.799804687499998863e+02 0.000000000000000000e+00
9.801025390624998863e+02 0.000000000000000000e+00
9.802246093749998863e+02 0.000000000000000000e+00
9.803466796874998863e+02 0.000000000000000000e+00
9.804687499999998863e+02 0.000000000000000000e+00
9.805908203124998863e+02 0.000000000000000000e+00
9.807128906249998863e+02 0.000000000000000000e+00
9.808349609374998863e+02 0.000000000000000000e+00
9.809570312499998863e+02 0.000000000000000000e+00
9.810791015624998863e+02 0.000000000000000000e+00
9.812011718749998863e+02 0.000000000000000000e+00
9.813232421874998863e+02 0.000000000000000000e+00
9.814453124999998863e+02 0.000000000000000000e+00
9.815673828124998863e+02 0.000000000000000000e+00
9.816894531249998863e+02 0.000000000000000000e+00
9.818115234374998863e+02 0.000000000000000000e+00
9.819335937499998863e+02 0.000000000000000000e+00
9.820556640624998863e+02 0.000000000000000000e+00
9.821777343749998863e+02 0.000000000000000000e+00
9.822998046874998863e+02 0.000000000000000000e+00
9.824218749999998863e+02 0.000000000000000000e+00
9.825439453124998863e+02 0.000000000000000000e+00
9.826660156249998863e+02 0.000000000000000000e+00
9.827880859374998863e+02 0.000000000000000000e+00
9.829101562499998863e+02 0.000000000000000000e+00
9.830322265624998863e+02 0.000000000000000000e+00
9.831542968749998863e+02 0.000000000000000000e+00
9.832763671874998863e+02 0.000000000000000000e+00
9.833984374999998863e+02 0.000000000000000000e+00
9.835205078124998863e+02 0.000000000000000000e+00
9.836425781249998863e+02 0.000000000000000000e+00
9.837646484374998863e+02 0.000000000000000000e+00
9.838867187499998863e+02 0.000000000000000000e+00
9.840087890624998863e+02 0.000000000000000000e+00
9.841308593749998863e+02 0.000000000000000000e+00
9.842529296874998863e+02 0.000000000000000000e+00
9.843749999999998863e+02 0.000000000000000000e+00
9.844970703124998863e+02 0.000000000000000000e+00
9.846191406249998863e+02 0.000000000000000000e+00
9.847412109374998863e+02 0.000000000000000000e+00
9.848632812499998863e+02 0.000000000000000000e+00
9.849853515624998863e+02 0.000000000000000000e+00
9.851074218749998863e+02 0.000000000000000000e+00
9.852294921874998863e+02 0.000000000000000000e+00
9.853515624999998863e+02 0.000000000000000000e+00
9.854736328124998863e+02 0.000000000000000000e+00
9.855957031249998863e+02 0.000000000000000000e+00
9.857177734374998863e+02 0.000000000000000000e+00
9.858398437499998863e+02 0.000000000000000000e+00
9.859619140624998863e+02 0.000000000000000000e+00
9.860839843749998863e+02 0.000000000000000000e+00
9.862060546874998863e+02 0.000000000000000000e+00
9.863281249999998863e+02 0.000000000000000000e+00
9.864501953124998863e+02 0.000000000000000000e+00
9.865722656249998863e+02 0.000000000000000000e+00
9.866943359374998863e+02 0.000000000000000000e+00
9.868164062499998863e+02 0.000000000000000000e+00
9.869384765624998863e+02 0.000000000000000000e+00
9.870605468749998863e+02 0.000000000000000000e+00
9.871826171874998863e+02 0.000000000000000000e+00
9.873046874999998863e+02 0.000000000000000000e+00
9.874267578124998863e+02 0.000000000000000000e+00
9.875488281249998863e+02 0.000000000000000000e+00
9.876708984374998863e+02 0.000000000000000000e+00
9.877929687499998863e+02 0.000000000000000000e+00
9.879150390624998863e+02 0.000000000000000000e+00
9.880371093749998863e+02 0.000000000000000000e+00
9.881591796874998863e+02 0.000000000000000000e+00
9.882812499999998863e+02 0.000000000000000000e+00
9.884033203124998863e+02 0.000000000000000000e+00
9.885253906249998863e+02 0.000000000000000000e+00
9.886474609374998863e+02 0.000000000000000000e+00
9.887695312499998863e+02 0.000000000000000000e+00
9.888916015624998863e+02 0.000000000000000000e+00
9.890136718749998863e+02 0.000000000000000000e+00
9.891357421874998863e+02 0.000000000000000000e+00
9.892578124999998863e+02 0.000000000000000000e+00
9.893798828124998863e+02 0.000000000000000000e+00
9.895019531249998863e+02 0.000000000000000000e+00
9.896240234374998863e+02 0.000000000000000000e+00
9.897460937499998863e+02 0.000000000000000000e+00
9.898681640624998863e+02 0.000000000000000000e+00
9.899902343749998863e+02 0.000000000000000000e+00
9.901123046874998863e+02 0.000000000000000000e+00
9.902343749999998863e+02 0.000000000000000000e+00
9.903564453124998863e+02 0.000000000000000000e+00
9.904785156249998863e+02 0.000000000000000000e+00
9.906005859374998863e+02 0.000000000000000000e+00
9.907226562499998863e+02 0.000000000000000000e+00
9.908447265624998863e+02 0.000000000000000000e+00
9.909667968749998863e+02 0.000000000000000000e+00
9.910888671874998863e+02 0.000000000000000000e+00
9.912109374999998863e+02 0.000000000000000000e+00
9.913330078124998863e+02 0.000000000000000000e+00
9.914550781249998863e+02 0.000000000000000000e+00
9.915771484374998863e+02 0.000000000000000000e+00
9.916992187499998863e+02 0.000000000000000000e+00
9.918212890624998863e+02 0.000000000000000000e+00
9.919433593749998863e+02 0.000000000000000000e+00
9.920654296874998863e+02 0.000000000000000000e+00
9.921874999999998863e+02 0.000000000000000000e+00
9.923095703124998863e+02 0.000000000000000000e+00
9.924316406249998863e+02 0.000000000000000000e+00
9.925537109374998863e+02 0.000000000000000000e+00
9.926757812499998863e+02 0.000000000000000000e+00
9.927978515624998863e+02 0.000000000000000000e+00
9.929199218749998863e+02 0.000000000000000000e+00
9.930419921874998863e+02 0.000000000000000000e+00
9.931640624999998863e+02 0.000000000000000000e+00
9.932861328124998863e+02 0.000000000000000000e+00
9.934082031249998863e+02 0.000000000000000000e+00
9.935302734374998863e+02 0.000000000000000000e+00
9.936523437499998863e+02 0.000000000000000000e+00
9.937744140624998863e+02 0.000000000000000000e+00
9.938964843749998863e+02 0.000000000000000000e+00
9.940185546874998863e+02 0.000000000000000000e+00
9.941406249999998863e+02 0.000000000000000000e+00
9.942626953124998863e+02 0.000000000000000000e+00
9.943847656249998863e+02 0.000000000000000000e+00
9.945068359374998863e+02 0.000000000000000000e+00
9.946289062499998863e+02 0.000000000000000000e+00
9.947509765624998863e+02 0.000000000000000000e+00
9.948730468749998863e+02 0.000000000000000000e+00
9.949951171874998863e+02 0.000000000000000000e+00
9.951171874999998863e+02 0.000000000000000000e+00
9.952392578124998863e+02 0.000000000000000000e+00
9.953613281249998863e+02 0.000000000000000000e+00
9.954833984374998863e+02 0.000000000000000000e+00
9.956054687499998863e+02 0.000000000000000000e+00
9.957275390624998863e+02 0.000000000000000000e+00
9.958496093749998863e+02 0.000000000000000000e+00
9.959716796874998863e+02 0.000000000000000000e+00
9.960937499999998863e+02 0.000000000000000000e+00
9.962158203124998863e+02 0.000000000000000000e+00
9.963378906249998863e+02 0.000000000000000000e+00
9.964599609374998863e+02 0.000000000000000000e+00
9.965820312499998863e+02 0.000000000000000000e+00
9.967041015624998863e+02 0.000000000000000000e+00
9.968261718749998863e+02 0.000000000000000000e+00
9.969482421874998863e+02 0.000000000000000000e+00
9.970703124999998863e+02 0.000000000000000000e+00
9.971923828124998863e+02 0.000000000000000000e+00
9.973144531249998863e+02 0.000000000000000000e+00
9.974365234374998863e+02 0.000000000000000000e+00
9.975585937499998863e+02 0.000000000000000000e+00
9.976806640624998863e+02 0.000000000000000000e+00
9.978027343749998863e+02 0.000000000000000000e+00
9.979248046874998863e+02 0.000000000000000000e+00
9.980468749999998863e+02 0.000000000000000000e+00
9.981689453124998863e+02 0.000000000000000000e+00
9.982910156249998863e+02 0.000000000000000000e+00
9.984130859374998863e+02 0.000000000000000000e+00
9.985351562499998863e+02 0.000000000000000000e+00
9.986572265624998863e+02 0.000000000000000000e+00
9.987792968749998863e+02 0.000000000000000000e+00
9.989013671874998863e+02 0.000000000000000000e+00
9.990234374999998863e+02 0.000000000000000000e+00
9.991455078124998863e+02 0.000000000000000000e+00
9.992675781249998863e+02 0.000000000000000000e+00
9.993896484374998863e+02 0.000000000000000000e+00
9.995117187499998863e+02 0.000000000000000000e+00
9.996337890624998863e+02 0.000000000000000000e+00
9.997558593749998863e+02 0.000000000000000000e+00
9.998779296874998863e+02 0.000000000000000000e+00
9.999999999999998863e+02 0.000000000000000000e+00
